query_key,status,bbl,bin,label,pelias_confidence,match_type,returned_number,returned_street,geocoded_at
Bronx|1009|NELSON AVENUE,ok,2025120004,2130524,"1009 NELSON AVENUE, Bronx, NY, USA",0.8,fallback,1009,NELSON AVENUE,2026-09-20T19:46:00+00:00
Bronx|1010|LINCOLN AVENUE,mismatch,,,"1010 LINCOLN PLACE, Brooklyn, NY, USA",,,1010,LINCOLN PLACE,2026-09-20T19:46:00+00:00
Bronx|1010|WASHINGTON AVENUE,ok,2023697503,2131299,"1010 WASHINGTON AVENUE, Bronx, NY, USA",0.8,fallback,1010,WASHINGTON AVENUE,2026-09-20T19:46:00+00:00
Bronx|1026|SOUTHERN BOULEVARD,ok,2027430006,2130444,"1026 SOUTHERN BOULEVARD, Bronx, NY, USA",0.8,fallback,1026,SOUTHERN BOULEVARD,2026-09-20T19:46:00+00:00
Bronx|1030|SOUTHERN BOULEVARD,ok,2027430006,2130444,"1030 SOUTHERN BOULEVARD, Bronx, NY, USA",0.8,fallback,1030,SOUTHERN BOULEVARD,2026-09-20T19:51:05+00:00
Bronx|1031|REVEREND JAMES A POLITE AVENUE,ok,2026910130,2005274,"1031 REVEREND JAMES A POLITE AVENUE, Bronx, NY, USA",1,exact,1031,REVEREND JAMES A POLITE AVENUE,2026-09-20T19:46:00+00:00
Bronx|1038|BOSTON ROAD,ok,2026220040,2004403,"1038 BOSTON ROAD, Bronx, NY, USA",0.8,fallback,1038,BOSTON ROAD,2026-09-20T19:46:00+00:00
Bronx|1046|CLAY AVENUE,ok,2024250005,2002052,"1046 CLAY AVENUE, Bronx, NY, USA",0.8,fallback,1046,CLAY AVENUE,2026-09-20T19:46:00+00:00
Bronx|1051|KELLY STREET,ok,2027050048,2005490,"1051 KELLY STREET, Bronx, NY, USA",0.8,fallback,1051,KELLY STREET,2026-09-20T19:46:00+00:00
Bronx|1052|GRANT AVENUE,ok,2024480006,2002534,"1052 GRANT AVENUE, Bronx, NY, USA",0.8,fallback,1052,GRANT AVENUE,2026-09-20T19:46:01+00:00
Bronx|1055|JEROME AVENUE,ok,2025040105,2003053,"1055 JEROME AVENUE, Bronx, NY, USA",0.8,fallback,1055,JEROME AVENUE,2026-09-20T19:46:01+00:00
Bronx|1058|UNIVERSITY AVENUE,ok,2025260040,2129665,"1058 UNIVERSITY AVENUE, Bronx, NY, USA",0.8,fallback,1058,UNIVERSITY AVENUE,2026-09-20T19:46:01+00:00
Bronx|1074|WASHINGTON AVENUE,ok,2023700016,2129119,"1074 WASHINGTON AVENUE, Bronx, NY, USA",0.8,fallback,1074,WASHINGTON AVENUE,2026-09-20T19:46:01+00:00
Bronx|108|EAST 157 STREET,ok,2024820030,2002971,"108 EAST 157 STREET, Bronx, NY, USA",0.8,fallback,108,EAST 157 STREET,2026-09-20T20:11:01+00:00
Bronx|1094|LONGFELLOW AVENUE,ok,2027570068,2006288,"1094 LONGFELLOW AVENUE, Bronx, NY, USA",0.8,fallback,1094,LONGFELLOW AVENUE,2026-09-20T19:46:01+00:00
Bronx|1097|LONGWOOD AVENUE,ok,2027310002,2005835,"1097 LONGWOOD AVENUE, Bronx, NY, USA",0.8,fallback,1097,LONGWOOD AVENUE,2026-09-20T19:46:01+00:00
Bronx|1115|JEROME AVENUE,ok,2025050084,2003072,"1115 JEROME AVENUE, Bronx, NY, USA",0.8,fallback,1115,JEROME AVENUE,2026-09-20T19:46:01+00:00
Bronx|1122|SOUTHERN BOULEVARD,ok,2027450002,2128906,"1122 SOUTHERN BOULEVARD, Bronx, NY, USA",0.8,fallback,1122,SOUTHERN BOULEVARD,2026-09-20T19:46:01+00:00
Bronx|1148|FTELEY AVENUE,ok,2037480099,2024140,"1148 FTELEY AVENUE, Bronx, NY, USA",0.8,fallback,1148,FTELEY AVENUE,2026-09-20T19:46:01+00:00
Bronx|115|EAST MOSHOLU PARKWAY NORTH,ok,2033260001,2017719,"115 EAST MOSHOLU PARKWAY NORTH, Bronx, NY, USA",0.8,fallback,115,EAST MOSHOLU PARKWAY NORTH,2026-09-20T19:46:01+00:00
Bronx|1163|STRATFORD AVENUE,ok,2037430057,2023993,"1163 STRATFORD AVENUE, Bronx, NY, USA",0.8,fallback,1163,STRATFORD AVENUE,2026-09-20T19:46:01+00:00
Bronx|116|WHEELER AVENUE,mismatch,,,"1320 WHEELER AVENUE, Bronx, NY, USA",,,1320,WHEELER AVENUE,2026-09-20T19:46:01+00:00
Bronx|1171|GRANT AVENUE,ok,2024520073,2002675,"1171 GRANT AVENUE, Bronx, NY, USA",0.8,fallback,1171,GRANT AVENUE,2026-09-20T19:46:01+00:00
Bronx|1179|FORREST AVENUE,mismatch,,,"1179 VINCENT AVENUE, Bronx, NY, USA",,,1179,VINCENT AVENUE,2026-09-20T19:46:01+00:00
Bronx|1185|WASHINGTON AVENUE,ok,2023890043,2130695,"1185 WASHINGTON AVENUE, Bronx, NY, USA",0.8,fallback,1185,WASHINGTON AVENUE,2026-09-20T19:46:02+00:00
Bronx|11|WEST 172 STREET,ok,2028590092,2008337,"11 WEST 172 STREET, Bronx, NY, USA",0.8,fallback,11,WEST 172 STREET,2026-09-20T19:46:01+00:00
Bronx|120|MORRIS AVENUE,mismatch,,,"2056 MORRIS AVENUE, Bronx, NY, USA",,,2056,MORRIS AVENUE,2026-09-20T19:46:02+00:00
Bronx|1215|PUTNAM AVENUE,mismatch,,,"1215 PUTNAM AVENUE, Brooklyn, NY, USA",,,1215,PUTNAM AVENUE,2026-09-20T19:46:02+00:00
Bronx|1235|GRAND CONCOURSE,ok,2024640023,2002849,"1235 GRAND CONCOURSE, Bronx, NY, USA",0.8,fallback,1235,GRAND CONCOURSE,2026-09-20T19:46:02+00:00
Bronx|123|FATHER ZEISER PLACE,ok,2032190219,2014826,"123 FATHER ZEISER PLACE, Bronx, NY, USA",0.8,fallback,123,FATHER ZEISER PLACE,2026-09-20T19:46:02+00:00
Bronx|123|WEST 188 STREET,ok,2032190219,2014826,"123 WEST 188 STREET, Bronx, NY, USA",0.8,fallback,123,WEST 188 STREET,2026-09-20T19:46:02+00:00
Bronx|1250|OAK POINT AVENUE,ok,2027710203,2006879,"1250 OAK POINT AVENUE, Bronx, NY, USA",0.8,fallback,1250,OAK POINT AVENUE,2026-09-20T19:46:02+00:00
Bronx|1256|TELLER AVENUE,ok,2024310012,2002168,"1256 TELLER AVENUE, Bronx, NY, USA",0.8,fallback,1256,TELLER AVENUE,2026-09-20T19:46:02+00:00
Bronx|1258|NOBLE AVENUE,ok,2037830013,2025544,"1258 NOBLE AVENUE, Bronx, NY, USA",0.8,fallback,1258,NOBLE AVENUE,2026-09-20T19:46:02+00:00
Bronx|1272|GRANT AVENUE,ok,2024500119,2103415,"1272 GRANT AVENUE, Bronx, NY, USA",0.8,fallback,1272,GRANT AVENUE,2026-09-20T19:46:02+00:00
Bronx|1285|EDWARD L GRANT HIGHWAY,ok,2025060100,2129283,"1285 EDWARD L GRANT HIGHWAY, Bronx, NY, USA",0.8,fallback,1285,EDWARD L GRANT HIGHWAY,2026-09-20T19:46:02+00:00
Bronx|1295|SPOFFORD AVENUE,ok,2027630162,2098657,"1295 SPOFFORD AVENUE, Bronx, NY, USA",0.8,fallback,1295,SPOFFORD AVENUE,2026-09-20T19:46:02+00:00
Bronx|130|MARCY PLACE,ok,2028400054,2092052,"130 MARCY PLACE, Bronx, NY, USA",0.8,fallback,130,MARCY PLACE,2026-09-20T19:46:02+00:00
Bronx|1315|FINDLAY AVENUE,ok,2027830070,2007211,"1315 FINDLAY AVENUE, Bronx, NY, USA",0.8,fallback,1315,FINDLAY AVENUE,2026-09-20T19:46:03+00:00
Bronx|1319|PLIMPTON AVENUE,ok,2025220036,2003372,"1319 PLIMPTON AVENUE, Bronx, NY, USA",0.8,fallback,1319,PLIMPTON AVENUE,2026-09-20T19:46:03+00:00
Bronx|1322|CHISHOLM STREET,ok,2029720020,2010419,"1322 CHISHOLM STREET, Bronx, NY, USA",0.8,fallback,1322,CHISHOLM STREET,2026-09-20T19:46:03+00:00
Bronx|1347|INTERVALE AVENUE,ok,2029650223,2087773,"1347 INTERVALE AVENUE, Bronx, NY, USA",0.8,fallback,1347,INTERVALE AVENUE,2026-09-20T19:46:03+00:00
Bronx|1360|UNIVERSITY AVENUE,ok,2025340001,2003554,"1360 UNIVERSITY AVENUE, Bronx, NY, USA",0.8,fallback,1360,UNIVERSITY AVENUE,2026-09-20T19:46:03+00:00
Bronx|138|BRUCKNER BOULEVARD,ok,2022600010,2129717,"138 BRUCKNER BOULEVARD, Bronx, NY, USA",0.8,fallback,138,BRUCKNER BOULEVARD,2026-09-20T19:46:03+00:00
Bronx|140|WEST FORDHAM ROAD,ok,2032250108,2130515,"140 WEST FORDHAM ROAD, Bronx, NY, USA",0.8,fallback,140,WEST FORDHAM ROAD,2026-09-20T19:46:03+00:00
Bronx|1419|BRYANT AVENUE,ok,2029940041,2010745,"1419 BRYANT AVENUE, Bronx, NY, USA",0.8,fallback,1419,BRYANT AVENUE,2026-09-20T19:46:03+00:00
Bronx|1429|PROSPECT AVENUE,ok,2029620030,2010197,"1429 PROSPECT AVENUE, Bronx, NY, USA",0.8,fallback,1429,PROSPECT AVENUE,2026-09-20T19:46:03+00:00
Bronx|1435|NELSON AVENUE,ok,2028740044,2008753,"1435 NELSON AVENUE, Bronx, NY, USA",0.8,fallback,1435,NELSON AVENUE,2026-09-20T19:46:03+00:00
Bronx|1448|BRYANT AVENUE,ok,2029990023,2010823,"1448 BRYANT AVENUE, Bronx, NY, USA",0.8,fallback,1448,BRYANT AVENUE,2026-09-20T19:46:03+00:00
Bronx|1460|COLLEGE AVENUE,ok,2027840040,2007255,"1460 COLLEGE AVENUE, Bronx, NY, USA",0.8,fallback,1460,COLLEGE AVENUE,2026-09-20T19:46:03+00:00
Bronx|1466|GRAND CONCOURSE,ok,2028320040,2007993,"1466 GRAND CONCOURSE, Bronx, NY, USA",0.8,fallback,1466,GRAND CONCOURSE,2026-09-20T19:46:03+00:00
Bronx|1472|BOSTON ROAD,ok,2029640042,2000000,"1472 BOSTON ROAD, Bronx, NY, USA",0.8,fallback,1472,BOSTON ROAD,2026-09-20T19:46:04+00:00
Bronx|1476|JESSUP AVENUE,mismatch,,,"1476 BRYANT AVENUE, Bronx, NY, USA",,,1476,BRYANT AVENUE,2026-09-20T19:46:04+00:00
Bronx|1500|UNIONPORT ROAD,ok,2039430001,2033973,"1500 UNIONPORT ROAD, Bronx, NY, USA",0.8,fallback,1500,UNIONPORT ROAD,2026-09-20T19:46:04+00:00
Bronx|1517|MORRIS AVENUE,ok,2028200055,2007839,"1517 MORRIS AVENUE, Bronx, NY, USA",0.8,fallback,1517,MORRIS AVENUE,2026-09-20T19:46:04+00:00
Bronx|1521|BRYANT AVENUE,ok,2029960045,2010793,"1521 BRYANT AVENUE, Bronx, NY, USA",0.8,fallback,1521,BRYANT AVENUE,2026-09-20T19:46:04+00:00
Bronx|1529|LURTING AVENUE,ok,2040680019,2044042,"1529 LURTING AVENUE, Bronx, NY, USA",0.8,fallback,1529,LURTING AVENUE,2026-09-20T19:46:04+00:00
Bronx|1550|JESSUP AVENUE,mismatch,,,"1550 BRYANT AVENUE, Bronx, NY, USA",,,1550,BRYANT AVENUE,2026-09-20T19:46:04+00:00
Bronx|1550|WHITE PLAINS ROAD,ok,2039370022,2114062,"1550 WHITE PLAINS ROAD, Bronx, NY, USA",0.8,fallback,1550,WHITE PLAINS ROAD,2026-09-20T19:46:04+00:00
Bronx|1565|TOWNSEND AVENUE,ok,2028460041,2008141,"1565 TOWNSEND AVENUE, Bronx, NY, USA",0.8,fallback,1565,TOWNSEND AVENUE,2026-09-20T19:46:04+00:00
Bronx|156|BRUCKNER BOULEVARD,ok,2025460011,2129202,"156 BRUCKNER BOULEVARD, Bronx, NY, USA",0.8,fallback,156,BRUCKNER BOULEVARD,2026-09-20T19:46:04+00:00
Bronx|157|WEST 179 STREET,ok,2032210034,2014868,"157 WEST 179 STREET, Bronx, NY, USA",0.8,fallback,157,WEST 179 STREET,2026-09-20T19:46:04+00:00
Bronx|1580|PELHAM PARKWAY,ok,2042220046,2093185,"1580 PELHAM PARKWAY, Bronx, NY, USA",0.8,fallback,1580,PELHAM PARKWAY,2026-09-20T19:46:04+00:00
Bronx|1600|GRAND AVENUE,ok,2028650160,2130750,"1600 GRAND AVENUE, Bronx, NY, USA",0.8,fallback,1600,GRAND AVENUE,2026-09-20T19:46:04+00:00
Bronx|1630|MACOMBS ROAD,ok,2028660004,2008447,"1630 MACOMBS ROAD, Bronx, NY, USA",0.8,fallback,1630,MACOMBS ROAD,2026-09-20T19:46:04+00:00
Bronx|1646|UNIVERSITY PLACE,mismatch,,,"1646 UNIVERSITY AVENUE, Bronx, NY, USA",,,1646,UNIVERSITY AVENUE,2026-09-20T19:46:05+00:00
Bronx|16|EAST 204 STREET,ok,2033210038,2129282,"16 EAST 204 STREET, Bronx, NY, USA",0.8,fallback,16,EAST 204 STREET,2026-09-20T19:46:04+00:00
Bronx|1701|UNIONPORT ROAD,ok,2040300031,2042970,"1701 UNIONPORT ROAD, Bronx, NY, USA",0.8,fallback,1701,UNIONPORT ROAD,2026-09-20T19:46:05+00:00
Bronx|1704|PITMAN AVENUE,ok,2050050005,2068443,"1704 PITMAN AVENUE, Bronx, NY, USA",0.8,fallback,1704,PITMAN AVENUE,2026-09-20T19:46:05+00:00
Bronx|1707|MONTGOMERY AVENUE,mismatch,,,"1671 MONTGOMERY AVENUE, Bronx, NY, USA",,,1671,MONTGOMERY AVENUE,2026-09-20T19:46:05+00:00
Bronx|1731|ZEREGA AVENUE,ok,2039910056,2042048,"1731 ZEREGA AVENUE, Bronx, NY, USA",0.8,fallback,1731,ZEREGA AVENUE,2026-09-20T19:46:05+00:00
Bronx|1746|ANDREWS AVENUE,ok,2028780183,2129342,"1746 ANDREWS AVENUE, Bronx, NY, USA",0.8,fallback,1746,ANDREWS AVENUE,2026-09-20T19:46:05+00:00
Bronx|1750|TOPPING AVENUE,ok,2027990011,2007486,"1750 TOPPING AVENUE, Bronx, NY, USA",0.8,fallback,1750,TOPPING AVENUE,2026-09-20T19:46:05+00:00
Bronx|1760|BOONE AVENUE,ok,2030150050,2130917,"1760 BOONE AVENUE, Bronx, NY, USA",0.8,fallback,1760,BOONE AVENUE,2026-09-20T19:46:05+00:00
Bronx|1761|WALTON AVENUE,ok,2028507501,2120490,"1761 WALTON AVENUE, Bronx, NY, USA",0.8,fallback,1761,WALTON AVENUE,2026-09-20T19:46:05+00:00
Bronx|1764|UNIVERSITY AVENUE,ok,2028760122,2008837,"1764 UNIVERSITY AVENUE, Bronx, NY, USA",0.8,fallback,1764,UNIVERSITY AVENUE,2026-09-20T19:46:05+00:00
Bronx|1765|WATSON AVENUE,ok,2037520007,2024219,"1765 WATSON AVENUE, Bronx, NY, USA",0.8,fallback,1765,WATSON AVENUE,2026-09-20T19:46:05+00:00
Bronx|1769|UNDERCLIFF AVENUE,ok,2028800203,2009203,"1769 UNDERCLIFF AVENUE, Bronx, NY, USA",0.8,fallback,1769,UNDERCLIFF AVENUE,2026-09-20T19:46:05+00:00
Bronx|176|WEST BURNSIDE AVENUE,ok,2028790184,2009112,"176 WEST BURNSIDE AVENUE, Bronx, NY, USA",0.8,fallback,176,WEST BURNSIDE AVENUE,2026-09-20T19:46:05+00:00
Bronx|1775|DAVIDSON AVENUE,ok,2028670151,2008519,"1775 DAVIDSON AVENUE, Bronx, NY, USA",0.8,fallback,1775,DAVIDSON AVENUE,2026-09-20T19:46:05+00:00
Bronx|1779|MONROE AVENUE,ok,2027970037,2007449,"1779 MONROE AVENUE, Bronx, NY, USA",0.8,fallback,1779,MONROE AVENUE,2026-09-20T19:46:05+00:00
Bronx|181|WEBSTER AVENUE,mismatch,,,"181 WEBSTER AVENUE, Brooklyn, NY, USA",,,181,WEBSTER AVENUE,2026-09-20T19:46:06+00:00
Bronx|1821|PROSPECT AVENUE,ok,2029490072,2092145,"1821 PROSPECT AVENUE, Bronx, NY, USA",0.8,fallback,1821,PROSPECT AVENUE,2026-09-20T19:46:06+00:00
Bronx|1824|ANTHONY AVENUE,ok,2028920016,2131310,"1824 ANTHONY AVENUE, Bronx, NY, USA",0.8,fallback,1824,ANTHONY AVENUE,2026-09-20T19:46:06+00:00
Bronx|1844|CEDAR AVENUE,ok,2028810084,2000000,"1844 CEDAR AVENUE, Bronx, NY, USA",0.8,fallback,1844,CEDAR AVENUE,2026-09-20T19:46:06+00:00
Bronx|1851|PHELAN PLACE,ok,2028790265,2009150,"1851 PHELAN PLACE, Bronx, NY, USA",0.8,fallback,1851,PHELAN PLACE,2026-09-20T19:46:06+00:00
Bronx|1855|EAST TREMONT AVENUE,ok,2040250040,2042828,"1855 EAST TREMONT AVENUE, Bronx, NY, USA",0.8,fallback,1855,EAST TREMONT AVENUE,2026-09-20T19:46:06+00:00
Bronx|18|EAST 199 STREET,ok,2033190083,2017598,"18 EAST 199 STREET, Bronx, NY, USA",0.8,fallback,18,EAST 199 STREET,2026-09-20T19:46:06+00:00
Bronx|1915|BILLINGSLEY TERRACE,ok,2028790184,2009112,"1915 BILLINGSLEY TERRACE, Bronx, NY, USA",0.8,fallback,1915,BILLINGSLEY TERRACE,2026-09-20T19:46:06+00:00
Bronx|1927|GILDERSLEEVE AVENUE,ok,2034560002,2000000,"1927 GILDERSLEEVE AVENUE, Bronx, NY, USA",0.8,fallback,1927,GILDERSLEEVE AVENUE,2026-09-20T19:46:06+00:00
Bronx|1927|WILLIAMSBRIDGE ROAD,ok,2042730027,2048551,"1927 WILLIAMSBRIDGE ROAD, Bronx, NY, USA",0.8,fallback,1927,WILLIAMSBRIDGE ROAD,2026-09-20T19:46:06+00:00
Bronx|1946|O'BRIEN AVENUE,ok,2034570045,2020256,"1946 O'BRIEN AVENUE, Bronx, NY, USA",1,exact,1946,O'BRIEN AVENUE,2026-09-20T19:46:06+00:00
Bronx|1973|CROTONA AVENUE,ok,2030790078,2012313,"1973 CROTONA AVENUE, Bronx, NY, USA",0.8,fallback,1973,CROTONA AVENUE,2026-09-20T19:46:06+00:00
Bronx|2-20|EAST FORDHAM ROAD,mismatch,,,"2 EAST FORDHAM ROAD, Bronx, NY, USA",,,2,EAST FORDHAM ROAD,2026-09-20T19:51:05+00:00
Bronx|2012|GLEASON AVENUE,ok,2038020014,2026193,"2012 GLEASON AVENUE, Bronx, NY, USA",0.8,fallback,2012,GLEASON AVENUE,2026-09-20T19:46:06+00:00
Bronx|2039|WESTCHESTER AVENUE,ok,2039320022,2131173,"2039 WESTCHESTER AVENUE, Bronx, NY, USA",0.8,fallback,2039,WESTCHESTER AVENUE,2026-09-20T19:46:07+00:00
Bronx|203|EAST FORDHAM ROAD,ok,2031540001,2013607,"203 EAST FORDHAM ROAD, Bronx, NY, USA",0.8,fallback,203,EAST FORDHAM ROAD,2026-09-20T19:46:07+00:00
Bronx|2040|EAST TREMONT AVENUE,ok,2039430205,2097576,"2040 EAST TREMONT AVENUE, Bronx, NY, USA",0.8,fallback,2040,EAST TREMONT AVENUE,2026-09-20T19:46:07+00:00
Bronx|2070|VALENTINE AVENUE,ok,2031420028,2013293,"2070 VALENTINE AVENUE, Bronx, NY, USA",0.8,fallback,2070,VALENTINE AVENUE,2026-09-20T19:46:07+00:00
Bronx|2075|WEBSTER AVENUE,ok,2031420048,2000000,"2075 WEBSTER AVENUE, Bronx, NY, USA",0.8,fallback,2075,WEBSTER AVENUE,2026-09-20T19:46:07+00:00
Bronx|207|203 STREET,mismatch,,,"207 EAST 203 STREET, Bronx, NY, USA",,,207,EAST 203 STREET,2026-09-20T19:46:07+00:00
Bronx|2084|RYER AVENUE,ok,2031490075,2013527,"2084 RYER AVENUE, Bronx, NY, USA",0.8,fallback,2084,RYER AVENUE,2026-09-20T19:46:07+00:00
Bronx|208|EAST MOSHOLU PARKWAY,mismatch,,,"208 EAST MOSHOLU PARKWAY SOUTH, Bronx, NY, USA",,,208,EAST MOSHOLU PARKWAY SOUTH,2026-09-20T19:46:07+00:00
Bronx|20|BRUCKNER BOULEVARD,ok,2023087501,2094009,"20 BRUCKNER BOULEVARD, Bronx, NY, USA",0.8,fallback,20,BRUCKNER BOULEVARD,2026-09-20T19:46:06+00:00
Bronx|212|HARDING PLACE,mismatch,,,"110 HARDING PLACE, New York, NY, USA",,,110,HARDING PLACE,2026-09-20T19:46:07+00:00
Bronx|2181|MORRIS AVENUE,ok,2031810042,2000000,"2181 MORRIS AVENUE, Bronx, NY, USA",0.8,fallback,2181,MORRIS AVENUE,2026-09-20T19:46:07+00:00
Bronx|220|EAST 134 STREET,ok,2023190098,2000783,"220 EAST 134 STREET, Bronx, NY, USA",0.8,fallback,220,EAST 134 STREET,2026-09-20T19:46:07+00:00
Bronx|2218|JEROME AVENUE,ok,2031860017,2014055,"2218 JEROME AVENUE, Bronx, NY, USA",0.8,fallback,2218,JEROME AVENUE,2026-09-20T19:46:07+00:00
Bronx|221|MIRANDA STREET,mismatch,,,"221 KIRBY STREET, Bronx, NY, USA",,,221,KIRBY STREET,2026-09-20T19:46:07+00:00
Bronx|2225|LACOMBE AVENUE,ok,2035370001,2092634,"2225 LACOMBE AVENUE, Bronx, NY, USA",0.8,fallback,2225,LACOMBE AVENUE,2026-09-20T19:46:07+00:00
Bronx|224|NAPLES TERRACE,ok,2057040050,2083162,"224 NAPLES TERRACE, Bronx, NY, USA",0.8,fallback,224,NAPLES TERRACE,2026-09-20T19:46:08+00:00
Bronx|2255|GRAND CONCOURSE,ok,2031630030,2013770,"2255 GRAND CONCOURSE, Bronx, NY, USA",0.8,fallback,2255,GRAND CONCOURSE,2026-09-20T19:46:08+00:00
Bronx|2264|BEAUMONT AVENUE,ok,2031010002,2012802,"2264 BEAUMONT AVENUE, Bronx, NY, USA",0.8,fallback,2264,BEAUMONT AVENUE,2026-09-20T19:46:08+00:00
Bronx|2271|SOUTHERN AVENUE,mismatch,,,"2271 SOUTHERN BOULEVARD, Bronx, NY, USA",,,2271,SOUTHERN BOULEVARD,2026-09-20T19:46:08+00:00
Bronx|2309|CRESTON AVENUE,ok,2031720037,2013893,"2309 CRESTON AVENUE, Bronx, NY, USA",0.8,fallback,2309,CRESTON AVENUE,2026-09-20T19:46:08+00:00
Bronx|2324|BOSTON POST ROAD,ok,2043470007,2050046,"2324 BOSTON POST ROAD, Bronx, NY, USA",0.8,fallback,2324,BOSTON POST ROAD,2026-09-20T19:46:08+00:00
Bronx|2344|BOSTON POST ROAD,ok,2043470007,2050046,"2344 BOSTON POST ROAD, Bronx, NY, USA",0.8,fallback,2344,BOSTON POST ROAD,2026-09-20T19:46:08+00:00
Bronx|234|EAST 203 STREET,ok,2033080017,2130667,"234 EAST 203 STREET, Bronx, NY, USA",0.8,fallback,234,EAST 203 STREET,2026-09-20T19:46:08+00:00
Bronx|2365|HOFFMAN STREET,ok,2030540034,2011670,"2365 HOFFMAN STREET, Bronx, NY, USA",0.8,fallback,2365,HOFFMAN STREET,2026-09-20T19:46:08+00:00
Bronx|237|WILLIS AVENUE,ok,2023010028,2000594,"237 WILLIS AVENUE, Bronx, NY, USA",0.8,fallback,237,WILLIS AVENUE,2026-09-20T19:46:08+00:00
Bronx|2387|WALTON AVENUE,ok,2031880087,2014116,"2387 WALTON AVENUE, Bronx, NY, USA",0.8,fallback,2387,WALTON AVENUE,2026-09-20T19:46:08+00:00
Bronx|2414|CAMBRELENG AVENUE,ok,2030900006,2129737,"2414 CAMBRELENG AVENUE, Bronx, NY, USA",0.8,fallback,2414,CAMBRELENG AVENUE,2026-09-20T19:46:08+00:00
Bronx|2423|LODOVICK AVENUE,ok,2044890159,2127121,"2423 LODOVICK AVENUE, Bronx, NY, USA",0.8,fallback,2423,LODOVICK AVENUE,2026-09-20T19:46:08+00:00
Bronx|2450|GRAND CONCOURSE,ok,2031520069,2013592,"2450 GRAND CONCOURSE, Bronx, NY, USA",0.8,fallback,2450,GRAND CONCOURSE,2026-09-20T19:46:08+00:00
Bronx|2455|3 AVENUE,ok,2023190038,2129674,"2455 3 AVENUE, Bronx, NY, USA",0.8,fallback,2455,3 AVENUE,2026-09-20T19:46:09+00:00
Bronx|2462|FRISBY AVENUE,ok,2039760019,2041758,"2462 FRISBY AVENUE, Bronx, NY, USA",0.8,fallback,2462,FRISBY AVENUE,2026-09-20T19:46:09+00:00
Bronx|246|ECHO PLACE,ok,2028090026,2129180,"246 ECHO PLACE, Bronx, NY, USA",0.8,fallback,246,ECHO PLACE,2026-09-20T19:46:09+00:00
Bronx|2481|CROTONA AVENUE,ok,2030917501,2129725,"2481 CROTONA AVENUE, Bronx, NY, USA",0.8,fallback,2481,CROTONA AVENUE,2026-09-20T19:46:09+00:00
Bronx|2488|ELM PLACE,ok,2030230073,2011036,"2488 ELM PLACE, Bronx, NY, USA",0.8,fallback,2488,ELM PLACE,2026-09-20T19:46:09+00:00
Bronx|2533|GRAND AVENUE,ok,2032140046,2000000,"2533 GRAND AVENUE, Bronx, NY, USA",0.8,fallback,2533,GRAND AVENUE,2026-09-20T19:46:09+00:00
Bronx|2568|PARK AVENUE,ok,2023400014,2000972,"2568 PARK AVENUE, Bronx, NY, USA",0.8,fallback,2568,PARK AVENUE,2026-09-20T19:51:05+00:00
Bronx|2596|BRIGGS AVENUE,ok,2032930173,2016831,"2596 BRIGGS AVENUE, Bronx, NY, USA",0.8,fallback,2596,BRIGGS AVENUE,2026-09-20T19:46:09+00:00
Bronx|2615|UNIVERSITY AVENUE,mismatch,,,"2213 UNIVERSITY AVENUE, Bronx, NY, USA",,,2213,UNIVERSITY AVENUE,2026-09-20T19:46:09+00:00
Bronx|261|CITY ISLAND AVENUE,ok,2056290236,2087512,"261 CITY ISLAND AVENUE, Bronx, NY, USA",0.8,fallback,261,CITY ISLAND AVENUE,2026-09-20T19:46:09+00:00
Bronx|2621|AQUEDUCT AVENUE,ok,2032150032,2014679,"2621 AQUEDUCT AVENUE, Bronx, NY, USA",0.8,fallback,2621,AQUEDUCT AVENUE,2026-09-20T19:46:09+00:00
Bronx|2621|GRAND AVENUE,ok,2032150044,2129696,"2621 GRAND AVENUE, Bronx, NY, USA",0.8,fallback,2621,GRAND AVENUE,2026-09-20T19:46:09+00:00
Bronx|265|ALEXANDER AVENUE,ok,2023140027,2000697,"265 ALEXANDER AVENUE, Bronx, NY, USA",0.8,fallback,265,ALEXANDER AVENUE,2026-09-20T19:46:09+00:00
Bronx|2660|KINGSBRIDGE TERRACE,ok,2032370090,2000000,"2660 KINGSBRIDGE TERRACE, Bronx, NY, USA",0.8,fallback,2660,KINGSBRIDGE TERRACE,2026-09-20T19:46:10+00:00
Bronx|2661|MARION AVENUE,ok,2032870100,2016643,"2661 MARION AVENUE, Bronx, NY, USA",0.8,fallback,2661,MARION AVENUE,2026-09-20T19:46:10+00:00
Bronx|2675|BAINBRIDGE AVENUE,ok,2032940063,2016858,"2675 BAINBRIDGE AVENUE, Bronx, NY, USA",0.8,fallback,2675,BAINBRIDGE AVENUE,2026-09-20T19:46:10+00:00
Bronx|270|LONGSTREET AVENUE,ok,2055190119,2078922,"270 LONGSTREET AVENUE, Bronx, NY, USA",0.8,fallback,270,LONGSTREET AVENUE,2026-09-20T19:46:10+00:00
Bronx|2719|CRESTON AVENUE,ok,2033180161,2017567,"2719 CRESTON AVENUE, Bronx, NY, USA",0.8,fallback,2719,CRESTON AVENUE,2026-09-20T19:46:10+00:00
Bronx|2721|COLDEN AVENUE,ok,2045160046,2000000,"2721 COLDEN AVENUE, Bronx, NY, USA",0.8,fallback,2721,COLDEN AVENUE,2026-09-20T19:46:10+00:00
Bronx|2770|MATTHEWS AVENUE,ok,2045140026,2053800,"2770 MATTHEWS AVENUE, Bronx, NY, USA",0.8,fallback,2770,MATTHEWS AVENUE,2026-09-20T19:46:10+00:00
Bronx|2798|POND PLACE,ok,2032890017,2016672,"2798 POND PLACE, Bronx, NY, USA",0.8,fallback,2798,POND PLACE,2026-09-20T19:46:10+00:00
Bronx|2850|WEBSTER AVENUE,ok,2032737501,2130640,"2850 WEBSTER AVENUE, Bronx, NY, USA",0.8,fallback,2850,WEBSTER AVENUE,2026-09-20T19:46:10+00:00
Bronx|2877|GRAND CONCOURSE,ok,2033190107,2017603,"2877 GRAND CONCOURSE, Bronx, NY, USA",0.8,fallback,2877,GRAND CONCOURSE,2026-09-20T19:46:10+00:00
Bronx|287|EAST 162 STREET,ok,2024220054,2001981,"287 EAST 162 STREET, Bronx, NY, USA",0.8,fallback,287,EAST 162 STREET,2026-09-20T19:46:10+00:00
Bronx|2919|PAULDING AVENUE,ok,2045540036,2000000,"2919 PAULDING AVENUE, Bronx, NY, USA",0.8,fallback,2919,PAULDING AVENUE,2026-09-20T19:46:10+00:00
Bronx|2939|GRAND CONCOURSE,ok,2033200021,2017615,"2939 GRAND CONCOURSE, Bronx, NY, USA",0.8,fallback,2939,GRAND CONCOURSE,2026-09-20T19:46:10+00:00
Bronx|2970|CROSS BRONX EXPRESSWAY,ok,2055610001,2114418,"2970 CROSS BRONX EXPRESSWAY, Bronx, NY, USA",0.8,fallback,2970,CROSS BRONX EXPRESSWAY,2026-09-20T19:46:10+00:00
Bronx|29|FEATHERBED LANE,ok,2028650122,2129190,"29 FEATHERBED LANE, Bronx, NY, USA",0.8,fallback,29,FEATHERBED LANE,2026-09-20T19:46:10+00:00
Bronx|2|EAST FORDHAM ROAD,ok,2031880033,2014101,"2 EAST FORDHAM ROAD, Bronx, NY, USA",0.8,fallback,2,EAST FORDHAM ROAD,2026-09-20T19:46:06+00:00
Bronx|3010|VALENTINE AVENUE,ok,2033070007,2017215,"3010 VALENTINE AVENUE, Bronx, NY, USA",0.8,fallback,3010,VALENTINE AVENUE,2026-09-20T19:46:10+00:00
Bronx|3069|CANNON PLACE,mismatch,,,"3415 CANNON PLACE, Bronx, NY, USA",,,3415,CANNON PLACE,2026-09-20T19:51:05+00:00
Bronx|3083|DECATUR STREET,mismatch,,,"3083 DECATUR AVENUE, Bronx, NY, USA",,,3083,DECATUR AVENUE,2026-09-20T19:46:11+00:00
Bronx|3108|MICKLE AVENUE,ok,2047640137,2114433,"3108 MICKLE AVENUE, Bronx, NY, USA",0.8,fallback,3108,MICKLE AVENUE,2026-09-20T19:46:11+00:00
Bronx|3113|WESTCHESTER AVENUE,ok,2042350059,2124414,"3113 WESTCHESTER AVENUE, Bronx, NY, USA",0.8,fallback,3113,WESTCHESTER AVENUE,2026-09-20T19:46:11+00:00
Bronx|311|EAST FORDHAM ROAD,ok,2031540094,2013622,"311 EAST FORDHAM ROAD, Bronx, NY, USA",0.8,fallback,311,EAST FORDHAM ROAD,2026-09-20T19:46:11+00:00
Bronx|3121|KINGSBRIDGE AVENUE,ok,2057080093,2000000,"3121 KINGSBRIDGE AVENUE, Bronx, NY, USA",0.8,fallback,3121,KINGSBRIDGE AVENUE,2026-09-20T19:46:11+00:00
Bronx|312|EAST 201 STREET,ok,2032920096,2016761,"312 EAST 201 STREET, Bronx, NY, USA",0.8,fallback,312,EAST 201 STREET,2026-09-20T19:46:11+00:00
Bronx|3138|BAILEY AVENUE,ok,2032610038,2015929,"3138 BAILEY AVENUE, Bronx, NY, USA",0.8,fallback,3138,BAILEY AVENUE,2026-09-20T19:46:11+00:00
Bronx|3154|DECATUR AVENUE,ok,2033530022,2018539,"3154 DECATUR AVENUE, Bronx, NY, USA",0.8,fallback,3154,DECATUR AVENUE,2026-09-20T19:46:11+00:00
Bronx|3178A|VILLA AVENUE,ok,2033110035,2000000,"3178A VILLA AVENUE, Bronx, NY, USA",0.8,fallback,3178A,VILLA AVENUE,2026-09-20T19:46:11+00:00
Bronx|3184|WEBSTER AVENUE,ok,2033570055,2129720,"3184 WEBSTER AVENUE, Bronx, NY, USA",0.8,fallback,3184,WEBSTER AVENUE,2026-09-20T19:46:11+00:00
Bronx|3220|TIEMANN AVENUE,ok,2047520130,2000000,"3220 TIEMANN AVENUE, Bronx, NY, USA",0.8,fallback,3220,TIEMANN AVENUE,2026-09-20T19:46:11+00:00
Bronx|3221|KINGSBRIDGE AVENUE,ok,2057560245,2083584,"3221 KINGSBRIDGE AVENUE, Bronx, NY, USA",0.8,fallback,3221,KINGSBRIDGE AVENUE,2026-09-20T19:46:11+00:00
Bronx|324|POWERS AVENUE,ok,2025720001,2091300,"324 POWERS AVENUE, Bronx, NY, USA",0.8,fallback,324,POWERS AVENUE,2026-09-20T19:46:11+00:00
Bronx|325|EAST 201 STREET,ok,2032810001,2016449,"325 EAST 201 STREET, Bronx, NY, USA",0.8,fallback,325,EAST 201 STREET,2026-09-20T19:46:11+00:00
Bronx|3262|SPENCER DRIVE,ok,2054090528,2116309,"3262 SPENCER DRIVE, Bronx, NY, USA",0.8,fallback,3262,SPENCER DRIVE,2026-09-20T19:46:12+00:00
Bronx|3306|BOLLER AVENUE,ok,2052320051,2072408,"3306 BOLLER AVENUE, Bronx, NY, USA",0.8,fallback,3306,BOLLER AVENUE,2026-09-20T19:46:12+00:00
Bronx|3336|3 AVENUE,ok,2026070017,2000000,"3336 THIRD AVENUE, Bronx, NY, USA",0.8,fallback,3336,THIRD AVENUE,2026-09-20T19:46:12+00:00
Bronx|3350|FENTON AVENUE,ok,2047380057,2060833,"3350 FENTON AVENUE, Bronx, NY, USA",0.8,fallback,3350,FENTON AVENUE,2026-09-20T19:46:12+00:00
Bronx|3470|FORT INDEPENDENCE STREET,ok,2032580120,2130471,"3470 FORT INDEPENDENCE STREET, Bronx, NY, USA",0.8,fallback,3470,FORT INDEPENDENCE STREET,2026-09-20T19:46:12+00:00
Bronx|350|BALCOM AVENUE,ok,2055820122,2102294,"350 BALCOM AVENUE, Bronx, NY, USA",0.8,fallback,350,BALCOM AVENUE,2026-09-20T19:46:12+00:00
Bronx|3535|KINGS COLLEGE PLACE,ok,2033440102,2110145,"3535 KINGS COLLEGE PLACE, Bronx, NY, USA",0.8,fallback,3535,KINGS COLLEGE PLACE,2026-09-20T19:46:12+00:00
Bronx|356|SOUNDVIEW AVENUE,ok,2034740025,2020495,"356 SOUNDVIEW AVENUE, Bronx, NY, USA",0.8,fallback,356,SOUNDVIEW AVENUE,2026-09-20T19:46:12+00:00
Bronx|357|EAST 201 STREET,ok,2032810040,2016459,"357 EAST 201 STREET, Bronx, NY, USA",0.8,fallback,357,EAST 201 STREET,2026-09-20T19:46:12+00:00
Bronx|35|DASH PLACE,ok,2057780879,2091874,"35 DASH PLACE, Bronx, NY, USA",0.8,fallback,35,DASH PLACE,2026-09-20T19:46:12+00:00
Bronx|3605|HOLLAND AVENUE,ok,2046610023,2057794,"3605 HOLLAND AVENUE, Bronx, NY, USA",0.8,fallback,3605,HOLLAND AVENUE,2026-09-20T19:46:12+00:00
Bronx|3633|KINGSBRIDGE AVENUE,ok,2057660882,2130979,"3633 KINGSBRIDGE AVENUE, Bronx, NY, USA",0.8,fallback,3633,KINGSBRIDGE AVENUE,2026-09-20T19:46:12+00:00
Bronx|3657|JOHNSON AVENUE,ok,2057990052,2084201,"3657 JOHNSON AVENUE, Bronx, NY, USA",0.8,fallback,3657,JOHNSON AVENUE,2026-09-20T19:46:12+00:00
Bronx|365|EAST 197 STREET,ok,2032830097,2016536,"365 EAST 197 STREET, Bronx, NY, USA",0.8,fallback,365,EAST 197 STREET,2026-09-20T19:46:12+00:00
Bronx|372|EAST 194 STREET,ok,2032760031,2016341,"372 EAST 194 STREET, Bronx, NY, USA",0.8,fallback,372,EAST 194 STREET,2026-09-20T19:46:12+00:00
Bronx|374|EAST 159 STREET,ok,2024050014,2001759,"374 EAST 159 STREET, Bronx, NY, USA",0.8,fallback,374,EAST 159 STREET,2026-09-20T19:46:12+00:00
Bronx|3764|BRONX BOULEVARD,ok,2046490031,2057437,"3764 BRONX BOULEVARD, Bronx, NY, USA",0.8,fallback,3764,BRONX BOULEVARD,2026-09-20T19:51:06+00:00
Bronx|3804|GREYSTONE AVENUE,ok,2057790810,2084037,"3804 GREYSTONE AVENUE, Bronx, NY, USA",0.8,fallback,3804,GREYSTONE AVENUE,2026-09-20T19:46:13+00:00
Bronx|383|EAST 143 STREET,ok,2023060009,2091102,"383 EAST 143 STREET, Bronx, NY, USA",0.8,fallback,383,EAST 143 STREET,2026-09-20T19:46:13+00:00
Bronx|387|EAST FORDHAM ROAD,ok,2032750095,2016330,"387 EAST FORDHAM ROAD, Bronx, NY, USA",0.8,fallback,387,EAST FORDHAM ROAD,2026-09-20T19:46:13+00:00
Bronx|387|FORDHAM ROAD,mismatch,,,"387 EAST FORDHAM ROAD, Bronx, NY, USA",,,387,EAST FORDHAM ROAD,2026-09-20T19:46:13+00:00
Bronx|3929|ELY AVENUE,ok,2049290017,2066105,"3929 ELY AVENUE, Bronx, NY, USA",0.8,fallback,3929,ELY AVENUE,2026-09-20T19:46:13+00:00
Bronx|3950|BLACKSTONE AVENUE,ok,2059090163,2085805,"3950 BLACKSTONE AVENUE, Bronx, NY, USA",0.8,fallback,3950,BLACKSTONE AVENUE,2026-09-20T19:46:13+00:00
Bronx|4003|DYRE AVENUE,ok,2049690019,2093762,"4003 DYRE AVENUE, Bronx, NY, USA",0.8,fallback,4003,DYRE AVENUE,2026-09-20T19:46:13+00:00
Bronx|400|AVENUE T,mismatch,,,"400 AVENUE T, Brooklyn, NY, USA",,,400,AVENUE T,2026-09-20T19:51:06+00:00
Bronx|4012|BRONXWOOD AVENUE,ok,2048620055,2064491,"4012 BRONXWOOD AVENUE, Bronx, NY, USA",0.8,fallback,4012,BRONXWOOD AVENUE,2026-09-20T19:46:13+00:00
Bronx|4141|EAST 180 STREET,mismatch,,,"1129 EAST 180 STREET, Bronx, NY, USA",,,1129,EAST 180 STREET,2026-09-20T19:46:13+00:00
Bronx|416|EAST 143 STREET,ok,2022870014,2000000,"416 EAST 143 STREET, Bronx, NY, USA",0.8,fallback,416,EAST 143 STREET,2026-09-20T19:46:13+00:00
Bronx|4180|CARPENTER AVENUE,ok,2048350045,2131082,"4180 CARPENTER AVENUE, Bronx, NY, USA",0.8,fallback,4180,CARPENTER AVENUE,2026-09-20T19:46:13+00:00
Bronx|425|WESTCHESTER AVENUE,ok,2023627501,2130504,"425 WESTCHESTER AVENUE, Bronx, NY, USA",0.8,fallback,425,WESTCHESTER AVENUE,2026-09-20T19:46:13+00:00
Bronx|4410|CAYUGA AVENUE,ok,2058030960,2084220,"4410 CAYUGA AVENUE, Bronx, NY, USA",0.8,fallback,4410,CAYUGA AVENUE,2026-09-20T19:46:13+00:00
Bronx|442|ST LAWRENCE AVENUE,ok,2034940029,2020695,"442 ST LAWRENCE AVENUE, Bronx, NY, USA",0.8,fallback,442,ST LAWRENCE AVENUE,2026-09-20T19:51:06+00:00
Bronx|4475|HENRY HUDSON PARKWAY,ok,2059090163,2085805,"4475 HENRY HUDSON PARKWAY, Bronx, NY, USA",0.8,fallback,4475,HENRY HUDSON PARKWAY,2026-09-20T19:46:14+00:00
Bronx|450|CYRUS PLACE,ok,2030410010,2011410,"450 CYRUS PLACE, Bronx, NY, USA",0.8,fallback,450,CYRUS PLACE,2026-09-20T19:46:14+00:00
Bronx|455|WALES AVENUE,ok,2025770058,2115831,"455 WALES AVENUE, Bronx, NY, USA",0.8,fallback,455,WALES AVENUE,2026-09-20T19:46:14+00:00
Bronx|461|PARK AVENUE SOUTH,mismatch,,,"461 PARK AVENUE SOUTH, New York, NY, USA",,,461,PARK AVENUE SOUTH,2026-09-20T19:51:06+00:00
Bronx|4701|FIELDSTON ROAD,ok,2058202310,2084432,"4701 FIELDSTON ROAD, Bronx, NY, USA",0.8,fallback,4701,FIELDSTON ROAD,2026-09-20T19:46:14+00:00
Bronx|472|WILLIS AVENUE,ok,2022910101,2130670,"472 WILLIS AVENUE, Bronx, NY, USA",0.8,fallback,472,WILLIS AVENUE,2026-09-20T19:46:14+00:00
Bronx|480|EAST 180 STREET,ok,2030460030,2129335,"480 EAST 180 STREET, Bronx, NY, USA",0.8,fallback,480,EAST 180 STREET,2026-09-20T19:46:14+00:00
Bronx|497|EAST 138 STREET,ok,2022830061,2000274,"497 EAST 138 STREET, Bronx, NY, USA",0.8,fallback,497,EAST 138 STREET,2026-09-20T19:46:14+00:00
Bronx|500|BAYCHESTER AVENUE,ok,2051410101,2072353,"500 BAYCHESTER AVENUE, Bronx, NY, USA",0.8,fallback,500,BAYCHESTER AVENUE,2026-09-20T19:46:14+00:00
Bronx|540|EAST 142 STREET,ok,2022680022,2128984,"540 EAST 142 STREET, Bronx, NY, USA",0.8,fallback,540,EAST 142 STREET,2026-09-20T19:46:14+00:00
Bronx|540|JACKSON AVENUE,ok,2025790019,2003924,"540 JACKSON AVENUE, Bronx, NY, USA",0.8,fallback,540,JACKSON AVENUE,2026-09-20T19:46:14+00:00
Bronx|5550|FIELDSTON ROAD,ok,2058451825,2096907,"5550 FIELDSTON ROAD, Bronx, NY, USA",0.8,fallback,5550,FIELDSTON ROAD,2026-09-20T19:46:14+00:00
Bronx|556|BERGEN AVENUE,ok,2022947502,2129056,"556 BERGEN AVENUE, Bronx, NY, USA",0.8,fallback,556,BERGEN AVENUE,2026-09-20T19:46:14+00:00
Bronx|57|EAST BURNSIDE AVENUE,ok,2031780001,2013946,"57 EAST BURNSIDE AVENUE, Bronx, NY, USA",0.8,fallback,57,EAST BURNSIDE AVENUE,2026-09-20T19:46:15+00:00
Bronx|58-66|EAST FORDHAM ROAD,mismatch,,,"66 EAST FORDHAM ROAD, Bronx, NY, USA",,,66,EAST FORDHAM ROAD,2026-09-20T19:51:06+00:00
Bronx|586|GERARD AVENUE,ok,2023530001,2001115,"586 GERARD AVENUE, Bronx, NY, USA",0.8,fallback,586,GERARD AVENUE,2026-09-20T19:46:15+00:00
Bronx|58|EAST FORDHAM ROAD,ok,2031840045,2014028,"58 EAST FORDHAM ROAD, Bronx, NY, USA",0.8,fallback,58,EAST FORDHAM ROAD,2026-09-20T19:46:15+00:00
Bronx|5991|BROADWAY,ok,2058011030,2084207,"5991 BROADWAY, Bronx, NY, USA",0.8,fallback,5991,BROADWAY,2026-09-20T19:46:15+00:00
Bronx|600|BERGEN AVENUE,ok,2023617501,2127129,"600 BERGEN AVENUE, Bronx, NY, USA",0.8,fallback,600,BERGEN AVENUE,2026-09-20T19:46:15+00:00
Bronx|6045|RIVERDALE AVENUE,ok,2059570409,2086355,"6045 RIVERDALE AVENUE, Bronx, NY, USA",0.8,fallback,6045,RIVERDALE AVENUE,2026-09-20T19:46:15+00:00
Bronx|608|EAST FORDHAM ROAD,ok,2030780016,2012264,"608 EAST FORDHAM ROAD, Bronx, NY, USA",0.8,fallback,608,EAST FORDHAM ROAD,2026-09-20T19:46:15+00:00
Bronx|609|EAST FORDHAM ROAD,ok,2032730257,2016261,"609 EAST FORDHAM ROAD, Bronx, NY, USA",0.8,fallback,609,EAST FORDHAM ROAD,2026-09-20T19:46:15+00:00
Bronx|6135|LIEBIG AVENUE,ok,2058861296,2085644,"6135 LIEBIG AVENUE, Bronx, NY, USA",0.8,fallback,6135,LIEBIG AVENUE,2026-09-20T19:46:15+00:00
Bronx|630|BAKER AVENUE,ok,2040250014,2042822,"630 BAKER AVENUE, Bronx, NY, USA",0.8,fallback,630,BAKER AVENUE,2026-09-20T19:46:15+00:00
Bronx|640|FAILE STREET,ok,2027660835,2006759,"640 FAILE STREET, Bronx, NY, USA",0.8,fallback,640,FAILE STREET,2026-09-20T19:46:15+00:00
Bronx|6425|BROADWAY,ok,2058512105,2084827,"6425 BROADWAY, Bronx, NY, USA",0.8,fallback,6425,BROADWAY,2026-09-20T19:46:15+00:00
Bronx|643|EAST 223 STREET,ok,2048250037,2062949,"643 EAST 223 STREET, Bronx, NY, USA",0.8,fallback,643,EAST 223 STREET,2026-09-20T19:46:15+00:00
Bronx|653|ST LAWRENCE AVENUE,ok,2035560038,2021762,"653 ST LAWRENCE AVENUE, Bronx, NY, USA",0.8,fallback,653,ST LAWRENCE AVENUE,2026-09-20T19:51:06+00:00
Bronx|656|EAST 176 STREET,ok,2029450034,2130361,"656 EAST 176 STREET, Bronx, NY, USA",0.8,fallback,656,EAST 176 STREET,2026-09-20T19:46:16+00:00
Bronx|65|MONTAUK AVENUE,mismatch,,,"65 MONTAUK AVENUE, Brooklyn, NY, USA",,,65,MONTAUK AVENUE,2026-09-20T19:46:15+00:00
Bronx|672|EAST 180 STREET,ok,2030800088,2012342,"672 EAST 180 STREET, Bronx, NY, USA",0.8,fallback,672,EAST 180 STREET,2026-09-20T19:46:16+00:00
Bronx|68|EAST 161 STREET,ok,2024830045,2002983,"68 EAST 161 STREET, Bronx, NY, USA",0.8,fallback,68,EAST 161 STREET,2026-09-20T19:46:16+00:00
Bronx|700|OAKLAND PLACE,ok,2030950007,2012658,"700 OAKLAND PLACE, Bronx, NY, USA",0.8,fallback,700,OAKLAND PLACE,2026-09-20T19:46:16+00:00
Bronx|702|BEACH AVENUE,ok,2035980007,2130351,"702 BEACH AVENUE, Bronx, NY, USA",0.8,fallback,702,BEACH AVENUE,2026-09-20T19:46:16+00:00
Bronx|714|EAST 217 STREET,ok,2046640061,2057962,"714 EAST 217 STREET, Bronx, NY, USA",0.8,fallback,714,EAST 217 STREET,2026-09-20T19:46:16+00:00
Bronx|739|EAST 220 STREET,ok,2046680031,2058127,"739 EAST 220 STREET, Bronx, NY, USA",0.8,fallback,739,EAST 220 STREET,2026-09-20T19:46:16+00:00
Bronx|744|EAST 175 STREET,ok,2029480036,2009932,"744 EAST 175 STREET, Bronx, NY, USA",0.8,fallback,744,EAST 175 STREET,2026-09-20T19:46:16+00:00
Bronx|750|GRAND CONCOURSE,ok,2024580026,2002784,"750 GRAND CONCOURSE, Bronx, NY, USA",0.8,fallback,750,GRAND CONCOURSE,2026-09-20T19:46:16+00:00
Bronx|769|EAST 218 STREET,ok,2046660013,2058032,"769 EAST 218 STREET, Bronx, NY, USA",0.8,fallback,769,EAST 218 STREET,2026-09-20T19:46:16+00:00
Bronx|788|FAIRMOUNT PLACE,ok,2029540021,2129404,"788 FAIRMOUNT PLACE, Bronx, NY, USA",0.8,fallback,788,FAIRMOUNT PLACE,2026-09-20T19:46:16+00:00
Bronx|799|EAST 140 STREET,ok,2025920072,2000000,"799 EAST 140 STREET, Bronx, NY, USA",0.8,fallback,799,EAST 140 STREET,2026-09-20T19:46:16+00:00
Bronx|80|GAR CLINTON PLACE,mismatch,,,"80 CLINTON PLACE, Bronx, NY, USA",,,80,CLINTON PLACE,2026-09-20T19:46:16+00:00
Bronx|815|FAIRMONT PLACE,ok,2029550036,2010048,"815 FAIRMONT PLACE, Bronx, NY, USA",0.8,fallback,815,FAIRMONT PLACE,2026-09-20T19:46:16+00:00
Bronx|825|GERARD AVENUE,ok,2024830015,2002977,"825 GERARD AVENUE, Bronx, NY, USA",0.8,fallback,825,GERARD AVENUE,2026-09-20T19:46:17+00:00
Bronx|828|FAILE STREET,ok,2027620084,2006451,"828 FAILE STREET, Bronx, NY, USA",0.8,fallback,828,FAILE STREET,2026-09-20T19:46:17+00:00
Bronx|830|EAST 242 STREET,ok,2051180121,2124915,"830 EAST 242 STREET, Bronx, NY, USA",0.8,fallback,830,EAST 242 STREET,2026-09-20T19:46:17+00:00
Bronx|840|MORRIS PARK AVENUE,ok,2040460007,2120287,"840 MORRIS PARK AVENUE, Bronx, NY, USA",0.8,fallback,840,MORRIS PARK AVENUE,2026-09-20T19:51:06+00:00
Bronx|849|SOUNDVIEW AVENUE,ok,2036360020,2022547,"849 SOUNDVIEW AVENUE, Bronx, NY, USA",0.8,fallback,849,SOUNDVIEW AVENUE,2026-09-20T19:46:17+00:00
Bronx|850|EAST 140 STREET,ok,2025910046,2097190,"850 EAST 140 STREET, Bronx, NY, USA",0.8,fallback,850,EAST 140 STREET,2026-09-20T19:46:17+00:00
Bronx|851|EAST 217 STREET,ok,2046760110,2116173,"851 EAST 217 STREET, Bronx, NY, USA",0.8,fallback,851,EAST 217 STREET,2026-09-20T19:46:17+00:00
Bronx|851|PROSPECT AVENUE,ok,2026770024,2005009,"851 PROSPECT AVENUE, Bronx, NY, USA",0.8,fallback,851,PROSPECT AVENUE,2026-09-20T19:46:17+00:00
Bronx|851|TINTON AVENUE,ok,2026570024,2004699,"851 TINTON AVENUE, Bronx, NY, USA",0.8,fallback,851,TINTON AVENUE,2026-09-20T19:46:17+00:00
Bronx|855|EAST 233 STREET,ok,2050000001,2068251,"855 EAST 233 STREET, Bronx, NY, USA",0.8,fallback,855,EAST 233 STREET,2026-09-20T19:46:17+00:00
Bronx|888|HOME STREET,ok,2026920043,2005286,"888 HOME STREET, Bronx, NY, USA",0.8,fallback,888,HOME STREET,2026-09-20T19:46:17+00:00
Bronx|890|CALDWELL AVENUE,mismatch,,,"6919 CALDWELL AVENUE, Maspeth, NY, USA",,,6919,CALDWELL AVENUE,2026-09-20T19:46:17+00:00
Bronx|896|EAST 167 STREET,ok,2027160033,2000000,"896 EAST 167 STREET, Bronx, NY, USA",0.8,fallback,896,EAST 167 STREET,2026-09-20T19:46:17+00:00
Bronx|900|GRAND CONCOURSE,ok,2024600001,2002802,"900 GRAND CONCOURSE, Bronx, NY, USA",0.8,fallback,900,GRAND CONCOURSE,2026-09-20T19:46:17+00:00
Bronx|921|EAST 149 STREET,ok,2026040280,2089855,"921 EAST 149 STREET, Bronx, NY, USA",0.8,fallback,921,EAST 149 STREET,2026-09-20T19:46:17+00:00
Bronx|941|JEROME AVENUE,ok,2025040036,2003035,"941 JEROME AVENUE, Bronx, NY, USA",0.8,fallback,941,JEROME AVENUE,2026-09-20T19:46:18+00:00
Bronx|947|COURTLAND AVENUE,ok,2024090050,2000000,"947 COURTLAND AVENUE, Bronx, NY, USA",0.8,fallback,947,COURTLAND AVENUE,2026-09-20T19:46:18+00:00
Bronx|959|ANDERSON AVENUE,ok,2025070032,2129679,"959 ANDERSON AVENUE, Bronx, NY, USA",0.8,fallback,959,ANDERSON AVENUE,2026-09-20T19:46:18+00:00
Bronx|990|ANDERSON AVENUE,ok,2025040075,2003050,"990 ANDERSON AVENUE, Bronx, NY, USA",0.8,fallback,990,ANDERSON AVENUE,2026-09-20T19:46:18+00:00
Brooklyn|1010|57 STREET,ok,3056950010,3140284,"1010 57 STREET, Brooklyn, NY, USA",0.8,fallback,1010,57 STREET,2026-09-20T19:46:18+00:00
Brooklyn|101|HALSEY STREET,ok,3018380087,3052726,"101 HALSEY STREET, Brooklyn, NY, USA",0.8,fallback,101,HALSEY STREET,2026-09-20T19:46:18+00:00
Brooklyn|101|PATCHEN AVENUE,ok,3016380005,3044710,"101 PATCHEN AVENUE, Brooklyn, NY, USA",0.8,fallback,101,PATCHEN AVENUE,2026-09-20T19:46:18+00:00
Brooklyn|1027|CHURCH AVENUE,ok,3050710037,3116325,"1027 CHURCH AVENUE, Brooklyn, NY, USA",0.8,fallback,1027,CHURCH AVENUE,2026-09-20T19:46:18+00:00
Brooklyn|1041|FOSTER AVENUE,mismatch,,,"2523 FOSTER AVENUE, Brooklyn, NY, USA",,,2523,FOSTER AVENUE,2026-09-20T19:46:18+00:00
Brooklyn|1045|FLATBUSH AVENUE,ok,3051320080,3000000,"1045 FLATBUSH AVENUE, Brooklyn, NY, USA",0.8,fallback,1045,FLATBUSH AVENUE,2026-09-20T19:46:18+00:00
Brooklyn|1056|MANHATTAN AVENUE,ok,3025050005,3428568,"1056 MANHATTAN AVENUE, Brooklyn, NY, USA",0.8,fallback,1056,MANHATTAN AVENUE,2026-09-20T19:46:19+00:00
Brooklyn|1057|PRESIDENT STREET,ok,3012740001,3000000,"1057 PRESIDENT STREET, Brooklyn, NY, USA",0.8,fallback,1057,PRESIDENT STREET,2026-09-20T19:46:19+00:00
Brooklyn|105|MOORE STREET,ok,3030970028,3071462,"105 MOORE STREET, Brooklyn, NY, USA",0.8,fallback,105,MOORE STREET,2026-09-20T19:46:18+00:00
Brooklyn|105|ROGERS AVENUE,ok,3012330007,3430306,"105 ROGERS AVENUE, Brooklyn, NY, USA",0.8,fallback,105,ROGERS AVENUE,2026-09-20T19:46:18+00:00
Brooklyn|1064|EAST 19 STREET,ok,3067200060,3180152,"1064 EAST 19 STREET, Brooklyn, NY, USA",0.8,fallback,1064,EAST 19 STREET,2026-09-20T19:46:19+00:00
Brooklyn|106|LAWRENCE AVENUE,ok,3054220031,3000000,"106 LAWRENCE AVENUE, Brooklyn, NY, USA",0.8,fallback,106,LAWRENCE AVENUE,2026-09-20T19:46:19+00:00
Brooklyn|1089|PRESIDENT STREET,ok,3012747501,3427017,"1089 PRESIDENT STREET, Brooklyn, NY, USA",0.8,fallback,1089,PRESIDENT STREET,2026-09-20T19:46:19+00:00
Brooklyn|109|AMERSFORT PLACE,ok,3075560031,3205818,"109 AMERSFORT PLACE, Brooklyn, NY, USA",0.8,fallback,109,AMERSFORT PLACE,2026-09-20T19:46:19+00:00
Brooklyn|10|EVERGREEN AVENUE,ok,3031230037,3071631,"10 EVERGREEN AVENUE, Brooklyn, NY, USA",0.8,fallback,10,EVERGREEN AVENUE,2026-09-20T19:46:18+00:00
Brooklyn|1100|MYRTLE AVENUE,ok,3015867501,3427349,"1100 MYRTLE AVENUE, Brooklyn, NY, USA",0.8,fallback,1100,MYRTLE AVENUE,2026-09-20T19:46:20+00:00
Brooklyn|1104|BEDFORD AVENUE,ok,3019710028,3425776,"1104 BEDFORD AVENUE, Brooklyn, NY, USA",0.8,fallback,1104,BEDFORD AVENUE,2026-09-20T19:46:20+00:00
Brooklyn|1106|GATES AVENUE,ok,3033390010,3076406,"1106 GATES AVENUE, Brooklyn, NY, USA",0.8,fallback,1106,GATES AVENUE,2026-09-20T19:46:20+00:00
Brooklyn|1107|PRESIDENT STREET,mismatch,,,"631 PRESIDENT STREET, Brooklyn, NY, USA",,,631,PRESIDENT STREET,2026-09-20T19:46:20+00:00
Brooklyn|1107|ROGERS AVENUE,ok,3051930001,3119908,"1107 ROGERS AVENUE, Brooklyn, NY, USA",0.8,fallback,1107,ROGERS AVENUE,2026-09-20T19:46:20+00:00
Brooklyn|1109|DECATUR AVENUE,mismatch,,,"1109 DECATUR STREET, Brooklyn, NY, USA",,,1109,DECATUR STREET,2026-09-20T19:46:20+00:00
Brooklyn|1109|DECATUR STREET,ok,3034280067,3079476,"1109 DECATUR STREET, Brooklyn, NY, USA",0.8,fallback,1109,DECATUR STREET,2026-09-20T19:51:06+00:00
Brooklyn|110|78 STREET,mismatch,,,"110 EAST 78 STREET, New York, NY, USA",,,110,EAST 78 STREET,2026-09-20T19:51:06+00:00
Brooklyn|110|KENT AVENUE,ok,3023160049,3061864,"110 KENT AVENUE, Brooklyn, NY, USA",0.8,fallback,110,KENT AVENUE,2026-09-20T19:46:19+00:00
Brooklyn|110|LEE AVENUE,ok,3021990033,3060172,"110 LEE AVENUE, Brooklyn, NY, USA",0.8,fallback,110,LEE AVENUE,2026-09-20T19:46:19+00:00
Brooklyn|110|NORTH 9 STREET,ok,3023100018,3061747,"110 NORTH 9 STREET, Brooklyn, NY, USA",0.8,fallback,110,NORTH 9 STREET,2026-09-20T19:46:19+00:00
Brooklyn|1111|OCEAN AVENUE,ok,3052410031,3121398,"1111 OCEAN AVENUE, Brooklyn, NY, USA",0.8,fallback,1111,OCEAN AVENUE,2026-09-20T19:46:20+00:00
Brooklyn|1117|ASHFORD STREET,ok,3044520467,3421922,"1117 ASHFORD STREET, Brooklyn, NY, USA",0.8,fallback,1117,ASHFORD STREET,2026-09-20T19:46:20+00:00
Brooklyn|1117|EAST 103 STREET,ok,3082490033,3232235,"1117 EAST 103 STREET, Brooklyn, NY, USA",0.8,fallback,1117,EAST 103 STREET,2026-09-20T19:46:20+00:00
Brooklyn|1118|65 STREET,ok,3057520012,3142216,"1118 65 STREET, Brooklyn, NY, USA",0.8,fallback,1118,65 STREET,2026-09-20T19:46:20+00:00
Brooklyn|111|HICKS STREET,ok,3002310019,3001726,"111 HICKS STREET, Brooklyn, NY, USA",0.8,fallback,111,HICKS STREET,2026-09-20T19:46:20+00:00
Brooklyn|112|78 STREET,mismatch,,,"112 WEST 78 STREET, New York, NY, USA",,,112,WEST 78 STREET,2026-09-20T19:51:06+00:00
Brooklyn|1133|57 STREET,ok,3056890067,3140041,"1133 57 STREET, Brooklyn, NY, USA",0.8,fallback,1133,57 STREET,2026-09-20T19:46:20+00:00
Brooklyn|1143|EAST 42 STREET,ok,3077900022,3216009,"1143 EAST 42 STREET, Brooklyn, NY, USA",0.8,fallback,1143,EAST 42 STREET,2026-09-20T19:46:20+00:00
Brooklyn|1148|FLATBUSH AVENUE,ok,3051860090,3119596,"1148 FLATBUSH AVENUE, Brooklyn, NY, USA",0.8,fallback,1148,FLATBUSH AVENUE,2026-09-20T19:46:20+00:00
Brooklyn|1150|58 STREET,ok,3057030022,3140654,"1150 58 STREET, Brooklyn, NY, USA",0.8,fallback,1150,58 STREET,2026-09-20T19:46:20+00:00
Brooklyn|1157|BAY RIDGE AVENUE,ok,3057730048,3143173,"1157 BAY RIDGE AVENUE, Brooklyn, NY, USA",0.8,fallback,1157,BAY RIDGE AVENUE,2026-09-20T19:46:20+00:00
Brooklyn|11629|SEAVIEW AVENUE,ok,3045860501,3421879,"11629 SEAVIEW AVENUE, Brooklyn, NY, USA",0.8,fallback,11629,SEAVIEW AVENUE,2026-09-20T19:46:21+00:00
Brooklyn|116|15 STREET,ok,3010460025,3428891,"116 15 STREET, Brooklyn, NY, USA",0.8,fallback,116,15 STREET,2026-09-20T19:46:21+00:00
Brooklyn|116|78 STREET,mismatch,,,"116 EAST 78 STREET, New York, NY, USA",,,116,EAST 78 STREET,2026-09-20T19:51:06+00:00
Brooklyn|116|AVENUE S,ok,3070790007,3189917,"116 AVENUE S, Brooklyn, NY, USA",0.8,fallback,116,AVENUE S,2026-09-20T19:51:06+00:00
Brooklyn|117|EAST 95 STREET,ok,3046140068,3100099,"117 EAST 95 STREET, Brooklyn, NY, USA",0.8,fallback,117,EAST 95 STREET,2026-09-20T19:46:21+00:00
Brooklyn|1180|HANCOCK STREET,ok,3033970010,3078285,"1180 HANCOCK STREET, Brooklyn, NY, USA",0.8,fallback,1180,HANCOCK STREET,2026-09-20T19:46:21+00:00
Brooklyn|118|AVENUE T,ok,3070960009,3190933,"118 AVENUE T, Brooklyn, NY, USA",0.8,fallback,118,AVENUE T,2026-09-20T19:51:06+00:00
Brooklyn|118|BATTERY AVENUE,ok,3060927503,3154885,"118 BATTERY AVENUE, Brooklyn, NY, USA",0.8,fallback,118,BATTERY AVENUE,2026-09-20T19:46:21+00:00
Brooklyn|119|RYERSON STREET,ok,3018920006,3000000,"119 RYERSON STREET, Brooklyn, NY, USA",0.8,fallback,119,RYERSON STREET,2026-09-20T19:46:21+00:00
Brooklyn|11|3 STREET,ok,3004607502,3007863,"11 3 STREET, Brooklyn, NY, USA",0.8,fallback,11,3 STREET,2026-09-20T19:46:19+00:00
Brooklyn|11|CROOKE AVENUE,ok,3050580062,3116090,"11 CROOKE AVENUE, Brooklyn, NY, USA",0.8,fallback,11,CROOKE AVENUE,2026-09-20T19:46:19+00:00
Brooklyn|11|GERRY STREET,ok,3022650022,3429038,"11 GERRY STREET, Brooklyn, NY, USA",0.8,fallback,11,GERRY STREET,2026-09-20T19:46:19+00:00
Brooklyn|11|HOYT STREET,ok,3001577501,3329438,"11 HOYT STREET, Brooklyn, NY, USA",0.8,fallback,11,HOYT STREET,2026-09-20T19:46:19+00:00
Brooklyn|1208|TINTON AVENUE,mismatch,,,"1208 TINTON AVENUE, Bronx, NY, USA",,,1208,TINTON AVENUE,2026-09-20T19:46:21+00:00
Brooklyn|12091|FLATLANDS AVENUE,ok,3044110024,3253012,"12091 FLATLANDS AVENUE, Brooklyn, NY, USA",0.8,fallback,12091,FLATLANDS AVENUE,2026-09-20T19:46:21+00:00
Brooklyn|1214|43 STREET,ok,3056040012,3136137,"1214 43 STREET, Brooklyn, NY, USA",0.8,fallback,1214,43 STREET,2026-09-20T19:46:21+00:00
Brooklyn|1227|47 STREET,ok,3056220061,3396984,"1227 47 STREET, Brooklyn, NY, USA",0.8,fallback,1227,47 STREET,2026-09-20T19:46:22+00:00
Brooklyn|122|SAPPHIRE STREET,mismatch,,,"14940 SAPPHIRE STREET, Brooklyn, NY, USA",,,14940,SAPPHIRE STREET,2026-09-20T19:46:21+00:00
Brooklyn|1235|HERKIMER STREET,ok,3015510024,3042177,"1235 HERKIMER STREET, Brooklyn, NY, USA",0.8,fallback,1235,HERKIMER STREET,2026-09-20T19:46:22+00:00
Brooklyn|1252|HERKIMER STREET,ok,3015660023,3042551,"1252 HERKIMER STREET, Brooklyn, NY, USA",0.8,fallback,1252,HERKIMER STREET,2026-09-20T19:46:22+00:00
Brooklyn|1255|DECATUR STREET,ok,3034300050,3326352,"1255 DECATUR STREET, Brooklyn, NY, USA",0.8,fallback,1255,DECATUR STREET,2026-09-20T19:46:22+00:00
Brooklyn|125|26 STREET,ok,3006530001,3009593,"125 26 STREET, Brooklyn, NY, USA",0.8,fallback,125,26 STREET,2026-09-20T19:46:22+00:00
Brooklyn|1270|64 STREET,ok,3057467504,3142032,"1270 64 STREET, Brooklyn, NY, USA",0.8,fallback,1270,64 STREET,2026-09-20T19:46:22+00:00
Brooklyn|1270|78 STREET,ok,3062550037,3161854,"1270 78 STREET, Brooklyn, NY, USA",0.8,fallback,1270,78 STREET,2026-09-20T19:46:22+00:00
Brooklyn|127|PARK PLACE,ok,3009390055,3018953,"127 PARK PLACE, Brooklyn, NY, USA",0.8,fallback,127,PARK PLACE,2026-09-20T19:51:06+00:00
Brooklyn|1288|SUTTER AVENUE,ok,3042660029,3095691,"1288 SUTTER AVENUE, Brooklyn, NY, USA",0.8,fallback,1288,SUTTER AVENUE,2026-09-20T19:46:22+00:00
Brooklyn|128|22 STREET,ok,3006450012,3336840,"128 22 STREET, Brooklyn, NY, USA",0.8,fallback,128,22 STREET,2026-09-20T19:46:22+00:00
Brooklyn|1294|PUTNAM AVENUE,ok,3033760024,3077255,"1294 PUTNAM AVENUE, Brooklyn, NY, USA",0.8,fallback,1294,PUTNAM AVENUE,2026-09-20T19:46:22+00:00
Brooklyn|1297|TROY AVENUE,ok,3049780068,3112993,"1297 TROY AVENUE, Brooklyn, NY, USA",0.8,fallback,1297,TROY AVENUE,2026-09-20T19:46:22+00:00
Brooklyn|1309|EAST NEW YORK AVENUE,ok,3014760029,3251214,"1309 EAST NEW YORK AVENUE, Brooklyn, NY, USA",0.8,fallback,1309,EAST NEW YORK AVENUE,2026-09-20T19:46:22+00:00
Brooklyn|1309|HOE AVENUE,mismatch,,,"1309 HOE AVENUE, Bronx, NY, USA",,,1309,HOE AVENUE,2026-09-20T19:46:23+00:00
Brooklyn|130|VAN DYKE STREET,ok,3005970031,3008799,"130 VAN DYKE STREET, Brooklyn, NY, USA",0.8,fallback,130,VAN DYKE STREET,2026-09-20T19:46:22+00:00
Brooklyn|1311|BRIGHTWATER AVENUE,ok,3087210375,3245726,"1311 BRIGHTWATER AVENUE, Brooklyn, NY, USA",0.8,fallback,1311,BRIGHTWATER AVENUE,2026-09-20T19:46:23+00:00
Brooklyn|1314|LINCOLN PLACE,ok,3013900016,3418117,"1314 LINCOLN PLACE, Brooklyn, NY, USA",0.8,fallback,1314,LINCOLN PLACE,2026-09-20T19:46:23+00:00
Brooklyn|1320|53 STREET,ok,3056707506,3418362,"1320 53 STREET, Brooklyn, NY, USA",0.8,fallback,1320,53 STREET,2026-09-20T19:46:23+00:00
Brooklyn|1321|FLATBUSH AVENUE,ok,3052110073,3120364,"1321 FLATBUSH AVENUE, Brooklyn, NY, USA",0.8,fallback,1321,FLATBUSH AVENUE,2026-09-20T19:46:23+00:00
Brooklyn|1323|SURF AVENUE,ok,3070640031,3000000,"1323 SURF AVENUE, Brooklyn, NY, USA",0.8,fallback,1323,SURF AVENUE,2026-09-20T19:46:23+00:00
Brooklyn|1325|PROSPECT PLACE,ok,3013600081,3036069,"1325 PROSPECT PLACE, Brooklyn, NY, USA",0.8,fallback,1325,PROSPECT PLACE,2026-09-20T19:46:23+00:00
Brooklyn|133-139|RUBY STREET,mismatch,,,"133-39 RUBY STREET, Howard Beach, NY, USA",,,133-39,RUBY STREET,2026-09-20T19:54:22+00:00
Brooklyn|133-146|EMERALD STREET,mismatch,,,"133-46 EMERALD STREET, Howard Beach, NY, USA",,,133-46,EMERALD STREET,2026-09-20T19:54:22+00:00
Brooklyn|1335|EAST 65 STREET,ok,3083650026,3000000,"1335 EAST 65 STREET, Brooklyn, NY, USA",0.8,fallback,1335,EAST 65 STREET,2026-09-20T19:46:23+00:00
Brooklyn|1339|FULTON STREET,ok,3018490035,3053248,"1339 FULTON STREET, Brooklyn, NY, USA",0.8,fallback,1339,FULTON STREET,2026-09-20T19:46:23+00:00
Brooklyn|134|BROADWAY,ok,3021310018,3059515,"134 BROADWAY, Brooklyn, NY, USA",0.8,fallback,134,BROADWAY,2026-09-20T19:46:23+00:00
Brooklyn|1352|36 STREET,ok,3053010020,3000000,"1352 36 STREET, Brooklyn, NY, USA",0.8,fallback,1352,36 STREET,2026-09-20T19:46:23+00:00
Brooklyn|1355|EAST 18 STREET,ok,3067470073,3181109,"1355 EAST 18 STREET, Brooklyn, NY, USA",0.8,fallback,1355,EAST 18 STREET,2026-09-20T19:46:23+00:00
Brooklyn|135|EASTERN PARKWAY,ok,3011790047,3029628,"135 EASTERN PARKWAY, Brooklyn, NY, USA",0.8,fallback,135,EASTERN PARKWAY,2026-09-20T19:46:23+00:00
Brooklyn|135|EMERSON PLACE,ok,3019090015,3329825,"135 EMERSON PLACE, Brooklyn, NY, USA",0.8,fallback,135,EMERSON PLACE,2026-09-20T19:46:23+00:00
Brooklyn|135|MENAHAN STREET,ok,3033060053,3075660,"135 MENAHAN STREET, Brooklyn, NY, USA",0.8,fallback,135,MENAHAN STREET,2026-09-20T19:46:23+00:00
Brooklyn|1364|65 STREET,ok,3057540033,3142290,"1364 65 STREET, Brooklyn, NY, USA",0.8,fallback,1364,65 STREET,2026-09-20T19:46:24+00:00
Brooklyn|1371|EAST 18 STREET,ok,3067470068,3181108,"1371 EAST 18 STREET, Brooklyn, NY, USA",0.8,fallback,1371,EAST 18 STREET,2026-09-20T19:46:24+00:00
Brooklyn|137|LINDEN STREET,ok,3033230050,3076103,"137 LINDEN STREET, Brooklyn, NY, USA",0.8,fallback,137,LINDEN STREET,2026-09-20T19:46:24+00:00
Brooklyn|1388|BUSHWICK AVENUE,ok,3034380033,3338507,"1388 BUSHWICK AVENUE, Brooklyn, NY, USA",0.8,fallback,1388,BUSHWICK AVENUE,2026-09-20T19:46:24+00:00
Brooklyn|13|HARRISON STREET,mismatch,,,"13 HARRISON STREET, New York, NY, USA",,,13,HARRISON STREET,2026-09-20T19:46:22+00:00
Brooklyn|140|BAY 22 STREET,ok,3064060040,3426837,"140 BAY 22 STREET, Brooklyn, NY, USA",0.8,fallback,140,BAY 22 STREET,2026-09-20T19:46:24+00:00
Brooklyn|1410|ST JOHNS PLACE,ok,3013840035,3037070,"1410 SAINT JOHNS PLACE, Brooklyn, NY, USA",0.8,fallback,1410,SAINT JOHNS PLACE,2026-09-20T19:51:07+00:00
Brooklyn|1415|71 STREET,ok,3061680073,3157157,"1415 71 STREET, Brooklyn, NY, USA",0.8,fallback,1415,71 STREET,2026-09-20T19:46:24+00:00
Brooklyn|141|EAST 21 STREET,ok,3050820067,3116594,"141 EAST 21 STREET, Brooklyn, NY, USA",0.8,fallback,141,EAST 21 STREET,2026-09-20T19:46:24+00:00
Brooklyn|141|JOHNSON AVENUE,ok,3030617502,3400453,"141 JOHNSON AVENUE, Brooklyn, NY, USA",0.8,fallback,141,JOHNSON AVENUE,2026-09-20T19:46:24+00:00
Brooklyn|141|WILLOUGHBY STREET,ok,3020600001,3058246,"141 WILLOUGHBY STREET, Brooklyn, NY, USA",0.8,fallback,141,WILLOUGHBY STREET,2026-09-20T19:46:24+00:00
Brooklyn|1425|FULTON STREET,ok,3018540049,3323647,"1425 FULTON STREET, Brooklyn, NY, USA",0.8,fallback,1425,FULTON STREET,2026-09-20T19:46:24+00:00
Brooklyn|142|HIGHLAWN AVENUE,ok,3066720006,3320861,"142 HIGHLAWN AVENUE, Brooklyn, NY, USA",0.8,fallback,142,HIGHLAWN AVENUE,2026-09-20T19:46:24+00:00
Brooklyn|1437|52 STREET,ok,3056570061,3138432,"1437 52 STREET, Brooklyn, NY, USA",0.8,fallback,1437,52 STREET,2026-09-20T19:46:25+00:00
Brooklyn|143|MONTAGUE STREET,ok,3002430016,3001986,"143 MONTAGUE STREET, Brooklyn, NY, USA",0.8,fallback,143,MONTAGUE STREET,2026-09-20T19:46:24+00:00
Brooklyn|143|ROEBLING STREET,ok,3023680001,3342064,"143 ROEBLING STREET, Brooklyn, NY, USA",0.8,fallback,143,ROEBLING STREET,2026-09-20T19:46:25+00:00
Brooklyn|1442|44 STREET,ok,3056120020,3327682,"1442 44 STREET, Brooklyn, NY, USA",0.8,fallback,1442,44 STREET,2026-09-20T19:46:25+00:00
Brooklyn|145|KENILWORTH PLACE,ok,3075577501,3205836,"145 KENILWORTH PLACE, Brooklyn, NY, USA",0.8,fallback,145,KENILWORTH PLACE,2026-09-20T19:46:25+00:00
Brooklyn|1473|FULTON STREET,ok,3018570024,3338750,"1473 FULTON STREET, Brooklyn, NY, USA",0.8,fallback,1473,FULTON STREET,2026-09-20T19:46:25+00:00
Brooklyn|149|12 STREET,ok,3010200045,3022771,"149 12 STREET, Brooklyn, NY, USA",0.8,fallback,149,12 STREET,2026-09-20T19:46:25+00:00
Brooklyn|1502|WEST 6 STREET,ok,3066000008,3174339,"1502 WEST 6 STREET, Brooklyn, NY, USA",0.8,fallback,1502,WEST 6 STREET,2026-09-20T19:46:25+00:00
Brooklyn|1505|EAST 29 STREET,ok,3076900044,3211288,"1505 EAST 29 STREET, Brooklyn, NY, USA",0.8,fallback,1505,EAST 29 STREET,2026-09-20T19:46:25+00:00
Brooklyn|150|CALYER STREET,ok,3025950017,3065306,"150 CALYER STREET, Brooklyn, NY, USA",0.8,fallback,150,CALYER STREET,2026-09-20T19:46:25+00:00
Brooklyn|150|CAYLER STREET,mismatch,,,"150 LIVINGSTON STREET, Brooklyn, NY, USA",,,150,LIVINGSTON STREET,2026-09-20T19:51:07+00:00
Brooklyn|1510|BROADWAY,ok,3014897501,3427485,"1510 BROADWAY, Brooklyn, NY, USA",0.8,fallback,1510,BROADWAY,2026-09-20T19:46:26+00:00
Brooklyn|1515|CARROLL STREET,ok,3014070001,3000000,"1515 CARROLL STREET, Brooklyn, NY, USA",0.8,fallback,1515,CARROLL STREET,2026-09-20T19:46:26+00:00
Brooklyn|151|BALTIC STREET,ok,3003050034,3003315,"151 BALTIC STREET, Brooklyn, NY, USA",0.8,fallback,151,BALTIC STREET,2026-09-20T19:46:25+00:00
Brooklyn|151|ETNA STREET,ok,3041020051,3090807,"151 ETNA STREET, Brooklyn, NY, USA",0.8,fallback,151,ETNA STREET,2026-09-20T19:46:25+00:00
Brooklyn|1526|PACIFIC STREET,ok,3012100038,3030209,"1526 PACIFIC STREET, Brooklyn, NY, USA",0.8,fallback,1526,PACIFIC STREET,2026-09-20T19:46:26+00:00
Brooklyn|1529|BROOKLYN AVENUE,ok,3050110031,3000000,"1529 BROOKLYN AVENUE, Brooklyn, NY, USA",0.8,fallback,1529,BROOKLYN AVENUE,2026-09-20T19:46:26+00:00
Brooklyn|1538|NEW YORK AVENUE,ok,3050070062,3114052,"1538 NEW YORK AVENUE, Brooklyn, NY, USA",0.8,fallback,1538,NEW YORK AVENUE,2026-09-20T19:46:26+00:00
Brooklyn|1539|STERLING PLACE,ok,3013740070,3036628,"1539 STERLING PLACE, Brooklyn, NY, USA",0.8,fallback,1539,STERLING PLACE,2026-09-20T19:46:26+00:00
Brooklyn|1541|MYRTLE AVENUE,ok,3033280001,3076173,"1541 MYRTLE AVENUE, Brooklyn, NY, USA",0.8,fallback,1541,MYRTLE AVENUE,2026-09-20T19:46:26+00:00
Brooklyn|1542|38 STREET,ok,3053660021,3125848,"1542 38 STREET, Brooklyn, NY, USA",0.8,fallback,1542,38 STREET,2026-09-20T19:46:26+00:00
Brooklyn|154|WASHINGTON AVENUE,ok,3018890081,3054395,"154 WASHINGTON AVENUE, Brooklyn, NY, USA",0.8,fallback,154,WASHINGTON AVENUE,2026-09-20T19:46:26+00:00
Brooklyn|1554|DUMONT AVENUE,ok,3044720003,3098625,"1554 DUMONT AVENUE, Brooklyn, NY, USA",0.8,fallback,1554,DUMONT AVENUE,2026-09-20T19:46:26+00:00
Brooklyn|1558|PACIFIC STREET,ok,3013400020,3000000,"1558 PACIFIC STREET, Brooklyn, NY, USA",0.8,fallback,1558,PACIFIC STREET,2026-09-20T19:46:26+00:00
Brooklyn|1560|PACIFIC STREET,ok,3013400021,3000000,"1560 PACIFIC STREET, Brooklyn, NY, USA",0.8,fallback,1560,PACIFIC STREET,2026-09-20T19:46:26+00:00
Brooklyn|1561|BEDFORD AVENUE,ok,3012740001,3033161,"1561 BEDFORD AVENUE, Brooklyn, NY, USA",0.8,fallback,1561,BEDFORD AVENUE,2026-09-20T19:46:26+00:00
Brooklyn|1571|KIMBALL STREET,ok,3078590011,3219273,"1571 KIMBALL STREET, Brooklyn, NY, USA",0.8,fallback,1571,KIMBALL STREET,2026-09-20T19:46:26+00:00
Brooklyn|1572|EAST 15 STREET,ok,3067610037,3181818,"1572 EAST 15 STREET, Brooklyn, NY, USA",0.8,fallback,1572,EAST 15 STREET,2026-09-20T19:46:26+00:00
Brooklyn|15|ABERDEEN STREET,ok,3034660056,3080436,"15 ABERDEEN STREET, Brooklyn, NY, USA",0.8,fallback,15,ABERDEEN STREET,2026-09-20T19:46:25+00:00
Brooklyn|15|HUDSON AVENUE,mismatch,,,"15 HUDSON BOULEVARD, Brooklyn, NY, USA",,,15,HUDSON BOULEVARD,2026-09-20T19:46:25+00:00
Brooklyn|15|KOSSUTH PLACE,ok,3032520050,3392657,"15 KOSSUTH PLACE, Brooklyn, NY, USA",0.8,fallback,15,KOSSUTH PLACE,2026-09-20T19:46:25+00:00
Brooklyn|1602|EAST 56 STREET,ok,3084950048,3239863,"1602 EAST 56 STREET, Brooklyn, NY, USA",0.8,fallback,1602,EAST 56 STREET,2026-09-20T19:46:27+00:00
Brooklyn|160|EAST 46 STREET,ok,3048250040,3107617,"160 EAST 46 STREET, Brooklyn, NY, USA",0.8,fallback,160,EAST 46 STREET,2026-09-20T19:46:27+00:00
Brooklyn|161|NORTH 5 STREET,ok,3023360038,3408189,"161 NORTH 5 STREET, Brooklyn, NY, USA",0.8,fallback,161,NORTH 5 STREET,2026-09-20T19:46:27+00:00
Brooklyn|1623|AVENUE P,ok,3067630046,3000000,"1623 AVENUE P, Brooklyn, NY, USA",0.8,fallback,1623,AVENUE P,2026-09-20T19:51:07+00:00
Brooklyn|162|MOFFAT STREET,ok,3034460030,3080144,"162 MOFFAT STREET, Brooklyn, NY, USA",0.8,fallback,162,MOFFAT STREET,2026-09-20T19:46:27+00:00
Brooklyn|1634|66 STREET,ok,3055590023,3134191,"1634 66 STREET, Brooklyn, NY, USA",0.8,fallback,1634,66 STREET,2026-09-20T19:46:27+00:00
Brooklyn|1634|CHURCH AVENUE,ok,3050977501,3426423,"1634 CHURCH AVENUE, Brooklyn, NY, USA",0.8,fallback,1634,CHURCH AVENUE,2026-09-20T19:46:27+00:00
Brooklyn|163|RUTLEDGE STREET,ok,3022180044,3060794,"163 RUTLEDGE STREET, Brooklyn, NY, USA",0.8,fallback,163,RUTLEDGE STREET,2026-09-20T19:46:27+00:00
Brooklyn|164|SUYDAM STREET,ok,3032180014,3073119,"164 SUYDAM STREET, Brooklyn, NY, USA",0.8,fallback,164,SUYDAM STREET,2026-09-20T19:46:27+00:00
Brooklyn|1662|45 STREET,ok,3054340033,3128476,"1662 45 STREET, Brooklyn, NY, USA",0.8,fallback,1662,45 STREET,2026-09-20T19:46:27+00:00
Brooklyn|1668|EAST 48 STREET,ok,3078720068,3219828,"1668 EAST 48 STREET, Brooklyn, NY, USA",0.8,fallback,1668,EAST 48 STREET,2026-09-20T19:46:27+00:00
Brooklyn|166|KINGS HIGHWAY,ok,3066190042,3175285,"166 KINGS HIGHWAY, Brooklyn, NY, USA",0.8,fallback,166,KINGS HIGHWAY,2026-09-20T19:46:27+00:00
Brooklyn|1670|42 STREET,ok,3053800033,3126428,"1670 42 STREET, Brooklyn, NY, USA",0.8,fallback,1670,42 STREET,2026-09-20T19:46:27+00:00
Brooklyn|168|PLYMOUTH STREET,ok,3000307501,3329410,"168 PLYMOUTH STREET, Brooklyn, NY, USA",0.8,fallback,168,PLYMOUTH STREET,2026-09-20T19:46:27+00:00
Brooklyn|169|LOTT STREET,ok,3051360062,3117945,"169 LOTT STREET, Brooklyn, NY, USA",0.8,fallback,169,LOTT STREET,2026-09-20T19:46:28+00:00
Brooklyn|16|SPENCER PLACE,ok,3019990022,3000000,"16 SPENCER PLACE, Brooklyn, NY, USA",0.8,fallback,16,SPENCER PLACE,2026-09-20T19:46:27+00:00
Brooklyn|1701|ALLERTON AVENUE,mismatch,,,"1701 ALLERTON AVENUE, Bronx, NY, USA",,,1701,ALLERTON AVENUE,2026-09-20T19:46:28+00:00
Brooklyn|1715|EAST 17 STREET,ok,3068000086,3183129,"1715 EAST 17 STREET, Brooklyn, NY, USA",0.8,fallback,1715,EAST 17 STREET,2026-09-20T19:46:28+00:00
Brooklyn|1717|SHORE PARKWAY,ok,3069250079,3187579,"1717 SHORE PARKWAY, Brooklyn, NY, USA",0.8,fallback,1717,SHORE PARKWAY,2026-09-20T19:46:28+00:00
Brooklyn|1719|AVENUE P,ok,3067640046,3181968,"1719 AVENUE P, Brooklyn, NY, USA",0.8,fallback,1719,AVENUE P,2026-09-20T19:51:07+00:00
Brooklyn|171|STOCKHOLM STREET,ok,3032460043,3326326,"171 STOCKHOLM STREET, Brooklyn, NY, USA",0.8,fallback,171,STOCKHOLM STREET,2026-09-20T19:46:28+00:00
Brooklyn|1729|54 STREET,ok,3054790068,3130259,"1729 54 STREET, Brooklyn, NY, USA",0.8,fallback,1729,54 STREET,2026-09-20T19:46:28+00:00
Brooklyn|1730|BEDFORD AVENUE,ok,3013067501,3430013,"1730 BEDFORD AVENUE, Brooklyn, NY, USA",0.8,fallback,1730,BEDFORD AVENUE,2026-09-20T19:46:28+00:00
Brooklyn|1740-1746|NOSTRAND AVENUE,mismatch,,,"1746 NOSTRAND AVENUE, Brooklyn, NY, USA",,,1746,NOSTRAND AVENUE,2026-09-20T19:51:07+00:00
Brooklyn|174|MESEROLE STREET,ok,3030530013,3071138,"174 MESEROLE STREET, Brooklyn, NY, USA",0.8,fallback,174,MESEROLE STREET,2026-09-20T19:46:28+00:00
Brooklyn|175|28 AVENUE,ok,3069160065,3187375,"175 28 AVENUE, Brooklyn, NY, USA",0.8,fallback,175,28 AVENUE,2026-09-20T19:46:28+00:00
Brooklyn|1770|KIMBALL STREET,ok,3078860069,3220641,"1770 KIMBALL STREET, Brooklyn, NY, USA",0.8,fallback,1770,KIMBALL STREET,2026-09-20T19:46:28+00:00
Brooklyn|1782|EAST 92 STREET,ok,3083220028,3235091,"1782 EAST 92 STREET, Brooklyn, NY, USA",0.8,fallback,1782,EAST 92 STREET,2026-09-20T19:46:28+00:00
Brooklyn|1802|WEST 8 STREET,ok,3066720006,3320861,"1802 WEST 8 STREET, Brooklyn, NY, USA",0.8,fallback,1802,WEST 8 STREET,2026-09-20T20:11:01+00:00
Brooklyn|1809|EMMONS AVENUE,ok,3087737501,3247051,"1809 EMMONS AVENUE, Brooklyn, NY, USA",0.8,fallback,1809,EMMONS AVENUE,2026-09-20T19:41:58+00:00
Brooklyn|180|REMSEN STREET,ok,3002550036,3335934,"180 REMSEN STREET, Brooklyn, NY, USA",0.8,fallback,180,REMSEN STREET,2026-09-20T19:46:28+00:00
Brooklyn|181|LANGHAM STREET,ok,3087550066,3246648,"181 LANGHAM STREET, Brooklyn, NY, USA",0.8,fallback,181,LANGHAM STREET,2026-09-20T19:46:28+00:00
Brooklyn|182|FLATBUSH AVENUE,ok,3009290001,3018408,"182 FLATBUSH AVENUE, Brooklyn, NY, USA",0.8,fallback,182,FLATBUSH AVENUE,2026-09-20T19:46:29+00:00
Brooklyn|182|GRAHAM AVENUE,ok,3030530008,3327943,"182 GRAHAM AVENUE, Brooklyn, NY, USA",0.8,fallback,182,GRAHAM AVENUE,2026-09-20T19:46:29+00:00
Brooklyn|183|MINNA STREET,ok,3053040021,3123492,"183 MINNA STREET, Brooklyn, NY, USA",0.8,fallback,183,MINNA STREET,2026-09-20T19:46:29+00:00
Brooklyn|1840|60 STREET,ok,3055190022,3132147,"1840 60 STREET, Brooklyn, NY, USA",0.8,fallback,1840,60 STREET,2026-09-20T19:46:29+00:00
Brooklyn|1845|58 STREET,ok,3054940111,3130925,"1845 58 STREET, Brooklyn, NY, USA",0.8,fallback,1845,58 STREET,2026-09-20T19:46:29+00:00
Brooklyn|184|NASSAU AVENUE,ok,3026850004,3066978,"184 NASSAU AVENUE, Brooklyn, NY, USA",0.8,fallback,184,NASSAU AVENUE,2026-09-20T19:46:29+00:00
Brooklyn|184|NOSTRAND AVENUE,ok,3017530042,3048591,"184 NOSTRAND AVENUE, Brooklyn, NY, USA",0.8,fallback,184,NOSTRAND AVENUE,2026-09-20T19:46:29+00:00
Brooklyn|185|AINSLIE STREET,ok,3027697502,3069031,"185 AINSLIE STREET, Brooklyn, NY, USA",0.8,fallback,185,AINSLIE STREET,2026-09-20T19:46:29+00:00
Brooklyn|186|HURON STREET,ok,3025337504,3428827,"186 HURON STREET, Brooklyn, NY, USA",0.8,fallback,186,HURON STREET,2026-09-20T19:46:29+00:00
Brooklyn|1889|ATLANTIC AVENUE,ok,3017140030,3000000,"1889 ATLANTIC AVENUE, Brooklyn, NY, USA",0.8,fallback,1889,ATLANTIC AVENUE,2026-09-20T19:46:29+00:00
Brooklyn|188|COVERT STREET,ok,3034230026,3342356,"188 COVERT STREET, Brooklyn, NY, USA",0.8,fallback,188,COVERT STREET,2026-09-20T19:46:29+00:00
Brooklyn|1906|EASTERN PARKWAY,ok,3015710016,3042707,"1906 EASTERN PARKWAY, Brooklyn, NY, USA",0.8,fallback,1906,EASTERN PARKWAY,2026-09-20T19:46:29+00:00
Brooklyn|190|NASHVILLE BOULEVARD,mismatch,,,"190-08 NASHVILLE BOULEVARD, Springfield Gardens, NY, USA",,,190-08,NASHVILLE BOULEVARD,2026-09-20T19:54:22+00:00
Brooklyn|1912|61 STREET,ok,3055270011,3132522,"1912 61 STREET, Brooklyn, NY, USA",0.8,fallback,1912,61 STREET,2026-09-20T19:46:29+00:00
Brooklyn|191|WITHERS STREET,ok,3027407504,3322792,"191 WITHERS STREET, Brooklyn, NY, USA",0.8,fallback,191,WITHERS STREET,2026-09-20T19:46:29+00:00
Brooklyn|1921|CORTELYOU ROAD,ok,3051507501,3118533,"1921 CORTELYOU ROAD, Brooklyn, NY, USA",0.8,fallback,1921,CORTELYOU ROAD,2026-09-20T19:46:30+00:00
Brooklyn|1929|81 STREET,ok,3062860065,3163387,"1929 81 STREET, Brooklyn, NY, USA",0.8,fallback,1929,81 STREET,2026-09-20T19:46:30+00:00
Brooklyn|1941|73 STREET,ok,3061950061,3158607,"1941 73 STREET, Brooklyn, NY, USA",0.8,fallback,1941,73 STREET,2026-09-20T19:46:30+00:00
Brooklyn|195|HAVEMEYER STREET,ok,3024470003,3063466,"195 HAVEMEYER STREET, Brooklyn, NY, USA",0.8,fallback,195,HAVEMEYER STREET,2026-09-20T19:46:30+00:00
Brooklyn|195|HUMBOLDT STREET,ok,3030447506,3429901,"195 HUMBOLDT STREET, Brooklyn, NY, USA",0.8,fallback,195,HUMBOLDT STREET,2026-09-20T19:46:30+00:00
Brooklyn|1964|68 STREET,ok,3055780028,3135036,"1964 68 STREET, Brooklyn, NY, USA",0.8,fallback,1964,68 STREET,2026-09-20T19:46:30+00:00
Brooklyn|1967|BERGEN STREET,ok,3014470071,3038937,"1967 BERGEN STREET, Brooklyn, NY, USA",0.8,fallback,1967,BERGEN STREET,2026-09-20T19:46:30+00:00
Brooklyn|1968|BATCHELDER STREET,ok,3073110032,3197744,"1968 BATCHELDER STREET, Brooklyn, NY, USA",0.8,fallback,1968,BATCHELDER STREET,2026-09-20T19:46:30+00:00
Brooklyn|197|PROSPECT AVENUE,ok,3010520080,3024164,"197 PROSPECT AVENUE, Brooklyn, NY, USA",0.8,fallback,197,PROSPECT AVENUE,2026-09-20T19:46:30+00:00
Brooklyn|1984|EAST 8 STREET,ok,3070890042,3190539,"1984 EAST 8 STREET, Brooklyn, NY, USA",0.8,fallback,1984,EAST 8 STREET,2026-09-20T19:46:30+00:00
Brooklyn|199|GREEN STREET,ok,3025130046,3064076,"199 GREEN STREET, Brooklyn, NY, USA",0.8,fallback,199,GREEN STREET,2026-09-20T19:46:30+00:00
Brooklyn|19|ROCKWELL PLACE,ok,3020950010,3430082,"19 ROCKWELL PLACE, Brooklyn, NY, USA",0.8,fallback,19,ROCKWELL PLACE,2026-09-20T19:46:29+00:00
Brooklyn|1|CLINTON STREET,ok,3002397501,3421378,"1 CLINTON STREET, Brooklyn, NY, USA",0.8,fallback,1,CLINTON STREET,2026-09-20T19:46:18+00:00
Brooklyn|1|EAGLE STREET,ok,3024720021,3426510,"1 EAGLE STREET, Brooklyn, NY, USA",0.8,fallback,1,EAGLE STREET,2026-09-20T19:46:18+00:00
Brooklyn|1|METROTECH CENTER,ok,3001470004,3319418,"1 METROTECH CENTER, Brooklyn, NY, USA",0.8,fallback,1,METROTECH CENTER,2026-09-20T19:51:06+00:00
Brooklyn|1|SULLIVAN PLACE,ok,3011920095,3429588,"1 SULLIVAN PLACE, Brooklyn, NY, USA",0.8,fallback,1,SULLIVAN PLACE,2026-09-20T19:46:18+00:00
Brooklyn|200-204|CALYER STREET,mismatch,,,"204 CALYER STREET, Brooklyn, NY, USA",,,204,CALYER STREET,2026-09-20T19:51:07+00:00
Brooklyn|2000|KINGS HIGHWAY,ok,3067830076,3182577,"2000 KINGS HIGHWAY, Brooklyn, NY, USA",0.8,fallback,2000,KINGS HIGHWAY,2026-09-20T19:46:31+00:00
Brooklyn|2006|SURF AVENUE,ok,3070727501,3424222,"2006 SURF AVENUE, Brooklyn, NY, USA",0.8,fallback,2006,SURF AVENUE,2026-09-20T19:46:31+00:00
Brooklyn|200|BEDFORD AVENUE,ok,3023350020,3062187,"200 BEDFORD AVENUE, Brooklyn, NY, USA",0.8,fallback,200,BEDFORD AVENUE,2026-09-20T19:46:31+00:00
Brooklyn|200|CALYER STREET,ok,3025980013,3065363,"200 CALYER STREET, Brooklyn, NY, USA",0.8,fallback,200,CALYER STREET,2026-09-20T19:46:31+00:00
Brooklyn|200|RIVERSIDE BOULEVARD,mismatch,,,"200 RIVERSIDE BOULEVARD, New York, NY, USA",,,200,RIVERSIDE BOULEVARD,2026-09-20T19:46:31+00:00
Brooklyn|2010|OCEAN AVENUE,ok,3067660022,3182042,"2010 OCEAN AVENUE, Brooklyn, NY, USA",0.8,fallback,2010,OCEAN AVENUE,2026-09-20T19:46:31+00:00
Brooklyn|2055|FULTON STREET,ok,3015410002,3042000,"2055 FULTON STREET, Brooklyn, NY, USA",0.8,fallback,2055,FULTON STREET,2026-09-20T19:46:31+00:00
Brooklyn|205|FREEMAN STREET,ok,3025057501,3063974,"205 FREEMAN STREET, Brooklyn, NY, USA",0.8,fallback,205,FREEMAN STREET,2026-09-20T19:46:31+00:00
Brooklyn|2065|80 STREET,ok,3062750049,3162882,"2065 80 STREET, Brooklyn, NY, USA",0.8,fallback,2065,80 STREET,2026-09-20T19:46:31+00:00
Brooklyn|2066|85 STREET,ok,3063467501,3165844,"2066 85 STREET, Brooklyn, NY, USA",0.8,fallback,2066,85 STREET,2026-09-20T19:46:31+00:00
Brooklyn|2067|PACIFIC STREET,ok,3014320066,3038555,"2067 PACIFIC STREET, Brooklyn, NY, USA",0.8,fallback,2067,PACIFIC STREET,2026-09-20T19:46:31+00:00
Brooklyn|209|SCHAEFER STREET,ok,3034230144,3389271,"209 SCHAEFER STREET, Brooklyn, NY, USA",0.8,fallback,209,SCHAEFER STREET,2026-09-20T19:46:31+00:00
Brooklyn|20|BAYARD STREET,ok,3027217503,3391875,"20 BAYARD STREET, Brooklyn, NY, USA",0.8,fallback,20,BAYARD STREET,2026-09-20T19:46:31+00:00
Brooklyn|2105|82 STREET,ok,3062990070,3163928,"2105 82 STREET, Brooklyn, NY, USA",0.8,fallback,2105,82 STREET,2026-09-20T19:46:32+00:00
Brooklyn|2109|REGENT PLACE,ok,3051250031,3117644,"2109 REGENT PLACE, Brooklyn, NY, USA",0.8,fallback,2109,REGENT PLACE,2026-09-20T19:46:32+00:00
Brooklyn|210|EAST 16 STREET,ok,3051190026,3000000,"210 EAST 16 STREET, Brooklyn, NY, USA",0.8,fallback,210,EAST 16 STREET,2026-09-20T19:46:32+00:00
Brooklyn|2129|EAST 74 STREET,ok,3084340028,3237780,"2129 EAST 74 STREET, Brooklyn, NY, USA",0.8,fallback,2129,EAST 74 STREET,2026-09-20T19:46:32+00:00
Brooklyn|212|LEFFERTS PLACE,ok,3020200043,3057881,"212 LEFFERTS PLACE, Brooklyn, NY, USA",0.8,fallback,212,LEFFERTS PLACE,2026-09-20T19:46:32+00:00
Brooklyn|212|MONTROSE AVENUE,ok,3030630008,3071239,"212 MONTROSE AVENUE, Brooklyn, NY, USA",0.8,fallback,212,MONTROSE AVENUE,2026-09-20T19:46:32+00:00
Brooklyn|2158|OCEAN AVENUE,ok,3067827502,3182529,"2158 OCEAN AVENUE, Brooklyn, NY, USA",0.8,fallback,2158,OCEAN AVENUE,2026-09-20T19:46:32+00:00
Brooklyn|2170|86 STREET,ok,3063800041,3167064,"2170 86 STREET, Brooklyn, NY, USA",0.8,fallback,2170,86 STREET,2026-09-20T19:46:32+00:00
Brooklyn|217|9 STREET,ok,3010030051,3430394,"217 9 STREET, Brooklyn, NY, USA",0.8,fallback,217,9 STREET,2026-09-20T19:46:32+00:00
Brooklyn|2186|ATLANTIC AVENUE,ok,3014330040,3038571,"2186 ATLANTIC AVENUE, Brooklyn, NY, USA",0.8,fallback,2186,ATLANTIC AVENUE,2026-09-20T19:46:32+00:00
Brooklyn|219|CENTRAL AVENUE,ok,3032550001,3074096,"219 CENTRAL AVENUE, Brooklyn, NY, USA",0.8,fallback,219,CENTRAL AVENUE,2026-09-20T19:46:32+00:00
Brooklyn|21|NORTH HENRY STREET,ok,3028317501,3069794,"21 NORTH HENRY STREET, Brooklyn, NY, USA",0.8,fallback,21,NORTH HENRY STREET,2026-09-20T19:46:31+00:00
Brooklyn|2210|AVENUE S,ok,3073010004,3197150,"2210 AVENUE S, Brooklyn, NY, USA",0.8,fallback,2210,AVENUE S,2026-09-20T19:51:07+00:00
Brooklyn|2230|CROPSEY AVENUE,ok,3064717502,3329131,"2230 CROPSEY AVENUE, Brooklyn, NY, USA",0.8,fallback,2230,CROPSEY AVENUE,2026-09-20T19:46:32+00:00
Brooklyn|2243|EAST 3 STREET,ok,3071550001,3254017,"2243 EAST 3 STREET, Brooklyn, NY, USA",0.8,fallback,2243,EAST 3 STREET,2026-09-20T19:46:32+00:00
Brooklyn|2249|NOSTRAND AVENUE,ok,3075760016,3429704,"2249 NOSTRAND AVENUE, Brooklyn, NY, USA",0.8,fallback,2249,NOSTRAND AVENUE,2026-09-20T19:46:32+00:00
Brooklyn|225|PARK PLACE,ok,3011580061,3028744,"225 PARK PLACE, Brooklyn, NY, USA",0.8,fallback,225,PARK PLACE,2026-09-20T19:51:07+00:00
Brooklyn|2266|PACIFIC STREET,ok,3014420036,3428881,"2266 PACIFIC STREET, Brooklyn, NY, USA",0.8,fallback,2266,PACIFIC STREET,2026-09-20T19:46:33+00:00
Brooklyn|227|WEST STREET,ok,3024720021,3428862,"227 WEST STREET, Brooklyn, NY, USA",0.8,fallback,227,WEST STREET,2026-09-20T19:46:33+00:00
Brooklyn|2286|CROPSEY AVENUE,ok,3064717501,3425955,"2286 CROPSEY AVENUE, Brooklyn, NY, USA",0.8,fallback,2286,CROPSEY AVENUE,2026-09-20T19:46:33+00:00
Brooklyn|229|9 STREET,ok,3010037505,3426829,"229 9 STREET, Brooklyn, NY, USA",0.8,fallback,229,9 STREET,2026-09-20T19:46:33+00:00
Brooklyn|229|WAVERLY AVENUE,ok,3019170018,3399735,"229 WAVERLY AVENUE, Brooklyn, NY, USA",0.8,fallback,229,WAVERLY AVENUE,2026-09-20T19:46:33+00:00
Brooklyn|2310|EAST 15 STREET,ok,3073990111,3349291,"2310 EAST 15 STREET, Brooklyn, NY, USA",0.8,fallback,2310,EAST 15 STREET,2026-09-20T19:46:33+00:00
Brooklyn|231|46 STREET,ok,3007450069,3332051,"231 46 STREET, Brooklyn, NY, USA",0.8,fallback,231,46 STREET,2026-09-20T19:46:33+00:00
Brooklyn|231|SOUTH 4 STREET,ok,3024330033,3063313,"231 SOUTH 4 STREET, Brooklyn, NY, USA",0.8,fallback,231,SOUTH 4 STREET,2026-09-20T19:46:33+00:00
Brooklyn|2322|PLUMB STREET,mismatch,,,"2322 PLUMB 1 STREET, Brooklyn, NY, USA",,,2322,PLUMB 1 STREET,2026-09-20T19:46:33+00:00
Brooklyn|232|PRESIDENT STREET,ok,3003510009,3004803,"232 PRESIDENT STREET, Brooklyn, NY, USA",0.8,fallback,232,PRESIDENT STREET,2026-09-20T19:46:33+00:00
Brooklyn|2348|61 STREET,ok,3065560026,3172337,"2348 61 STREET, Brooklyn, NY, USA",0.8,fallback,2348,61 STREET,2026-09-20T19:46:33+00:00
Brooklyn|234|LINDEN BOULEVARD,ok,3050880033,3116819,"234 LINDEN BOULEVARD, Brooklyn, NY, USA",0.8,fallback,234,LINDEN BOULEVARD,2026-09-20T19:46:33+00:00
Brooklyn|2350|BENSON AVENUE,ok,3068750032,3185973,"2350 BENSON AVENUE, Brooklyn, NY, USA",0.8,fallback,2350,BENSON AVENUE,2026-09-20T19:51:07+00:00
Brooklyn|236|47 STREET,ok,3007630020,3337220,"236 47 STREET, Brooklyn, NY, USA",0.8,fallback,236,47 STREET,2026-09-20T19:46:33+00:00
Brooklyn|236|BERRY STREET,mismatch,,,"295 BERRY STREET, Brooklyn, NY, USA",,,295,BERRY STREET,2026-09-20T19:46:34+00:00
Brooklyn|2370|PACIFIC STREET,ok,3014430025,3038779,"2370 PACIFIC STREET, Brooklyn, NY, USA",0.8,fallback,2370,PACIFIC STREET,2026-09-20T19:46:34+00:00
Brooklyn|2395|LINDEN BOULEVARD,ok,3044780042,3000000,"2395 LINDEN BOULEVARD, Brooklyn, NY, USA",0.8,fallback,2395,LINDEN BOULEVARD,2026-09-20T19:46:34+00:00
Brooklyn|23|LUQUER STREET,ok,3005130040,3008279,"23 LUQUER STREET, Brooklyn, NY, USA",0.8,fallback,23,LUQUER STREET,2026-09-20T19:46:33+00:00
Brooklyn|23|WEIRFIELD STREET,ok,3033940051,3078184,"23 WEIRFIELD STREET, Brooklyn, NY, USA",0.8,fallback,23,WEIRFIELD STREET,2026-09-20T19:46:33+00:00
Brooklyn|241|ARLINGTON AVENUE,mismatch,,,"49 ARLINGTON AVENUE, Brooklyn, NY, USA",,,49,ARLINGTON AVENUE,2026-09-20T19:46:34+00:00
Brooklyn|241|LAKE STREET,ok,3071030064,3000000,"241 LAKE STREET, Brooklyn, NY, USA",0.8,fallback,241,LAKE STREET,2026-09-20T19:46:34+00:00
Brooklyn|2423|EAST 26 STREET,ok,3074220766,3203496,"2423 EAST 26 STREET, Brooklyn, NY, USA",0.8,fallback,2423,EAST 26 STREET,2026-09-20T19:46:34+00:00
Brooklyn|243|4 AVENUE,ok,3009587504,3425188,"243 4 AVENUE, Brooklyn, NY, USA",0.8,fallback,243,4 AVENUE,2026-09-20T19:46:34+00:00
Brooklyn|244|TROUTMAN STREET,ok,3031860023,3072516,"244 TROUTMAN STREET, Brooklyn, NY, USA",0.8,fallback,244,TROUTMAN STREET,2026-09-20T19:46:34+00:00
Brooklyn|248|SOUTH 3 STREET,ok,3024340009,3406537,"248 SOUTH 3 STREET, Brooklyn, NY, USA",0.8,fallback,248,SOUTH 3 STREET,2026-09-20T19:46:34+00:00
Brooklyn|250|WINTHROP STREET,ok,3050500023,3428842,"250 WINTHROP STREET, Brooklyn, NY, USA",0.8,fallback,250,WINTHROP STREET,2026-09-20T19:51:07+00:00
Brooklyn|253|STERLING STREET,ok,3013150065,3034821,"253 STERLING STREET, Brooklyn, NY, USA",0.8,fallback,253,STERLING STREET,2026-09-20T19:46:34+00:00
Brooklyn|254|WINTHROP STREET,ok,3050500024,3428843,"254 WINTHROP STREET, Brooklyn, NY, USA",0.8,fallback,254,WINTHROP STREET,2026-09-20T19:46:34+00:00
Brooklyn|257|QUINCY STREET,ok,3018030086,3050654,"257 QUINCY STREET, Brooklyn, NY, USA",0.8,fallback,257,QUINCY STREET,2026-09-20T19:46:34+00:00
Brooklyn|2602|PITKIN AVENUE,ok,3042280013,3000000,"2602 PITKIN AVENUE, Brooklyn, NY, USA",0.8,fallback,2602,PITKIN AVENUE,2026-09-20T19:46:35+00:00
Brooklyn|260|BROADWAY,ok,3021400021,3059650,"260 BROADWAY, Brooklyn, NY, USA",0.8,fallback,260,BROADWAY,2026-09-20T19:46:34+00:00
Brooklyn|260|FLATBUSH AVENUE,ok,3009360017,3018775,"260 FLATBUSH AVENUE, Brooklyn, NY, USA",0.8,fallback,260,FLATBUSH AVENUE,2026-09-20T19:46:34+00:00
Brooklyn|260|HIMROD STREET,ok,3032790016,3074808,"260 HIMROD STREET, Brooklyn, NY, USA",0.8,fallback,260,HIMROD STREET,2026-09-20T19:46:34+00:00
Brooklyn|260|SOUTH 1 STREET,ok,3024090008,3063017,"260 SOUTH 1 STREET, Brooklyn, NY, USA",0.8,fallback,260,SOUTH 1 STREET,2026-09-20T19:46:34+00:00
Brooklyn|2630|OCEAN AVENUE,ok,3073520039,3199767,"2630 OCEAN AVENUE, Brooklyn, NY, USA",0.8,fallback,2630,OCEAN AVENUE,2026-09-20T19:46:35+00:00
Brooklyn|263|18 STREET,ok,3008730068,3324521,"263 18 STREET, Brooklyn, NY, USA",0.8,fallback,263,18 STREET,2026-09-20T19:46:35+00:00
Brooklyn|263|HANCOCK STREET,ok,3018340063,3052400,"263 HANCOCK STREET, Brooklyn, NY, USA",0.8,fallback,263,HANCOCK STREET,2026-09-20T19:46:35+00:00
Brooklyn|265|4 AVENUE,ok,3009647510,3020570,"265 4 AVENUE, Brooklyn, NY, USA",0.8,fallback,265,4 AVENUE,2026-09-20T19:46:35+00:00
Brooklyn|267|BOND STREET,ok,3004240001,3429687,"267 BOND STREET, Brooklyn, NY, USA",0.8,fallback,267,BOND STREET,2026-09-20T19:46:35+00:00
Brooklyn|2695|STILLWELL AVENUE,ok,3072470072,3254075,"2695 STILLWELL AVENUE, Brooklyn, NY, USA",0.8,fallback,2695,STILLWELL AVENUE,2026-09-20T19:46:35+00:00
Brooklyn|269|55 STREET,ok,3008210049,3014506,"269 55 STREET, Brooklyn, NY, USA",0.8,fallback,269,55 STREET,2026-09-20T19:46:35+00:00
Brooklyn|269|WALLABOUT STREET,ok,3022497504,3428594,"269 WALLABOUT STREET, Brooklyn, NY, USA",0.8,fallback,269,WALLABOUT STREET,2026-09-20T19:46:35+00:00
Brooklyn|2700|ATLANTIC AVENUE,ok,3036890012,3430474,"2700 ATLANTIC AVENUE, Brooklyn, NY, USA",0.8,fallback,2700,ATLANTIC AVENUE,2026-09-20T19:46:35+00:00
Brooklyn|270|19 STREET,ok,3008850027,3430129,"270 19 STREET, Brooklyn, NY, USA",0.8,fallback,270,19 STREET,2026-09-20T19:46:35+00:00
Brooklyn|2711|VOORHIES AVENUE,ok,3074720044,3205344,"2711 VOORHIES AVENUE, Brooklyn, NY, USA",0.8,fallback,2711,VOORHIES AVENUE,2026-09-20T19:46:35+00:00
Brooklyn|272|WILLIAMS AVENUE,ok,3037500021,3424158,"272 WILLIAMS AVENUE, Brooklyn, NY, USA",0.8,fallback,272,WILLIAMS AVENUE,2026-09-20T19:46:35+00:00
Brooklyn|273|RUTLEDGE STREET,ok,3022200051,3060910,"273 RUTLEDGE STREET, Brooklyn, NY, USA",0.8,fallback,273,RUTLEDGE STREET,2026-09-20T19:46:35+00:00
Brooklyn|274|55 STREET,ok,3008290033,3341324,"274 55 STREET, Brooklyn, NY, USA",0.8,fallback,274,55 STREET,2026-09-20T19:46:36+00:00
Brooklyn|2750|HOMECREST AVENUE,ok,3087640010,3246945,"2750 HOMECREST AVENUE, Brooklyn, NY, USA",0.8,fallback,2750,HOMECREST AVENUE,2026-09-20T19:46:36+00:00
Brooklyn|275|ATLANTIC AVENUE,ok,3001750001,3000000,"275 ATLANTIC AVENUE, Brooklyn, NY, USA",0.8,fallback,275,ATLANTIC AVENUE,2026-09-20T19:46:36+00:00
Brooklyn|2760|HARWAY AVENUE,ok,3069150098,3187326,"2760 HARWAY AVENUE, Brooklyn, NY, USA",0.8,fallback,2760,HARWAY AVENUE,2026-09-20T19:46:36+00:00
Brooklyn|2777|ATLANTIC AVENUE,ok,3039460042,3427362,"2777 ATLANTIC AVENUE, Brooklyn, NY, USA",0.8,fallback,2777,ATLANTIC AVENUE,2026-09-20T19:46:36+00:00
Brooklyn|278|ESSEX STREET,ok,3039710039,3088384,"278 ESSEX STREET, Brooklyn, NY, USA",0.8,fallback,278,ESSEX STREET,2026-09-20T19:46:36+00:00
Brooklyn|278|WARREN STREET,ok,3003960012,3323304,"278 WARREN STREET, Brooklyn, NY, USA",0.8,fallback,278,WARREN STREET,2026-09-20T19:46:36+00:00
Brooklyn|2795|CROPSEY AVENUE,ok,3069150044,3000000,"2795 CROPSEY AVENUE, Brooklyn, NY, USA",0.8,fallback,2795,CROPSEY AVENUE,2026-09-20T19:46:36+00:00
Brooklyn|27|HUBBARD PLACE,ok,3078080001,3216949,"27 HUBBARD PLACE, Brooklyn, NY, USA",0.8,fallback,27,HUBBARD PLACE,2026-09-20T19:46:35+00:00
Brooklyn|2801|EMMONS AVENUE,ok,3087920063,3247460,"2801 EMMONS AVENUE, Brooklyn, NY, USA",0.8,fallback,2801,EMMONS AVENUE,2026-09-20T19:46:36+00:00
Brooklyn|2811|FARRAGUT ROAD,ok,3052300003,3120967,"2811 FARRAGUT ROAD, Brooklyn, NY, USA",0.8,fallback,2811,FARRAGUT ROAD,2026-09-20T19:46:36+00:00
Brooklyn|2823|SNYDER AVENUE,ok,3051080057,3117344,"2823 SNYDER AVENUE, Brooklyn, NY, USA",0.8,fallback,2823,SNYDER AVENUE,2026-09-20T19:46:36+00:00
Brooklyn|282|HINSDALE STREET,ok,3037660024,3427356,"282 HINSDALE STREET, Brooklyn, NY, USA",0.8,fallback,282,HINSDALE STREET,2026-09-20T19:46:36+00:00
Brooklyn|283|GRAHAM AVENUE,ok,3027820022,3338187,"283 GRAHAM AVENUE, Brooklyn, NY, USA",0.8,fallback,283,GRAHAM AVENUE,2026-09-20T19:46:36+00:00
Brooklyn|285|6 AVENUE,ok,3009660001,3020659,"285 6 AVENUE, Brooklyn, NY, USA",0.8,fallback,285,6 AVENUE,2026-09-20T19:46:36+00:00
Brooklyn|285|DRIGGS AVENUE,ok,3026977502,3067528,"285 DRIGGS AVENUE, Brooklyn, NY, USA",0.8,fallback,285,DRIGGS AVENUE,2026-09-20T19:46:37+00:00
Brooklyn|286|HAMILTON AVENUE,ok,3005360021,3008463,"286 HAMILTON AVENUE, Brooklyn, NY, USA",0.8,fallback,286,HAMILTON AVENUE,2026-09-20T19:46:37+00:00
Brooklyn|286|WEST END AVENUE,ok,3087240186,3255015,"286 WEST END AVENUE, Brooklyn, NY, USA",0.8,fallback,286,WEST END AVENUE,2026-09-20T19:46:37+00:00
Brooklyn|2881|NOSTRAND AVENUE,ok,3076917501,3211324,"2881 NOSTRAND AVENUE, Brooklyn, NY, USA",0.8,fallback,2881,NOSTRAND AVENUE,2026-09-20T19:46:37+00:00
Brooklyn|2901|AVENUE U,ok,3073340045,3198902,"2901 AVENUE U, Brooklyn, NY, USA",0.8,fallback,2901,AVENUE U,2026-09-20T19:51:07+00:00
Brooklyn|2915|CLARENDON ROAD,ok,3051730038,3327301,"2915 CLARENDON ROAD, Brooklyn, NY, USA",0.8,fallback,2915,CLARENDON ROAD,2026-09-20T19:46:37+00:00
Brooklyn|292|KENT AVENUE,ok,3024147503,3335796,"292 KENT AVENUE, Brooklyn, NY, USA",0.8,fallback,292,KENT AVENUE,2026-09-20T19:46:37+00:00
Brooklyn|2933|WEST 15 STREET,ok,3070640035,3339623,"2933 WEST 15 STREET, Brooklyn, NY, USA",0.8,fallback,2933,WEST 15 STREET,2026-09-20T19:51:08+00:00
Brooklyn|2939|BRIGHTON 8 STREET,ok,3086680802,3244533,"2939 BRIGHTON 8 STREET, Brooklyn, NY, USA",0.8,fallback,2939,BRIGHTON 8 STREET,2026-09-20T19:46:37+00:00
Brooklyn|2939|CROPSEY AVENUE,ok,3069510016,3187936,"2939 CROPSEY AVENUE, Brooklyn, NY, USA",0.8,fallback,2939,CROPSEY AVENUE,2026-09-20T19:46:37+00:00
Brooklyn|297|WALLABOUT STREET,ok,3022507504,3000000,"297 WALLABOUT STREET, Brooklyn, NY, USA",0.8,fallback,297,WALLABOUT STREET,2026-09-20T19:46:37+00:00
Brooklyn|29|FROST STREET,ok,3027310037,3068046,"29 FROST STREET, Brooklyn, NY, USA",0.8,fallback,29,FROST STREET,2026-09-20T19:46:37+00:00
Brooklyn|29|MARCONI PLACE,ok,3015660004,3042533,"29 MARCONI PLACE, Brooklyn, NY, USA",0.8,fallback,29,MARCONI PLACE,2026-09-20T19:46:37+00:00
Brooklyn|29|WEST STREET,ok,3025700050,3425624,"29 WEST STREET, Brooklyn, NY, USA",0.8,fallback,29,WEST STREET,2026-09-20T19:46:37+00:00
Brooklyn|29|WILLOW STREET,ok,3002150003,3001565,"29 WILLOW STREET, Brooklyn, NY, USA",0.8,fallback,29,WILLOW STREET,2026-09-20T19:46:37+00:00
Brooklyn|2|ABERDEEN STREET,ok,3034680001,3326479,"2 ABERDEEN STREET, Brooklyn, NY, USA",0.8,fallback,2,ABERDEEN STREET,2026-09-20T19:46:30+00:00
Brooklyn|2|BAY 25 STREET,ok,3063750038,3166902,"2 BAY 25 STREET, Brooklyn, NY, USA",0.8,fallback,2,BAY 25 STREET,2026-09-20T19:46:30+00:00
Brooklyn|2|BERKELEY PLACE,ok,3009530010,3019768,"2 BERKELEY PLACE, Brooklyn, NY, USA",0.8,fallback,2,BERKELEY PLACE,2026-09-20T19:46:30+00:00
Brooklyn|2|COOK STREET,ok,3031190011,3071600,"2 COOK STREET, Brooklyn, NY, USA",0.8,fallback,2,COOK STREET,2026-09-20T19:46:31+00:00
Brooklyn|3009|GLENWOOD ROAD,ok,3050050007,3113941,"3009 GLENWOOD ROAD, Brooklyn, NY, USA",0.8,fallback,3009,GLENWOOD ROAD,2026-09-20T19:46:38+00:00
Brooklyn|300|CADMAN PLAZA WEST,ok,3002390001,3001937,"300 CADMAN PLAZA WEST, Brooklyn, NY, USA",0.8,fallback,300,CADMAN PLAZA WEST,2026-09-20T19:46:38+00:00
Brooklyn|300|OCEAN PARKWAY,ok,3053570030,3125450,"300 OCEAN PARKWAY, Brooklyn, NY, USA",0.8,fallback,300,OCEAN PARKWAY,2026-09-20T19:46:38+00:00
Brooklyn|30|EAST 29 STREET,ok,3051300015,3117830,"30 EAST 29 STREET, Brooklyn, NY, USA",0.8,fallback,30,EAST 29 STREET,2026-09-20T19:46:37+00:00
Brooklyn|30|EAST 98 STREET,ok,3046000017,3099554,"30 EAST 98 STREET, Brooklyn, NY, USA",0.8,fallback,30,EAST 98 STREET,2026-09-20T19:46:38+00:00
Brooklyn|30|FRONT STREET,ok,3000457502,3426503,"30 FRONT STREET, Brooklyn, NY, USA",0.8,fallback,30,FRONT STREET,2026-09-20T19:46:38+00:00
Brooklyn|3115|BRIGHTON 6 STREET,ok,3086910021,3245107,"3115 BRIGHTON 6 STREET, Brooklyn, NY, USA",0.8,fallback,3115,BRIGHTON 6 STREET,2026-09-20T19:46:38+00:00
Brooklyn|311|FRANKLIN AVENUE,ok,3019500005,3424967,"311 FRANKLIN AVENUE, Brooklyn, NY, USA",0.8,fallback,311,FRANKLIN AVENUE,2026-09-20T19:46:38+00:00
Brooklyn|312|3 AVENUE,ok,3004530054,3007684,"312 3 AVENUE, Brooklyn, NY, USA",0.8,fallback,312,3 AVENUE,2026-09-20T19:46:38+00:00
Brooklyn|319|LENOX ROAD,ok,3048370084,3107783,"319 LENOX ROAD, Brooklyn, NY, USA",0.8,fallback,319,LENOX ROAD,2026-09-20T19:46:38+00:00
Brooklyn|319|TROY AVENUE,ok,3014010001,3037707,"319 TROY AVENUE, Brooklyn, NY, USA",0.8,fallback,319,TROY AVENUE,2026-09-20T19:46:38+00:00
Brooklyn|31|AINSLIE STREET,ok,3023710050,3418393,"31 AINSLIE STREET, Brooklyn, NY, USA",0.8,fallback,31,AINSLIE STREET,2026-09-20T19:46:38+00:00
Brooklyn|31|KOSCIUSZKO STREET,ok,3017780031,3413812,"31 KOSCIUSZKO STREET, Brooklyn, NY, USA",0.8,fallback,31,KOSCIUSZKO STREET,2026-09-20T19:46:38+00:00
Brooklyn|3202|EMMONS AVENUE,ok,3088150525,3255299,"3202 EMMONS AVENUE, Brooklyn, NY, USA",0.8,fallback,3202,EMMONS AVENUE,2026-09-20T19:46:39+00:00
Brooklyn|3203|BEDFORD AVENUE,ok,3076070013,3207618,"3203 BEDFORD AVENUE, Brooklyn, NY, USA",0.8,fallback,3203,BEDFORD AVENUE,2026-09-20T19:46:39+00:00
Brooklyn|320|KENT AVENUE,ok,3024140026,3426897,"320 KENT AVENUE, Brooklyn, NY, USA",0.8,fallback,320,KENT AVENUE,2026-09-20T19:46:39+00:00
Brooklyn|32|BERRY STREET,ok,3022830038,3329523,"32 BERRY STREET, Brooklyn, NY, USA",0.8,fallback,32,BERRY STREET,2026-09-20T19:46:38+00:00
Brooklyn|32|FOUNTAIN AVENUE,ok,3041540061,3428798,"32 FOUNTAIN AVENUE, Brooklyn, NY, USA",0.8,fallback,32,FOUNTAIN AVENUE,2026-09-20T19:46:38+00:00
Brooklyn|331|ALABAMA AVENUE,ok,3037690001,3328017,"331 ALABAMA AVENUE, Brooklyn, NY, USA",0.8,fallback,331,ALABAMA AVENUE,2026-09-20T19:46:39+00:00
Brooklyn|333|14 STREET,ok,3010360018,3424463,"333 14 STREET, Brooklyn, NY, USA",0.8,fallback,333,14 STREET,2026-09-20T19:46:39+00:00
Brooklyn|333|AMBER STREET,mismatch,,,"416 AMBER STREET, Brooklyn, NY, USA",,,416,AMBER STREET,2026-09-20T19:46:39+00:00
Brooklyn|334|SAPPHIRE STREET,mismatch,,,"14940 SAPPHIRE STREET, Brooklyn, NY, USA",,,14940,SAPPHIRE STREET,2026-09-20T19:46:39+00:00
Brooklyn|338|MOFFAT STREET,ok,3034480118,3080180,"338 MOFFAT STREET, Brooklyn, NY, USA",0.8,fallback,338,MOFFAT STREET,2026-09-20T19:46:39+00:00
Brooklyn|339|CORNELIA STREET,ok,3033780146,3077373,"339 CORNELIA STREET, Brooklyn, NY, USA",0.8,fallback,339,CORNELIA STREET,2026-09-20T19:46:39+00:00
Brooklyn|33|CROSBY AVENUE,ok,3038840325,3086152,"33 CROSBY AVENUE, Brooklyn, NY, USA",0.8,fallback,33,CROSBY AVENUE,2026-09-20T19:46:39+00:00
Brooklyn|33|FROST STREET,ok,3027317501,3427199,"33 FROST STREET, Brooklyn, NY, USA",0.8,fallback,33,FROST STREET,2026-09-20T19:46:39+00:00
Brooklyn|33|HALE AVENUE,ok,3039160003,3086779,"33 HALE AVENUE, Brooklyn, NY, USA",0.8,fallback,33,HALE AVENUE,2026-09-20T19:46:39+00:00
Brooklyn|340|52 STREET,ok,3008060023,3013841,"340 52 STREET, Brooklyn, NY, USA",0.8,fallback,340,52 STREET,2026-09-20T19:46:39+00:00
Brooklyn|344|WILLOUGHBY AVENUE,ok,3019270033,3000000,"344 WILLOUGHBY AVENUE, Brooklyn, NY, USA",0.8,fallback,344,WILLOUGHBY AVENUE,2026-09-20T19:46:39+00:00
Brooklyn|345|AVENUE U,ok,3071040415,3427376,"345 AVENUE U, Brooklyn, NY, USA",0.8,fallback,345,AVENUE U,2026-09-20T19:51:08+00:00
Brooklyn|345|BERGEN STREET,ok,3001987504,3396733,"345 BERGEN STREET, Brooklyn, NY, USA",0.8,fallback,345,BERGEN STREET,2026-09-20T19:46:39+00:00
Brooklyn|345|CHAUNCEY STREET,ok,3015080060,3040808,"345 CHAUNCEY STREET, Brooklyn, NY, USA",0.8,fallback,345,CHAUNCEY STREET,2026-09-20T19:46:40+00:00
Brooklyn|3509|FARRAGUT ROAD,ok,3049990006,3000000,"3509 FARRAGUT ROAD, Brooklyn, NY, USA",0.8,fallback,3509,FARRAGUT ROAD,2026-09-20T19:46:40+00:00
Brooklyn|350|HENRY STREET,ok,3002957502,3003099,"350 HENRY STREET, Brooklyn, NY, USA",0.8,fallback,350,HENRY STREET,2026-09-20T19:46:40+00:00
Brooklyn|350|JAY STREET,ok,3001407501,3000259,"350 JAY STREET, Brooklyn, NY, USA",0.8,fallback,350,JAY STREET,2026-09-20T19:46:40+00:00
Brooklyn|3510|CHURCH AVENUE,ok,3048890004,3109467,"3510 CHURCH AVENUE, Brooklyn, NY, USA",0.8,fallback,3510,CHURCH AVENUE,2026-09-20T19:46:40+00:00
Brooklyn|3511|41 STREET,mismatch,,,"3511 41 STREET, Long Island City, NY, USA",,,3511,41 STREET,2026-09-20T19:46:40+00:00
Brooklyn|354|RUBY STREET,mismatch,,,"168 RUBY STREET, Brooklyn, NY, USA",,,168,RUBY STREET,2026-09-20T19:46:40+00:00
Brooklyn|367|SOUTH 4 STREET,ok,3024380040,3063386,"367 SOUTH 4 STREET, Brooklyn, NY, USA",0.8,fallback,367,SOUTH 4 STREET,2026-09-20T19:46:40+00:00
Brooklyn|370|50 STREET,ok,3007900035,3013203,"370 50 STREET, Brooklyn, NY, USA",0.8,fallback,370,50 STREET,2026-09-20T19:46:40+00:00
Brooklyn|370|JAY STREET,ok,3001400111,3000262,"370 JAY STREET, Brooklyn, NY, USA",0.8,fallback,370,JAY STREET,2026-09-20T19:46:40+00:00
Brooklyn|371|NEPTUNE AVENUE,ok,3072600114,3196333,"371 NEPTUNE AVENUE, Brooklyn, NY, USA",0.8,fallback,371,NEPTUNE AVENUE,2026-09-20T19:46:40+00:00
Brooklyn|375|DEAN STREET,ok,3009280001,3429236,"375 DEAN STREET, Brooklyn, NY, USA",0.8,fallback,375,DEAN STREET,2026-09-20T19:46:40+00:00
Brooklyn|375|GROVE STREET,ok,3033190044,3426133,"375 GROVE STREET, Brooklyn, NY, USA",0.8,fallback,375,GROVE STREET,2026-09-20T19:46:40+00:00
Brooklyn|377|MONTGOMERY STREET,ok,3012960052,3034169,"377 MONTGOMERY STREET, Brooklyn, NY, USA",0.8,fallback,377,MONTGOMERY STREET,2026-09-20T19:46:40+00:00
Brooklyn|378|WEIRFIELD STREET,ok,3034070026,3429032,"378 WEIRFIELD STREET, Brooklyn, NY, USA",0.8,fallback,378,WEIRFIELD STREET,2026-09-20T19:46:41+00:00
Brooklyn|37|BAY 49 STREET,ok,3069040015,3187029,"37 BAY 49 STREET, Brooklyn, NY, USA",0.8,fallback,37,BAY 49 STREET,2026-09-20T19:46:40+00:00
Brooklyn|3801|FORT HAMILTON PARKWAY,ok,3052900035,3429279,"3801 FORT HAMILTON PARKWAY, Brooklyn, NY, USA",0.8,fallback,3801,FORT HAMILTON PARKWAY,2026-09-20T19:46:41+00:00
Brooklyn|385|CLASSON AVENUE,ok,3019530007,3427219,"385 CLASSON AVENUE, Brooklyn, NY, USA",0.8,fallback,385,CLASSON AVENUE,2026-09-20T19:46:41+00:00
Brooklyn|386|WYTHE AVENUE,ok,3024410024,3063399,"386 WYTHE AVENUE, Brooklyn, NY, USA",0.8,fallback,386,WYTHE AVENUE,2026-09-20T19:46:41+00:00
Brooklyn|388|5 AVENUE,ok,3009930035,3021600,"388 FIFTH AVENUE, Brooklyn, NY, USA",0.8,fallback,388,FIFTH AVENUE,2026-09-20T19:46:41+00:00
Brooklyn|388|RUBY STREET,mismatch,,,"168 RUBY STREET, Brooklyn, NY, USA",,,168,RUBY STREET,2026-09-20T19:46:41+00:00
Brooklyn|38|PROSPECT PARK SOUTHWEST,ok,3011070005,3026781,"38 PROSPECT PARK SOUTHWEST, Brooklyn, NY, USA",0.8,fallback,38,PROSPECT PARK SOUTHWEST,2026-09-20T19:51:08+00:00
Brooklyn|3902|9 AVENUE,ok,3009160035,3017937,"3902 9 AVENUE, Brooklyn, NY, USA",0.8,fallback,3902,9 AVENUE,2026-09-20T19:46:41+00:00
Brooklyn|3916|15 AVENUE,ok,3053467504,3000000,"3916 15 AVENUE, Brooklyn, NY, USA",0.8,fallback,3916,15 AVENUE,2026-09-20T19:46:41+00:00
Brooklyn|391|MEEKER AVENUE,ok,3027230033,3067912,"391 MEEKER AVENUE, Brooklyn, NY, USA",0.8,fallback,391,MEEKER AVENUE,2026-09-20T19:46:41+00:00
Brooklyn|3924|9 AVENUE,ok,3009160043,3017945,"3924 9 AVENUE, Brooklyn, NY, USA",0.8,fallback,3924,9 AVENUE,2026-09-20T19:46:41+00:00
Brooklyn|396|SOUTH 2 STREET,ok,3024250017,3063215,"396 SOUTH 2 STREET, Brooklyn, NY, USA",0.8,fallback,396,SOUTH 2 STREET,2026-09-20T19:46:41+00:00
Brooklyn|397|BRIDGE STREET,ok,3001450006,3000286,"397 BRIDGE STREET, Brooklyn, NY, USA",0.8,fallback,397,BRIDGE STREET,2026-09-20T19:46:41+00:00
Brooklyn|39|SOUTH PORTLAND AVENUE,ok,3021000014,3058868,"39 SOUTH PORTLAND AVENUE, Brooklyn, NY, USA",0.8,fallback,39,SOUTH PORTLAND AVENUE,2026-09-20T19:46:41+00:00
Brooklyn|4000|1 AVENUE,ok,3007100001,3010557,"4000 1 AVENUE, Brooklyn, NY, USA",0.8,fallback,4000,1 AVENUE,2026-09-20T19:46:42+00:00
Brooklyn|4009|16 AVENUE,ok,3053827507,3126513,"4009 16 AVENUE, Brooklyn, NY, USA",0.8,fallback,4009,16 AVENUE,2026-09-20T19:46:42+00:00
Brooklyn|4018|3 AVENUE,ok,3007120043,3010574,"4018 3 AVENUE, Brooklyn, NY, USA",0.8,fallback,4018,3 AVENUE,2026-09-20T19:46:42+00:00
Brooklyn|4024|12 AVENUE,ok,3055880045,3255576,"4024 12 AVENUE, Brooklyn, NY, USA",0.8,fallback,4024,12 AVENUE,2026-09-20T19:46:42+00:00
Brooklyn|4024|6 AVENUE,ok,3009170043,3324934,"4024 6 AVENUE, Brooklyn, NY, USA",0.8,fallback,4024,6 AVENUE,2026-09-20T19:46:42+00:00
Brooklyn|404|11 STREET,ok,3010237505,3022951,"404 11 STREET, Brooklyn, NY, USA",0.8,fallback,404,11 STREET,2026-09-20T19:46:42+00:00
Brooklyn|408|63 STREET,ok,3058097501,3429067,"408 63 STREET, Brooklyn, NY, USA",0.8,fallback,408,63 STREET,2026-09-20T19:46:42+00:00
Brooklyn|409|63 STREET,ok,3058000001,3143938,"409 63 STREET, Brooklyn, NY, USA",0.8,fallback,409,63 STREET,2026-09-20T19:46:42+00:00
Brooklyn|409|STOCKHOLM STREET,ok,3032500035,3073991,"409 STOCKHOLM STREET, Brooklyn, NY, USA",0.8,fallback,409,STOCKHOLM STREET,2026-09-20T19:46:42+00:00
Brooklyn|40|BRIDGE STREET,ok,3000317501,3000040,"40 BRIDGE STREET, Brooklyn, NY, USA",0.8,fallback,40,BRIDGE STREET,2026-09-20T19:46:41+00:00
Brooklyn|40|DEBEVOISE STREET,ok,3031277501,3395434,"40 DEBEVOISE STREET, Brooklyn, NY, USA",0.8,fallback,40,DEBEVOISE STREET,2026-09-20T19:46:41+00:00
Brooklyn|40|GATES AVENUE,ok,3019770012,3056608,"40 GATES AVENUE, Brooklyn, NY, USA",0.8,fallback,40,GATES AVENUE,2026-09-20T19:46:42+00:00
Brooklyn|412|STOCKHOLM STREET,ok,3032610017,3074285,"412 STOCKHOLM STREET, Brooklyn, NY, USA",0.8,fallback,412,STOCKHOLM STREET,2026-09-20T19:46:42+00:00
Brooklyn|418|MONROE STREET,ok,3018210001,3051540,"418 MONROE STREET, Brooklyn, NY, USA",0.8,fallback,418,MONROE STREET,2026-09-20T19:46:42+00:00
Brooklyn|418|SNEDIKER AVENUE,ok,3037990026,3424773,"418 SNEDIKER AVENUE, Brooklyn, NY, USA",0.8,fallback,418,SNEDIKER AVENUE,2026-09-20T19:46:42+00:00
Brooklyn|4202|13 AVENUE,ok,3055980036,3135896,"4202 13 AVENUE, Brooklyn, NY, USA",0.8,fallback,4202,13 AVENUE,2026-09-20T19:46:43+00:00
Brooklyn|420|OVINGTON AVENUE,ok,3058920016,3146597,"420 OVINGTON AVENUE, Brooklyn, NY, USA",0.8,fallback,420,OVINGTON AVENUE,2026-09-20T19:46:43+00:00
Brooklyn|4220|3 AVENUE,ok,3007220042,3010801,"4220 3 AVENUE, Brooklyn, NY, USA",0.8,fallback,4220,3 AVENUE,2026-09-20T19:46:43+00:00
Brooklyn|422|EAST 31 STREET,ok,3049640016,3428876,"422 EAST 31 STREET, Brooklyn, NY, USA",0.8,fallback,422,EAST 31 STREET,2026-09-20T19:46:43+00:00
Brooklyn|422|FULTON STREET,ok,3001567502,3335899,"422 FULTON STREET, Brooklyn, NY, USA",0.8,fallback,422,FULTON STREET,2026-09-20T19:46:43+00:00
Brooklyn|429|AVENUE U,ok,3071060037,3191788,"429 AVENUE U, Brooklyn, NY, USA",0.8,fallback,429,AVENUE U,2026-09-20T19:51:08+00:00
Brooklyn|42|SHARRON STREET,mismatch,,,"42 SMITH STREET, Brooklyn, NY, USA",,,42,SMITH STREET,2026-09-20T19:46:42+00:00
Brooklyn|42|WEST STREET,ok,3025680001,3337640,"42 WEST STREET, Brooklyn, NY, USA",0.8,fallback,42,WEST STREET,2026-09-20T19:46:43+00:00
Brooklyn|4314|3 AVENUE,ok,3007270045,3010902,"4314 3 AVENUE, Brooklyn, NY, USA",0.8,fallback,4314,3 AVENUE,2026-09-20T19:46:43+00:00
Brooklyn|4402|3 AVENUE,ok,3007360041,3011090,"4402 3 AVENUE, Brooklyn, NY, USA",0.8,fallback,4402,3 AVENUE,2026-09-20T19:46:43+00:00
Brooklyn|4404|3 AVENUE,ok,3007360042,3011091,"4404 3 AVENUE, Brooklyn, NY, USA",0.8,fallback,4404,3 AVENUE,2026-09-20T19:46:43+00:00
Brooklyn|4416|14 AVENUE,ok,3056110043,3136487,"4416 14 AVENUE, Brooklyn, NY, USA",0.8,fallback,4416,14 AVENUE,2026-09-20T19:46:43+00:00
Brooklyn|441|WILLOUGHBY AVENUE,ok,3017580001,3000000,"441 WILLOUGHBY AVENUE, Brooklyn, NY, USA",0.8,fallback,441,WILLOUGHBY AVENUE,2026-09-20T19:46:43+00:00
Brooklyn|443|GRAHAM AVENUE,ok,3027340024,3068086,"443 GRAHAM AVENUE, Brooklyn, NY, USA",0.8,fallback,443,GRAHAM AVENUE,2026-09-20T19:46:43+00:00
Brooklyn|444|GRAHAM AVENUE,ok,3027350004,3427483,"444 GRAHAM AVENUE, Brooklyn, NY, USA",0.8,fallback,444,GRAHAM AVENUE,2026-09-20T19:46:44+00:00
Brooklyn|444|RUBY STREET,ok,3042910135,3000000,"444 RUBY STREET, Brooklyn, NY, USA",0.8,fallback,444,RUBY STREET,2026-09-20T19:46:44+00:00
Brooklyn|446|15 STREET,ok,3011050022,3026696,"446 15 STREET, Brooklyn, NY, USA",0.8,fallback,446,15 STREET,2026-09-20T19:46:44+00:00
Brooklyn|44|MALCOM X BOULEVARD,ok,3016070042,3043465,"44 MALCOM X BOULEVARD, Brooklyn, NY, USA",0.8,fallback,44,MALCOM X BOULEVARD,2026-09-20T19:46:43+00:00
Brooklyn|4502|3 AVENUE,ok,3007450042,3396149,"4502 3 AVENUE, Brooklyn, NY, USA",0.8,fallback,4502,3 AVENUE,2026-09-20T19:46:44+00:00
Brooklyn|450|ATLANTIC AVENUE,ok,3001840023,3000935,"450 ATLANTIC AVENUE, Brooklyn, NY, USA",0.8,fallback,450,ATLANTIC AVENUE,2026-09-20T19:46:44+00:00
Brooklyn|450|GRAND AVENUE,ok,3019817501,3429328,"450 GRAND AVENUE, Brooklyn, NY, USA",0.8,fallback,450,GRAND AVENUE,2026-09-20T19:46:44+00:00
Brooklyn|4514|3 AVENUE,ok,3007450047,3011489,"4514 3 AVENUE, Brooklyn, NY, USA",0.8,fallback,4514,3 AVENUE,2026-09-20T19:46:44+00:00
Brooklyn|454|ESSEX STREET,ok,3040190133,3089273,"454 ESSEX STREET, Brooklyn, NY, USA",0.8,fallback,454,ESSEX STREET,2026-09-20T19:46:44+00:00
Brooklyn|455|LEXINGTON AVENUE,ok,3018000067,3050494,"455 LEXINGTON AVENUE, Brooklyn, NY, USA",0.8,fallback,455,LEXINGTON AVENUE,2026-09-20T19:46:44+00:00
Brooklyn|455|OCEAN PARKWAY,ok,3053900074,3126839,"455 OCEAN PARKWAY, Brooklyn, NY, USA",0.8,fallback,455,OCEAN PARKWAY,2026-09-20T19:46:44+00:00
Brooklyn|457|LAFAYETTE AVENUE,ok,3019410048,3055410,"457 LAFAYETTE AVENUE, Brooklyn, NY, USA",0.8,fallback,457,LAFAYETTE AVENUE,2026-09-20T19:46:44+00:00
Brooklyn|4622|13 AVENUE,ok,3056220043,3136960,"4622 13 AVENUE, Brooklyn, NY, USA",0.8,fallback,4622,13 AVENUE,2026-09-20T19:46:44+00:00
Brooklyn|4624|13 AVENUE,ok,3056220043,3136960,"4624 13 AVENUE, Brooklyn, NY, USA",0.8,fallback,4624,13 AVENUE,2026-09-20T19:46:44+00:00
Brooklyn|465|HAMILTON AVENUE,ok,3010380001,3023562,"465 HAMILTON AVENUE, Brooklyn, NY, USA",0.8,fallback,465,HAMILTON AVENUE,2026-09-20T19:46:44+00:00
Brooklyn|465|PRESIDENT STREET,ok,3004400001,3000000,"465 PRESIDENT STREET, Brooklyn, NY, USA",0.8,fallback,465,PRESIDENT STREET,2026-09-20T19:51:08+00:00
Brooklyn|467|HENRY STREET,ok,3003230014,3003839,"467 HENRY STREET, Brooklyn, NY, USA",0.8,fallback,467,HENRY STREET,2026-09-20T19:46:44+00:00
Brooklyn|4709|NEW UTRECHT AVENUE,ok,3056270043,3137178,"4709 NEW UTRECHT AVENUE, Brooklyn, NY, USA",0.8,fallback,4709,NEW UTRECHT AVENUE,2026-09-20T19:46:44+00:00
Brooklyn|473|PRESIDENT STREET,ok,3004400001,3430032,"473 PRESIDENT STREET, Brooklyn, NY, USA",0.8,fallback,473,PRESIDENT STREET,2026-09-20T19:51:08+00:00
Brooklyn|473|RUBY STREET,mismatch,,,"168 RUBY STREET, Brooklyn, NY, USA",,,168,RUBY STREET,2026-09-20T19:46:45+00:00
Brooklyn|473|UNION STREET,ok,3004300048,3007153,"473 UNION STREET, Brooklyn, NY, USA",0.8,fallback,473,UNION STREET,2026-09-20T19:46:45+00:00
Brooklyn|475|WASHINGTON AVENUE,ok,3019797503,3321947,"475 WASHINGTON AVENUE, Brooklyn, NY, USA",0.8,fallback,475,WASHINGTON AVENUE,2026-09-20T19:46:45+00:00
Brooklyn|478|EMERALD STREET,mismatch,,,"588 EMERALD STREET, Brooklyn, NY, USA",,,588,EMERALD STREET,2026-09-20T19:46:45+00:00
Brooklyn|4813|9 AVENUE,ok,3056310001,3137303,"4813 9 AVENUE, Brooklyn, NY, USA",0.8,fallback,4813,9 AVENUE,2026-09-20T19:46:45+00:00
Brooklyn|482|EAST 21 STREET,ok,3051630027,3118821,"482 EAST 21 STREET, Brooklyn, NY, USA",0.8,fallback,482,EAST 21 STREET,2026-09-20T19:46:45+00:00
Brooklyn|485|EAST 51 STREET,ok,3047230063,3103849,"485 EAST 51 STREET, Brooklyn, NY, USA",0.8,fallback,485,EAST 51 STREET,2026-09-20T19:46:45+00:00
Brooklyn|48|KERMIT PLACE,ok,3053210046,3124071,"48 KERMIT PLACE, Brooklyn, NY, USA",0.8,fallback,48,KERMIT PLACE,2026-09-20T19:46:45+00:00
Brooklyn|4913|7 AVENUE,ok,3007860003,3013081,"4913 7 AVENUE, Brooklyn, NY, USA",0.8,fallback,4913,7 AVENUE,2026-09-20T19:46:45+00:00
Brooklyn|495|FLATBUSH AVENUE,ok,3011970006,3029735,"495 FLATBUSH AVENUE, Brooklyn, NY, USA",0.8,fallback,495,FLATBUSH AVENUE,2026-09-20T19:46:45+00:00
Brooklyn|495|PRESIDENT STREET,ok,3004400001,3430032,"495 PRESIDENT STREET, Brooklyn, NY, USA",0.8,fallback,495,PRESIDENT STREET,2026-09-20T19:46:45+00:00
Brooklyn|497|CARROLL STREET,ok,3004480065,3425001,"497 CARROLL STREET, Brooklyn, NY, USA",0.8,fallback,497,CARROLL STREET,2026-09-20T19:46:45+00:00
Brooklyn|497|VANDALIA AVENUE,ok,3044520280,3421893,"497 VANDALIA AVENUE, Brooklyn, NY, USA",0.8,fallback,497,VANDALIA AVENUE,2026-09-20T19:46:45+00:00
Brooklyn|5015|16 AVENUE,ok,3054590004,3129380,"5015 16 AVENUE, Brooklyn, NY, USA",0.8,fallback,5015,16 AVENUE,2026-09-20T19:46:46+00:00
Brooklyn|506|51 STREET,ok,3008000009,3337249,"506 51 STREET, Brooklyn, NY, USA",0.8,fallback,506,51 STREET,2026-09-20T19:46:46+00:00
Brooklyn|509|VAN BUREN STREET,ok,3016120054,3043662,"509 VAN BUREN STREET, Brooklyn, NY, USA",0.8,fallback,509,VAN BUREN STREET,2026-09-20T19:46:46+00:00
Brooklyn|50|PENNSYLVANIA AVENUE,ok,3036697501,3428706,"50 PENNSYLVANIA AVENUE, Brooklyn, NY, USA",0.8,fallback,50,PENNSYLVANIA AVENUE,2026-09-20T19:46:45+00:00
Brooklyn|5100|KINGS PLAZA,ok,3084700055,3326830,"5100 KINGS PLAZA, Brooklyn, NY, USA",0.8,fallback,5100,KINGS PLAZA,2026-09-20T19:46:46+00:00
Brooklyn|5101|17 AVENUE,ok,3054670009,3253245,"5101 17 AVENUE, Brooklyn, NY, USA",0.8,fallback,5101,17 AVENUE,2026-09-20T19:46:46+00:00
Brooklyn|5114|3 AVENUE,ok,3007970041,3013478,"5114 3 AVENUE, Brooklyn, NY, USA",0.8,fallback,5114,3 AVENUE,2026-09-20T19:46:46+00:00
Brooklyn|5120|6 AVENUE,ok,3008000145,3013651,"5120 6 AVENUE, Brooklyn, NY, USA",0.8,fallback,5120,6 AVENUE,2026-09-20T19:46:46+00:00
Brooklyn|5122|13 AVENUE,ok,3056550060,3138368,"5122 13 AVENUE, Brooklyn, NY, USA",0.8,fallback,5122,13 AVENUE,2026-09-20T19:46:46+00:00
Brooklyn|513|52 STREET,ok,3008000072,3013649,"513 52 STREET, Brooklyn, NY, USA",0.8,fallback,513,52 STREET,2026-09-20T19:46:46+00:00
Brooklyn|513|57 STREET,ok,3008407501,3015430,"513 57 STREET, Brooklyn, NY, USA",0.8,fallback,513,57 STREET,2026-09-20T19:46:46+00:00
Brooklyn|515|CRESCENT STREET,ok,3042350015,3095139,"515 CRESCENT STREET, Brooklyn, NY, USA",0.8,fallback,515,CRESCENT STREET,2026-09-20T19:46:46+00:00
Brooklyn|51|IRVING PLACE,ok,3019840011,3056900,"51 IRVING PLACE, Brooklyn, NY, USA",0.8,fallback,51,IRVING PLACE,2026-09-20T19:46:46+00:00
Brooklyn|51|KENT AVENUE,ok,3022950107,3061595,"51 KENT AVENUE, Brooklyn, NY, USA",0.8,fallback,51,KENT AVENUE,2026-09-20T19:46:46+00:00
Brooklyn|51|VERONICA PLACE,ok,3051070093,3425585,"51 VERONICA PLACE, Brooklyn, NY, USA",0.8,fallback,51,VERONICA PLACE,2026-09-20T19:46:46+00:00
Brooklyn|5216|4 AVENUE,ok,3008060043,3337258,"5216 4 AVENUE, Brooklyn, NY, USA",0.8,fallback,5216,4 AVENUE,2026-09-20T19:46:47+00:00
Brooklyn|522|PUTNAM AVENUE,ok,3018310016,3052132,"522 PUTNAM AVENUE, Brooklyn, NY, USA",0.8,fallback,522,PUTNAM AVENUE,2026-09-20T19:46:47+00:00
Brooklyn|525|EASTERN PARKWAY,ok,3012610037,3032634,"525 EASTERN PARKWAY, Brooklyn, NY, USA",0.8,fallback,525,EASTERN PARKWAY,2026-09-20T19:46:47+00:00
Brooklyn|527|GRAND AVENUE,ok,3011330007,3429278,"527 GRAND AVENUE, Brooklyn, NY, USA",0.8,fallback,527,GRAND AVENUE,2026-09-20T19:46:47+00:00
Brooklyn|528|MESEROLE STREET,ok,3029770001,3000000,"528 MESEROLE STREET, Brooklyn, NY, USA",0.8,fallback,528,MESEROLE STREET,2026-09-20T19:46:47+00:00
Brooklyn|5306|9 AVENUE,mismatch,,,"4010 9 AVENUE, Brooklyn, NY, USA",,,4010,9 AVENUE,2026-09-20T19:46:47+00:00
Brooklyn|5311|4 AVENUE,ok,3008150006,3014232,"5311 4 AVENUE, Brooklyn, NY, USA",0.8,fallback,5311,4 AVENUE,2026-09-20T19:46:47+00:00
Brooklyn|5325|NEW UTRECHT AVENUE,ok,3056690055,3139005,"5325 NEW UTRECHT AVENUE, Brooklyn, NY, USA",0.8,fallback,5325,NEW UTRECHT AVENUE,2026-09-20T19:46:47+00:00
Brooklyn|534|UNION STREET,ok,3004400001,3000000,"534 UNION STREET, Brooklyn, NY, USA",0.8,fallback,534,UNION STREET,2026-09-20T19:51:08+00:00
Brooklyn|535|GRAND STREET,ok,3027797503,3069330,"535 GRAND STREET, Brooklyn, NY, USA",0.8,fallback,535,GRAND STREET,2026-09-20T19:46:47+00:00
Brooklyn|535|PACIFIC STREET,ok,3001860060,3428893,"535 PACIFIC STREET, Brooklyn, NY, USA",0.8,fallback,535,PACIFIC STREET,2026-09-20T19:46:47+00:00
Brooklyn|537-545|ATKINS AVENUE,no_match,,,,,,,,2026-09-20T19:46:47+00:00
Brooklyn|537|ATKINS AVENUE,mismatch,,,"14 ATKINS AVENUE, Brooklyn, NY, USA",,,14,ATKINS AVENUE,2026-09-20T19:51:08+00:00
Brooklyn|539|SMITH STREET,ok,3004830020,3346376,"539 SMITH STREET, Brooklyn, NY, USA",0.8,fallback,539,SMITH STREET,2026-09-20T19:46:47+00:00
Brooklyn|5403|19 AVENUE,ok,3054950036,3130975,"5403 19 AVENUE, Brooklyn, NY, USA",0.8,fallback,5403,19 AVENUE,2026-09-20T19:46:48+00:00
Brooklyn|540|65 STREET,ok,3058280018,3144200,"540 65 STREET, Brooklyn, NY, USA",0.8,fallback,540,65 STREET,2026-09-20T19:46:47+00:00
Brooklyn|540|DRIGGS AVENUE,ok,3023200023,3061954,"540 DRIGGS AVENUE, Brooklyn, NY, USA",0.8,fallback,540,DRIGGS AVENUE,2026-09-20T19:46:47+00:00
Brooklyn|540|FULTON STREET,ok,3001617502,3424477,"540 FULTON STREET, Brooklyn, NY, USA",0.8,fallback,540,FULTON STREET,2026-09-20T19:46:47+00:00
Brooklyn|540|GRAHAM AVENUE,ok,3027010001,3426408,"540 GRAHAM AVENUE, Brooklyn, NY, USA",0.8,fallback,540,GRAHAM AVENUE,2026-09-20T19:46:48+00:00
Brooklyn|541|79 STREET,ok,3059710071,3150444,"541 79 STREET, Brooklyn, NY, USA",0.8,fallback,541,79 STREET,2026-09-20T19:46:48+00:00
Brooklyn|542|UNION STREET,ok,3004400001,3000000,"542 UNION STREET, Brooklyn, NY, USA",0.8,fallback,542,UNION STREET,2026-09-20T19:51:08+00:00
Brooklyn|548|58 STREET,ok,3008560024,3016061,"548 58 STREET, Brooklyn, NY, USA",0.8,fallback,548,58 STREET,2026-09-20T19:46:48+00:00
Brooklyn|549|61 STREET,ok,3057830057,3143508,"549 61 STREET, Brooklyn, NY, USA",0.8,fallback,549,61 STREET,2026-09-20T19:46:48+00:00
Brooklyn|5502|FLATLANDS AVENUE,ok,3077810015,3419712,"5502 FLATLANDS AVENUE, Brooklyn, NY, USA",0.8,fallback,5502,FLATLANDS AVENUE,2026-09-20T19:46:48+00:00
Brooklyn|550|55 STREET,ok,3008320027,3015024,"550 55 STREET, Brooklyn, NY, USA",0.8,fallback,550,55 STREET,2026-09-20T19:46:48+00:00
Brooklyn|557|EAST 31 STREET,ok,3049950020,3113805,"557 EAST 31 STREET, Brooklyn, NY, USA",0.8,fallback,557,EAST 31 STREET,2026-09-20T19:46:48+00:00
Brooklyn|558|SACKETT STREET,ok,3004330014,3000000,"558 SACKETT STREET, Brooklyn, NY, USA",0.8,fallback,558,SACKETT STREET,2026-09-20T19:46:48+00:00
Brooklyn|55|SHEFFIELD AVENUE,ok,3036690005,3425972,"55 SHEFFIELD AVENUE, Brooklyn, NY, USA",0.8,fallback,55,SHEFFIELD AVENUE,2026-09-20T19:46:48+00:00
Brooklyn|5602|3 AVENUE,ok,3008370038,3015226,"5602 3 AVENUE, Brooklyn, NY, USA",0.8,fallback,5602,3 AVENUE,2026-09-20T19:46:48+00:00
Brooklyn|5614|6 AVENUE,ok,3008400042,3015403,"5614 6 AVENUE, Brooklyn, NY, USA",0.8,fallback,5614,6 AVENUE,2026-09-20T19:46:48+00:00
Brooklyn|561|4 AVENUE,ok,3010520011,3024108,"561 4 AVENUE, Brooklyn, NY, USA",0.8,fallback,561,4 AVENUE,2026-09-20T19:46:48+00:00
Brooklyn|561|CLINTON STREET,ok,3003790001,3005612,"561 CLINTON STREET, Brooklyn, NY, USA",0.8,fallback,561,CLINTON STREET,2026-09-20T19:46:48+00:00
Brooklyn|565|MIDWOOD STREET,ok,3047990064,3106851,"565 MIDWOOD STREET, Brooklyn, NY, USA",0.8,fallback,565,MIDWOOD STREET,2026-09-20T19:46:49+00:00
Brooklyn|569|ST MARKS AVENUE,ok,3012177506,3030619,"569 SAINT MARKS AVENUE, Brooklyn, NY, USA",0.8,fallback,569,SAINT MARKS AVENUE,2026-09-20T19:51:08+00:00
Brooklyn|5709|5 AVENUE,ok,3008480005,3015719,"5709 5 AVENUE, Brooklyn, NY, USA",0.8,fallback,5709,5 AVENUE,2026-09-20T19:46:49+00:00
Brooklyn|570|HAMILTON AVENUE,ok,3006250080,3336715,"570 HAMILTON AVENUE, Brooklyn, NY, USA",0.8,fallback,570,HAMILTON AVENUE,2026-09-20T19:46:49+00:00
Brooklyn|5718|3 AVENUE,ok,3008450042,3015595,"5718 3 AVENUE, Brooklyn, NY, USA",0.8,fallback,5718,3 AVENUE,2026-09-20T19:46:49+00:00
Brooklyn|5722|7 AVENUE,ok,3008497502,3015852,"5722 7 AVENUE, Brooklyn, NY, USA",0.8,fallback,5722,7 AVENUE,2026-09-20T19:46:49+00:00
Brooklyn|576|6 AVENUE,ok,3010530056,3024203,"576 6 AVENUE, Brooklyn, NY, USA",0.8,fallback,576,6 AVENUE,2026-09-20T19:46:49+00:00
Brooklyn|57|HERBERT STREET,ok,3028270030,3069728,"57 HERBERT STREET, Brooklyn, NY, USA",0.8,fallback,57,HERBERT STREET,2026-09-20T19:46:49+00:00
Brooklyn|57|NICHOLAS AVENUE,mismatch,,,"57 ST NICHOLAS' AVENUE, Brooklyn, NY, USA",,,57,ST NICHOLAS' AVENUE,2026-09-20T19:46:49+00:00
Brooklyn|580|SUTTER AVENUE,ok,3037690001,3342520,"580 SUTTER AVENUE, Brooklyn, NY, USA",0.8,fallback,580,SUTTER AVENUE,2026-09-20T19:51:08+00:00
Brooklyn|585|BLAKE AVENUE,ok,3037690001,3328018,"585 BLAKE AVENUE, Brooklyn, NY, USA",0.8,fallback,585,BLAKE AVENUE,2026-09-20T19:51:08+00:00
Brooklyn|586|EAST 28 STREET,ok,3052290001,3120922,"586 EAST 28 STREET, Brooklyn, NY, USA",0.8,fallback,586,EAST 28 STREET,2026-09-20T19:46:49+00:00
Brooklyn|588|MYRTLE AVENUE,ok,3019100023,3054910,"588 MYRTLE AVENUE, Brooklyn, NY, USA",0.8,fallback,588,MYRTLE AVENUE,2026-09-20T19:46:49+00:00
Brooklyn|590|MARCY AVENUE,ok,3017580047,3048772,"590 MARCY AVENUE, Brooklyn, NY, USA",0.8,fallback,590,MARCY AVENUE,2026-09-20T19:46:49+00:00
Brooklyn|590|MYRTLE AVENUE,ok,3019107501,3429102,"590 MYRTLE AVENUE, Brooklyn, NY, USA",0.8,fallback,590,MYRTLE AVENUE,2026-09-20T19:46:49+00:00
Brooklyn|5915|10 AVENUE,ok,3057090001,3340919,"5915 10 AVENUE, Brooklyn, NY, USA",0.8,fallback,5915,10 AVENUE,2026-09-20T19:46:49+00:00
Brooklyn|595|SMITH STREET,ok,3004890001,3000000,"595 SMITH STREET, Brooklyn, NY, USA",0.8,fallback,595,SMITH STREET,2026-09-20T19:46:50+00:00
Brooklyn|596|METROPOLITAN AVENUE,ok,3027620005,3322912,"596 METROPOLITAN AVENUE, Brooklyn, NY, USA",0.8,fallback,596,METROPOLITAN AVENUE,2026-09-20T19:46:50+00:00
Brooklyn|59|FLATBUSH AVENUE,ok,3021060006,3059159,"59 FLATBUSH AVENUE, Brooklyn, NY, USA",0.8,fallback,59,FLATBUSH AVENUE,2026-09-20T19:46:49+00:00
Brooklyn|5|EAST 93 STREET,ok,3045950215,3346863,"5 EAST 93 STREET, Brooklyn, NY, USA",0.8,fallback,5,EAST 93 STREET,2026-09-20T19:46:45+00:00
Brooklyn|6009|8 AVENUE,ok,3057140006,3141150,"6009 8 AVENUE, Brooklyn, NY, USA",0.8,fallback,6009,8 AVENUE,2026-09-20T19:46:50+00:00
Brooklyn|603|LINCOLN PLACE,ok,3012520030,3032137,"603 LINCOLN PLACE, Brooklyn, NY, USA",0.8,fallback,603,LINCOLN PLACE,2026-09-20T19:46:50+00:00
Brooklyn|605|65 STREET,ok,3058200069,3144172,"605 65 STREET, Brooklyn, NY, USA",0.8,fallback,605,65 STREET,2026-09-20T19:46:50+00:00
Brooklyn|607|EAST 82 STREET,ok,3079870029,3223773,"607 EAST 82 STREET, Brooklyn, NY, USA",0.8,fallback,607,EAST 82 STREET,2026-09-20T19:46:50+00:00
Brooklyn|60|FRONT STREET,ok,3000457502,3426503,"60 FRONT STREET, Brooklyn, NY, USA",0.8,fallback,60,FRONT STREET,2026-09-20T19:46:50+00:00
Brooklyn|619|THROOP AVENUE,ok,3018560001,3053556,"619 THROOP AVENUE, Brooklyn, NY, USA",0.8,fallback,619,THROOP AVENUE,2026-09-20T19:46:50+00:00
Brooklyn|61|SOUTH 4 STREET,ok,3024290036,3063244,"61 SOUTH 4 STREET, Brooklyn, NY, USA",0.8,fallback,61,SOUTH 4 STREET,2026-09-20T19:46:50+00:00
Brooklyn|625|FULTON STREET,ok,3020940001,3429327,"625 FULTON STREET, Brooklyn, NY, USA",0.8,fallback,625,FULTON STREET,2026-09-20T19:46:50+00:00
Brooklyn|626|LAFAYETTE AVENUE,ok,3017890026,3049947,"626 LAFAYETTE AVENUE, Brooklyn, NY, USA",0.8,fallback,626,LAFAYETTE AVENUE,2026-09-20T19:46:50+00:00
Brooklyn|628|EAST 31 STREET,ok,3050050054,3000000,"628 EAST 31 STREET, Brooklyn, NY, USA",0.8,fallback,628,EAST 31 STREET,2026-09-20T19:46:50+00:00
Brooklyn|629|VANDERBILT AVENUE,ok,3011520010,3028485,"629 VANDERBILT AVENUE, Brooklyn, NY, USA",0.8,fallback,629,VANDERBILT AVENUE,2026-09-20T19:46:50+00:00
Brooklyn|62|SOUTH 3 STREET,ok,3024280025,3063229,"62 SOUTH 3 STREET, Brooklyn, NY, USA",0.8,fallback,62,SOUTH 3 STREET,2026-09-20T19:46:50+00:00
Brooklyn|630|UNION STREET,ok,3009557502,3020044,"630 UNION STREET, Brooklyn, NY, USA",0.8,fallback,630,UNION STREET,2026-09-20T19:46:51+00:00
Brooklyn|635|FULTON STREET,ok,3020940001,3429327,"635 FULTON STREET, Brooklyn, NY, USA",0.8,fallback,635,FULTON STREET,2026-09-20T19:46:51+00:00
Brooklyn|636-638|HANCOCK STREET,mismatch,,,"638 HANCOCK STREET, Brooklyn, NY, USA",,,638,HANCOCK STREET,2026-09-20T19:46:51+00:00
Brooklyn|637|MADISON STREET,ok,3016417502,3428766,"637 MADISON STREET, Brooklyn, NY, USA",0.8,fallback,637,MADISON STREET,2026-09-20T19:46:51+00:00
Brooklyn|6402|14 AVENUE,ok,3057470040,3426571,"6402 14 AVENUE, Brooklyn, NY, USA",0.8,fallback,6402,14 AVENUE,2026-09-20T19:46:51+00:00
Brooklyn|6404|20 AVENUE,ok,3055480039,3133597,"6404 20 AVENUE, Brooklyn, NY, USA",0.8,fallback,6404,20 AVENUE,2026-09-20T19:46:51+00:00
Brooklyn|640|COLUMBIA STREET,ok,3006120099,3394734,"640 COLUMBIA STREET, Brooklyn, NY, USA",0.8,fallback,640,COLUMBIA STREET,2026-09-20T19:46:51+00:00
Brooklyn|644|LORIMER STREET,ok,3027420001,3322795,"644 LORIMER STREET, Brooklyn, NY, USA",0.8,fallback,644,LORIMER STREET,2026-09-20T19:46:51+00:00
Brooklyn|646|PARKSIDE AVENUE,ok,3050570026,3116056,"646 PARKSIDE AVENUE, Brooklyn, NY, USA",0.8,fallback,646,PARKSIDE AVENUE,2026-09-20T19:46:51+00:00
Brooklyn|647|48 STREET,ok,3007670062,3012381,"647 48 STREET, Brooklyn, NY, USA",0.8,fallback,647,48 STREET,2026-09-20T19:46:51+00:00
Brooklyn|648|5 AVENUE,ok,3006340046,3000000,"648 5 AVENUE, Brooklyn, NY, USA",0.8,fallback,648,5 AVENUE,2026-09-20T19:46:51+00:00
Brooklyn|64|HAWTHORNE STREET,ok,3050450035,3115669,"64 HAWTHORNE STREET, Brooklyn, NY, USA",0.8,fallback,64,HAWTHORNE STREET,2026-09-20T19:46:51+00:00
Brooklyn|6508|OCEAN AVENUE,mismatch,,,"6508 OCEAN AVENUE NORTH, Arverne, NY, USA",,,6508,OCEAN AVENUE NORTH,2026-09-20T19:46:51+00:00
Brooklyn|6512|OCEAN AVENUE,mismatch,,,"6512 OCEAN AVENUE NORTH, Arverne, NY, USA",,,6512,OCEAN AVENUE NORTH,2026-09-20T19:46:52+00:00
Brooklyn|651|60 STREET,ok,3008650063,3016367,"651 60 STREET, Brooklyn, NY, USA",0.8,fallback,651,60 STREET,2026-09-20T19:46:52+00:00
Brooklyn|651|METROPOLITAN AVENUE,ok,3027580039,3068725,"651 METROPOLITAN AVENUE, Brooklyn, NY, USA",0.8,fallback,651,METROPOLITAN AVENUE,2026-09-20T19:46:52+00:00
Brooklyn|653|UNION STREET,mismatch,,,"653 UNION PLACE, Brooklyn, NY, USA",,,653,UNION PLACE,2026-09-20T19:46:52+00:00
Brooklyn|659|GRAND STREET,ok,3027810031,3000000,"659 GRAND STREET, Brooklyn, NY, USA",0.8,fallback,659,GRAND STREET,2026-09-20T19:46:52+00:00
Brooklyn|65|ECKFORD STREET,ok,3026987502,3067535,"65 ECKFORD STREET, Brooklyn, NY, USA",0.8,fallback,65,ECKFORD STREET,2026-09-20T19:46:51+00:00
Brooklyn|660|BEDFORD AVENUE,ok,3022170045,3060737,"660 BEDFORD AVENUE, Brooklyn, NY, USA",0.8,fallback,660,BEDFORD AVENUE,2026-09-20T19:46:52+00:00
Brooklyn|66|53 ROAD,mismatch,,,"66-28 53 ROAD, Maspeth, NY, USA",,,66-28,53 ROAD,2026-09-20T19:54:22+00:00
Brooklyn|66|GRAVESEND NECK ROAD,ok,3071470024,3193456,"66 GRAVESEND NECK ROAD, Brooklyn, NY, USA",0.8,fallback,66,GRAVESEND NECK ROAD,2026-09-20T19:46:52+00:00
Brooklyn|6740|5 AVENUE,ok,3058550045,3144723,"6740 5 AVENUE, Brooklyn, NY, USA",0.8,fallback,6740,5 AVENUE,2026-09-20T19:46:52+00:00
Brooklyn|676|WILLOUGHBY AVENUE,ok,3017690016,3049209,"676 WILLOUGHBY AVENUE, Brooklyn, NY, USA",0.8,fallback,676,WILLOUGHBY AVENUE,2026-09-20T19:46:52+00:00
Brooklyn|677|BROADWAY,ok,3031190011,3071600,"677 BROADWAY, Brooklyn, NY, USA",0.8,fallback,677,BROADWAY,2026-09-20T19:51:08+00:00
Brooklyn|680|65 STREET,ok,3058290033,3253420,"680 65 STREET, Brooklyn, NY, USA",0.8,fallback,680,65 STREET,2026-09-20T19:46:52+00:00
Brooklyn|6812|13 AVENUE,ok,3057740036,3143202,"6812 13 AVENUE, Brooklyn, NY, USA",0.8,fallback,6812,13 AVENUE,2026-09-20T19:46:52+00:00
Brooklyn|683|COURT STREET,ok,3006240001,3430137,"683 COURT STREET, Brooklyn, NY, USA",0.8,fallback,683,COURT STREET,2026-09-20T19:51:09+00:00
Brooklyn|684|MADISON STREET,ok,3016467501,3045210,"684 MADISON STREET, Brooklyn, NY, USA",0.8,fallback,684,MADISON STREET,2026-09-20T19:46:53+00:00
Brooklyn|68|MAUJER STREET,ok,3027920013,3069668,"68 MAUJER STREET, Brooklyn, NY, USA",0.8,fallback,68,MAUJER STREET,2026-09-20T19:46:52+00:00
Brooklyn|69|ADAMS STREET,ok,3000527502,3427430,"69 ADAMS STREET, Brooklyn, NY, USA",0.8,fallback,69,ADAMS STREET,2026-09-20T19:46:53+00:00
Brooklyn|6|BERGEN STREET,ok,3003840010,3005718,"6 BERGEN STREET, Brooklyn, NY, USA",0.8,fallback,6,BERGEN STREET,2026-09-20T19:46:50+00:00
Brooklyn|701|AVENUE O,ok,3065890061,3173897,"701 AVENUE O, Brooklyn, NY, USA",0.8,fallback,701,AVENUE O,2026-09-20T19:51:09+00:00
Brooklyn|702|GRAND STREET,ok,3027880016,3069589,"702 GRAND STREET, Brooklyn, NY, USA",0.8,fallback,702,GRAND STREET,2026-09-20T19:46:53+00:00
Brooklyn|710|DEGRAW STREET,ok,3009490039,3019556,"710 DEGRAW STREET, Brooklyn, NY, USA",0.8,fallback,710,DEGRAW STREET,2026-09-20T19:46:53+00:00
Brooklyn|710|HART STREET,ok,3032340023,3073527,"710 HART STREET, Brooklyn, NY, USA",0.8,fallback,710,HART STREET,2026-09-20T19:46:53+00:00
Brooklyn|710|METROPOLITAN AVENUE,ok,3027647502,3338159,"710 METROPOLITAN AVENUE, Brooklyn, NY, USA",0.8,fallback,710,METROPOLITAN AVENUE,2026-09-20T19:46:53+00:00
Brooklyn|712|45 STREET,ok,3007500005,3341905,"712 45 STREET, Brooklyn, NY, USA",0.8,fallback,712,45 STREET,2026-09-20T19:46:53+00:00
Brooklyn|713|45 STREET,ok,3007410074,3011408,"713 45 STREET, Brooklyn, NY, USA",0.8,fallback,713,45 STREET,2026-09-20T19:46:53+00:00
Brooklyn|714|39 STREET,ok,3009150010,3000000,"714 39 STREET, Brooklyn, NY, USA",0.8,fallback,714,39 STREET,2026-09-20T19:46:53+00:00
Brooklyn|7215|3 AVENUE,ok,3059080005,3147328,"7215 3 AVENUE, Brooklyn, NY, USA",0.8,fallback,7215,3 AVENUE,2026-09-20T19:46:53+00:00
Brooklyn|722|53 STREET,ok,3008180016,3014417,"722 53 STREET, Brooklyn, NY, USA",0.8,fallback,722,53 STREET,2026-09-20T19:46:53+00:00
Brooklyn|729|LIBERTY AVENUE,ok,3039710051,3088392,"729 LIBERTY AVENUE, Brooklyn, NY, USA",0.8,fallback,729,LIBERTY AVENUE,2026-09-20T19:46:53+00:00
Brooklyn|72|CATON PLACE,ok,3053220051,3000000,"72 CATON PLACE, Brooklyn, NY, USA",0.8,fallback,72,CATON PLACE,2026-09-20T19:46:53+00:00
Brooklyn|731|DREW STREET,mismatch,,,"9514 DREW STREET, Brooklyn, NY, USA",,,9514,DREW STREET,2026-09-20T19:46:53+00:00
Brooklyn|733|PUTNAM AVENUE,ok,3016460071,3045240,"733 PUTNAM AVENUE, Brooklyn, NY, USA",0.8,fallback,733,PUTNAM AVENUE,2026-09-20T19:46:54+00:00
Brooklyn|73A|COOPER STREET,ok,3034330057,3390389,"73A COOPER STREET, Brooklyn, NY, USA",0.8,fallback,73A,COOPER STREET,2026-09-20T19:46:54+00:00
Brooklyn|7404|3 AVENUE,ok,3059280039,3148229,"7404 3 AVENUE, Brooklyn, NY, USA",0.8,fallback,7404,3 AVENUE,2026-09-20T19:46:54+00:00
Brooklyn|745|45 STREET,ok,3007410057,3011391,"745 45 STREET, Brooklyn, NY, USA",0.8,fallback,745,45 STREET,2026-09-20T19:46:54+00:00
Brooklyn|74|RICHARDSON STREET,ok,3027320009,3068058,"74 RICHARDSON STREET, Brooklyn, NY, USA",0.8,fallback,74,RICHARDSON STREET,2026-09-20T19:46:54+00:00
Brooklyn|750|3 AVENUE,ok,3006440177,3009376,"750 3 AVENUE, Brooklyn, NY, USA",0.8,fallback,750,3 AVENUE,2026-09-20T19:46:54+00:00
Brooklyn|750|5 AVENUE,ok,3006550031,3009621,"750 5 AVENUE, Brooklyn, NY, USA",0.8,fallback,750,5 AVENUE,2026-09-20T19:46:54+00:00
Brooklyn|753|PENNSYLVANIA AVENUE,ok,3043230048,3097327,"753 PENNSYLVANIA AVENUE, Brooklyn, NY, USA",0.8,fallback,753,PENNSYLVANIA AVENUE,2026-09-20T19:46:54+00:00
Brooklyn|754|55 STREET,ok,3008340028,3015147,"754 55 STREET, Brooklyn, NY, USA",0.8,fallback,754,55 STREET,2026-09-20T19:46:54+00:00
Brooklyn|761|SCHENCK AVENUE,mismatch,,,"14 SCHENCK AVENUE, Brooklyn, NY, USA",,,14,SCHENCK AVENUE,2026-09-20T19:46:54+00:00
Brooklyn|76|SOUTH 2 STREET,ok,3024160109,3426554,"76 SOUTH 2 STREET, Brooklyn, NY, USA",0.8,fallback,76,SOUTH 2 STREET,2026-09-20T19:46:54+00:00
Brooklyn|77|SCHAEFFER AVENUE,mismatch,,,"77 SCHAEFFER STREET, Brooklyn, NY, USA",,,77,SCHAEFFER STREET,2026-09-20T19:46:54+00:00
Brooklyn|77|SCHAEFFER STREET,ok,3034210050,3079217,"77 SCHAEFFER STREET, Brooklyn, NY, USA",0.8,fallback,77,SCHAEFFER STREET,2026-09-20T19:46:54+00:00
Brooklyn|78|LEFFERTS AVENUE,ok,3013270026,3337873,"78 LEFFERTS AVENUE, Brooklyn, NY, USA",0.8,fallback,78,LEFFERTS AVENUE,2026-09-20T19:46:54+00:00
Brooklyn|7923|3 AVENUE,ok,3059790001,3150842,"7923 3 AVENUE, Brooklyn, NY, USA",0.8,fallback,7923,3 AVENUE,2026-09-20T19:46:54+00:00
Brooklyn|79|TRUXTON STREET,ok,3015430060,3423889,"79 TRUXTON STREET, Brooklyn, NY, USA",0.8,fallback,79,TRUXTON STREET,2026-09-20T19:46:54+00:00
Brooklyn|800|5 AVENUE,ok,3006777502,3010040,"800 5 AVENUE, Brooklyn, NY, USA",0.8,fallback,800,5 AVENUE,2026-09-20T19:46:55+00:00
Brooklyn|8039|PRESTON COURT,ok,3079180086,3429235,"8039 PRESTON COURT, Brooklyn, NY, USA",0.8,fallback,8039,PRESTON COURT,2026-09-20T19:46:55+00:00
Brooklyn|805|WASHINGTON AVENUE,ok,3011807503,3029645,"805 WASHINGTON AVENUE, Brooklyn, NY, USA",0.8,fallback,805,WASHINGTON AVENUE,2026-09-20T19:46:55+00:00
Brooklyn|808|GLENMORE AVENUE,mismatch,,,"30 GLENMORE AVENUE, Brooklyn, NY, USA",,,30,GLENMORE AVENUE,2026-09-20T19:46:55+00:00
Brooklyn|809|METROPOLITAN AVENUE,ok,3029070078,3070262,"809 METROPOLITAN AVENUE, Brooklyn, NY, USA",0.8,fallback,809,METROPOLITAN AVENUE,2026-09-20T19:46:55+00:00
Brooklyn|8109|3 AVENUE,ok,3059970007,3000000,"8109 THIRD AVENUE, Brooklyn, NY, USA",0.8,fallback,8109,THIRD AVENUE,2026-09-20T19:46:55+00:00
Brooklyn|815|KINGS HIGHWAY,ok,3066650014,3000000,"815 KINGS HIGHWAY, Brooklyn, NY, USA",0.8,fallback,815,KINGS HIGHWAY,2026-09-20T19:46:55+00:00
Brooklyn|8161|NEW UTRECHT AVENUE,ok,3063140088,3164643,"8161 NEW UTRECHT AVENUE, Brooklyn, NY, USA",0.8,fallback,8161,NEW UTRECHT AVENUE,2026-09-20T19:46:55+00:00
Brooklyn|818|55 STREET,ok,3056790014,3139494,"818 55 STREET, Brooklyn, NY, USA",0.8,fallback,818,55 STREET,2026-09-20T19:46:55+00:00
Brooklyn|8220|12 AVENUE,ok,3063010043,3163991,"8220 12 AVENUE, Brooklyn, NY, USA",0.8,fallback,8220,12 AVENUE,2026-09-20T19:46:55+00:00
Brooklyn|822|59 STREET,ok,3057070015,3140850,"822 59 STREET, Brooklyn, NY, USA",0.8,fallback,822,59 STREET,2026-09-20T19:46:55+00:00
Brooklyn|823|44 STREET,ok,3007330069,3011082,"823 44 STREET, Brooklyn, NY, USA",0.8,fallback,823,44 STREET,2026-09-20T19:46:55+00:00
Brooklyn|829|NEW LOTS AVENUE,ok,3040830028,3090606,"829 NEW LOTS AVENUE, Brooklyn, NY, USA",0.8,fallback,829,NEW LOTS AVENUE,2026-09-20T19:46:55+00:00
Brooklyn|82|COOPER STREET,ok,3034390023,3079910,"82 COOPER STREET, Brooklyn, NY, USA",0.8,fallback,82,COOPER STREET,2026-09-20T19:46:55+00:00
Brooklyn|834|HERKIMER STREET,ok,3017100018,3048202,"834 HERKIMER STREET, Brooklyn, NY, USA",0.8,fallback,834,HERKIMER STREET,2026-09-20T19:46:55+00:00
Brooklyn|836|40 STREET,ok,3009200019,3018120,"836 40 STREET, Brooklyn, NY, USA",0.8,fallback,836,40 STREET,2026-09-20T19:46:56+00:00
Brooklyn|837|MAPLE STREET,ok,3045880098,3099127,"837 MAPLE STREET, Brooklyn, NY, USA",0.8,fallback,837,MAPLE STREET,2026-09-20T19:46:56+00:00
Brooklyn|83|DE SALES PLACE,ok,3034690035,3080468,"83 DE SALES PLACE, Brooklyn, NY, USA",0.8,fallback,83,DE SALES PLACE,2026-09-20T19:46:55+00:00
Brooklyn|840|5 AVENUE,ok,3006930039,3426619,"840 FIFTH AVENUE, Brooklyn, NY, USA",0.8,fallback,840,FIFTH AVENUE,2026-09-20T19:46:56+00:00
Brooklyn|841|GREENE AVENUE,ok,3016150056,3043794,"841 GREENE AVENUE, Brooklyn, NY, USA",0.8,fallback,841,GREENE AVENUE,2026-09-20T19:46:56+00:00
Brooklyn|84|HOYT STREET,ok,3001760031,3000631,"84 HOYT STREET, Brooklyn, NY, USA",0.8,fallback,84,HOYT STREET,2026-09-20T19:46:56+00:00
Brooklyn|850|METROPOLITAN AVENUE,ok,3029167505,3330330,"850 METROPOLITAN AVENUE, Brooklyn, NY, USA",0.8,fallback,850,METROPOLITAN AVENUE,2026-09-20T19:46:56+00:00
Brooklyn|850|ST MARKS AVENUE,ok,3012280037,3031037,"850 ST MARKS AVENUE, Brooklyn, NY, USA",0.8,fallback,850,ST MARKS AVENUE,2026-09-20T19:51:09+00:00
Brooklyn|855A|MOTHER GASTON BOULEVARD,ok,3038550001,3427429,"855A MOTHER GASTON BOULEVARD, Brooklyn, NY, USA",0.8,fallback,855A,MOTHER GASTON BOULEVARD,2026-09-20T19:46:56+00:00
Brooklyn|856|NEW LOTS AVENUE,ok,3043160010,3097115,"856 NEW LOTS AVENUE, Brooklyn, NY, USA",0.8,fallback,856,NEW LOTS AVENUE,2026-09-20T19:46:56+00:00
Brooklyn|85|JAY STREET,ok,3000547501,3425091,"85 JAY STREET, Brooklyn, NY, USA",0.8,fallback,85,JAY STREET,2026-09-20T19:46:56+00:00
Brooklyn|8610|17 AVENUE,ok,3063650047,3166443,"8610 17 AVENUE, Brooklyn, NY, USA",0.8,fallback,8610,17 AVENUE,2026-09-20T19:46:56+00:00
Brooklyn|861|AVENUE Z,ok,3072230039,3254068,"861 AVENUE Z, Brooklyn, NY, USA",0.8,fallback,861,AVENUE Z,2026-09-20T19:51:09+00:00
Brooklyn|868|CARROLL STREET,ok,3010720022,3024951,"868 CARROLL STREET, Brooklyn, NY, USA",0.8,fallback,868,CARROLL STREET,2026-09-20T19:46:56+00:00
Brooklyn|8696|24 AVENUE,ok,3068750032,3427175,"8696 24 AVENUE, Brooklyn, NY, USA",0.8,fallback,8696,24 AVENUE,2026-09-20T19:46:56+00:00
Brooklyn|8705|BAY PARKWAY,ok,3064150032,3168026,"8705 BAY PARKWAY, Brooklyn, NY, USA",0.8,fallback,8705,BAY PARKWAY,2026-09-20T19:46:57+00:00
Brooklyn|8712|BAY PARKWAY,ok,3064140053,3000000,"8712 BAY PARKWAY, Brooklyn, NY, USA",0.8,fallback,8712,BAY PARKWAY,2026-09-20T19:46:57+00:00
Brooklyn|87|CARLTON AVENUE,ok,3020440025,3430153,"87 CARLTON AVENUE, Brooklyn, NY, USA",0.8,fallback,87,CARLTON AVENUE,2026-09-20T19:46:57+00:00
Brooklyn|87|HERKIMER STREET,ok,3018600064,3323683,"87 HERKIMER STREET, Brooklyn, NY, USA",0.8,fallback,87,HERKIMER STREET,2026-09-20T19:46:57+00:00
Brooklyn|87|STOCKTON STREET,ok,3017430082,3391847,"87 STOCKTON STREET, Brooklyn, NY, USA",0.8,fallback,87,STOCKTON STREET,2026-09-20T19:46:57+00:00
Brooklyn|883|MYRTLE AVENUE,ok,3017470044,3048536,"883 MYRTLE AVENUE, Brooklyn, NY, USA",0.8,fallback,883,MYRTLE AVENUE,2026-09-20T19:46:57+00:00
Brooklyn|884|FLATBUSH AVENUE,ok,3050820047,3116592,"884 FLATBUSH AVENUE, Brooklyn, NY, USA",0.8,fallback,884,FLATBUSH AVENUE,2026-09-20T19:46:57+00:00
Brooklyn|886|BROADWAY,ok,3015820015,3393613,"886 BROADWAY, Brooklyn, NY, USA",0.8,fallback,886,BROADWAY,2026-09-20T19:46:57+00:00
Brooklyn|886|DAHILL ROAD,ok,3054577501,3428877,"886 DAHILL ROAD, Brooklyn, NY, USA",0.8,fallback,886,DAHILL ROAD,2026-09-20T19:46:57+00:00
Brooklyn|88|LEXINGTON AVENUE,ok,3019707506,3056417,"88 LEXINGTON AVENUE, Brooklyn, NY, USA",0.8,fallback,88,LEXINGTON AVENUE,2026-09-20T19:46:57+00:00
Brooklyn|896|BELMONT AVENUE,ok,3042460018,3000000,"896 BELMONT AVENUE, Brooklyn, NY, USA",0.8,fallback,896,BELMONT AVENUE,2026-09-20T19:46:57+00:00
Brooklyn|898|BUSHWICK AVENUE,ok,3032730038,3074662,"898 BUSHWICK AVENUE, Brooklyn, NY, USA",0.8,fallback,898,BUSHWICK AVENUE,2026-09-20T19:46:57+00:00
Brooklyn|89|MALCOLM X BOULEVARD,ok,3016220010,3000000,"89 MALCOLM X BOULEVARD, Brooklyn, NY, USA",0.8,fallback,89,MALCOLM X BOULEVARD,2026-09-20T19:46:57+00:00
Brooklyn|89|NORTH 13 STREET,ok,3022780002,3061521,"89 NORTH 13 STREET, Brooklyn, NY, USA",0.8,fallback,89,NORTH 13 STREET,2026-09-20T19:46:57+00:00
Brooklyn|89|SEELEY STREET,ok,3052610020,3000000,"89 SEELEY STREET, Brooklyn, NY, USA",0.8,fallback,89,SEELEY STREET,2026-09-20T19:46:57+00:00
Brooklyn|902|55 STREET,ok,3056800006,3139547,"902 55 STREET, Brooklyn, NY, USA",0.8,fallback,902,55 STREET,2026-09-20T19:46:58+00:00
Brooklyn|903|EAGLE AVENUE,mismatch,,,"903 EAGLE AVENUE, Bronx, NY, USA",,,903,EAGLE AVENUE,2026-09-20T19:46:58+00:00
Brooklyn|904|55 STREET,ok,3056800007,3139548,"904 55 STREET, Brooklyn, NY, USA",0.8,fallback,904,55 STREET,2026-09-20T19:46:58+00:00
Brooklyn|90|ROSS STREET,ok,3021860001,3331321,"90 ROSS STREET, Brooklyn, NY, USA",0.8,fallback,90,ROSS STREET,2026-09-20T19:46:58+00:00
Brooklyn|90|SOUTH 4 STREET,ok,3024430009,3321314,"90 SOUTH 4 STREET, Brooklyn, NY, USA",0.8,fallback,90,SOUTH 4 STREET,2026-09-20T19:46:58+00:00
Brooklyn|90|WHARF DRIVE,mismatch,,,"75 WHARF DRIVE, Brooklyn, NY, USA",,,75,WHARF DRIVE,2026-09-20T19:46:58+00:00
Brooklyn|911|ERSKINE STREET,ok,3045867501,3421880,"911 ERSKINE STREET, Brooklyn, NY, USA",0.8,fallback,911,ERSKINE STREET,2026-09-20T19:46:58+00:00
Brooklyn|913|45 STREET,ok,3056070071,3136329,"913 45 STREET, Brooklyn, NY, USA",0.8,fallback,913,45 STREET,2026-09-20T19:46:58+00:00
Brooklyn|915|55 STREET,ok,3056737503,3139244,"915 55 STREET, Brooklyn, NY, USA",0.8,fallback,915,55 STREET,2026-09-20T19:46:58+00:00
Brooklyn|915|OCEAN PARKWAY,ok,3065190081,3170871,"915 OCEAN PARKWAY, Brooklyn, NY, USA",0.8,fallback,915,OCEAN PARKWAY,2026-09-20T19:46:58+00:00
Brooklyn|91|BOERUM STREET,ok,3030600075,3071200,"91 BOERUM STREET, Brooklyn, NY, USA",0.8,fallback,91,BOERUM STREET,2026-09-20T19:46:58+00:00
Brooklyn|91|DE SALES PLACE,ok,3034690030,3000000,"91 DE SALES PLACE, Brooklyn, NY, USA",0.8,fallback,91,DE SALES PLACE,2026-09-20T19:46:58+00:00
Brooklyn|920|MONTGOMERY STREET,ok,3014230073,3038381,"920 MONTGOMERY STREET, Brooklyn, NY, USA",0.8,fallback,920,MONTGOMERY STREET,2026-09-20T19:46:59+00:00
Brooklyn|925|OCEAN AVENUE,ok,3051840062,3119505,"925 OCEAN AVENUE, Brooklyn, NY, USA",0.8,fallback,925,OCEAN AVENUE,2026-09-20T19:46:59+00:00
Brooklyn|926|BEDFORD AVENUE,ok,3019140046,3396746,"926 BEDFORD AVENUE, Brooklyn, NY, USA",0.8,fallback,926,BEDFORD AVENUE,2026-09-20T19:46:59+00:00
Brooklyn|929|9 AVENUE,mismatch,,,"4010 9 AVENUE, Brooklyn, NY, USA",,,4010,9 AVENUE,2026-09-20T19:51:09+00:00
Brooklyn|92|UTICA AVENUE,ok,3013480042,3396885,"92 UTICA AVENUE, Brooklyn, NY, USA",0.8,fallback,92,UTICA AVENUE,2026-09-20T19:46:59+00:00
Brooklyn|934|44 STREET,ok,3056077501,3136290,"934 44 STREET, Brooklyn, NY, USA",0.8,fallback,934,44 STREET,2026-09-20T19:46:59+00:00
Brooklyn|93|COURT STREET,ok,3002690024,3002647,"93 COURT STREET, Brooklyn, NY, USA",0.8,fallback,93,COURT STREET,2026-09-20T19:51:09+00:00
Brooklyn|941|WASHINGTON AVENUE,ok,3011920018,3029726,"941 WASHINGTON AVENUE, Brooklyn, NY, USA",0.8,fallback,941,WASHINGTON AVENUE,2026-09-20T19:46:59+00:00
Brooklyn|945|EAST 15 STREET,ok,3067080071,3179683,"945 EAST 15 STREET, Brooklyn, NY, USA",0.8,fallback,945,EAST 15 STREET,2026-09-20T19:46:59+00:00
Brooklyn|948|MYRTLE AVENUE,ok,3017567501,3425801,"948 MYRTLE AVENUE, Brooklyn, NY, USA",0.8,fallback,948,MYRTLE AVENUE,2026-09-20T19:46:59+00:00
Brooklyn|94|2 STREET,ok,3004610022,3007883,"94 2 STREET, Brooklyn, NY, USA",0.8,fallback,94,2 STREET,2026-09-20T19:46:59+00:00
Brooklyn|95|EASTERN PARKWAY,ok,3011790071,3029631,"95 EASTERN PARKWAY, Brooklyn, NY, USA",0.8,fallback,95,EASTERN PARKWAY,2026-09-20T19:46:59+00:00
Brooklyn|95|NORTHERN BOULEVARD,mismatch,,,"95-01 NORTHERN BOULEVARD, East Elmhurst, NY, USA",,,95-01,NORTHERN BOULEVARD,2026-09-20T19:54:22+00:00
Brooklyn|962|46 STREET,ok,3056190034,3136821,"962 46 STREET, Brooklyn, NY, USA",0.8,fallback,962,46 STREET,2026-09-20T19:46:59+00:00
Brooklyn|965|46 STREET,ok,3056137501,3136588,"965 46 STREET, Brooklyn, NY, USA",0.8,fallback,965,46 STREET,2026-09-20T19:46:59+00:00
Brooklyn|968|3 AVENUE,ok,3006950046,3010312,"968 3 AVENUE, Brooklyn, NY, USA",0.8,fallback,968,3 AVENUE,2026-09-20T19:47:00+00:00
Brooklyn|96|16 STREET,ok,3010510028,3426392,"96 16 STREET, Brooklyn, NY, USA",0.8,fallback,96,16 STREET,2026-09-20T19:46:59+00:00
Brooklyn|975|EAST 24 STREET,ok,3075880013,3206734,"975 EAST 24 STREET, Brooklyn, NY, USA",0.8,fallback,975,EAST 24 STREET,2026-09-20T19:47:00+00:00
Brooklyn|989|BEDFORD AVENUE,ok,3017780001,3049591,"989 BEDFORD AVENUE, Brooklyn, NY, USA",0.8,fallback,989,BEDFORD AVENUE,2026-09-20T19:47:00+00:00
Brooklyn|996|CARROLL STREET,ok,3012870018,3033777,"996 CARROLL STREET, Brooklyn, NY, USA",0.8,fallback,996,CARROLL STREET,2026-09-20T19:47:00+00:00
Brooklyn|999|3 AVENUE,ok,3007040066,3010435,"999 3 AVENUE, Brooklyn, NY, USA",0.8,fallback,999,3 AVENUE,2026-09-20T19:47:00+00:00
Brooklyn|99|JORALEMON STREET,ok,3002530007,3326036,"99 JORALEMON STREET, Brooklyn, NY, USA",0.8,fallback,99,JORALEMON STREET,2026-09-20T19:47:00+00:00
Brooklyn|9|DEKALB AVENUE,ok,3001497503,3000370,"9 DEKALB AVENUE, Brooklyn, NY, USA",0.8,fallback,9,DEKALB AVENUE,2026-09-20T19:46:58+00:00
Brooklyn|9|KENT AVENUE,mismatch,,,"774 KENT AVENUE, Brooklyn, NY, USA",,,774,KENT AVENUE,2026-09-20T19:46:58+00:00
Manhattan|100|DIVISION STREET,ok,1002930023,1079633,"100 DIVISION STREET, New York, NY, USA",0.8,fallback,100,DIVISION STREET,2026-09-20T19:47:00+00:00
Manhattan|100|VAN DAM STREET,ok,1005977504,1010360,"100 VAN DAM STREET, New York, NY, USA",0.8,fallback,100,VAN DAM STREET,2026-09-20T19:47:00+00:00
Manhattan|100|WEST 33 STREET,ok,1008080040,1015190,"100 WEST 33 STREET, New York, NY, USA",0.8,fallback,100,WEST 33 STREET,2026-09-20T19:47:00+00:00
Manhattan|100|WEST 37 STREET,ok,1008120045,1090627,"100 WEST 37 STREET, New York, NY, USA",0.8,fallback,100,WEST 37 STREET,2026-09-20T19:47:01+00:00
Manhattan|100|WEST 70 STREET,ok,1011417501,1029665,"100 WEST 70 STREET, New York, NY, USA",0.8,fallback,100,WEST 70 STREET,2026-09-20T19:47:01+00:00
Manhattan|100|WILLIAM STREET,ok,1000680036,1001116,"100 WILLIAM STREET, New York, NY, USA",0.8,fallback,100,WILLIAM STREET,2026-09-20T19:47:01+00:00
Manhattan|101|COOPER STREET,ok,1022420037,1064993,"101 COOPER STREET, New York, NY, USA",0.8,fallback,101,COOPER STREET,2026-09-20T19:47:01+00:00
Manhattan|101|MACOMBS PLACE,ok,1020400023,1060632,"101 MACOMBS PLACE, New York, NY, USA",0.8,fallback,101,MACOMBS PLACE,2026-09-20T19:47:01+00:00
Manhattan|101|PARK AVENUE,ok,1012950001,1036144,"101 PARK AVENUE, New York, NY, USA",0.8,fallback,101,PARK AVENUE,2026-09-20T19:51:09+00:00
Manhattan|102|CHARLTON STREET,ok,1005970050,1090693,"102 CHARLTON STREET, New York, NY, USA",0.8,fallback,102,CHARLTON STREET,2026-09-20T19:47:01+00:00
Manhattan|1039-1045|MADISON AVENUE,mismatch,,,"1039 MADISON AVENUE, New York, NY, USA",,,1039,MADISON AVENUE,2026-09-20T19:51:09+00:00
Manhattan|1045|MADISON AVENUE,ok,1014917504,1046469,"1045 MADISON AVENUE, New York, NY, USA",0.8,fallback,1045,MADISON AVENUE,2026-09-20T19:47:01+00:00
Manhattan|104|TERRACE VIEW AVENUE,ok,1022150237,1064544,"104 TERRACE VIEW AVENUE, Bronx, NY, USA",0.8,fallback,104,TERRACE VIEW AVENUE,2026-09-20T19:51:09+00:00
Manhattan|105|WEST 29 STREET,ok,1008057502,1015146,"105 WEST 29 STREET, New York, NY, USA",0.8,fallback,105,WEST 29 STREET,2026-09-20T19:47:01+00:00
Manhattan|107|BANK STREET,ok,1006350034,1011940,"107 BANK STREET, New York, NY, USA",0.8,fallback,107,BANK STREET,2026-09-20T19:47:01+00:00
Manhattan|107|WEST 57 STREET,ok,1010107507,1023728,"107 WEST 57 STREET, New York, NY, USA",0.8,fallback,107,WEST 57 STREET,2026-09-20T19:47:02+00:00
Manhattan|108|EAST 96 STREET,ok,1015247502,1084726,"108 EAST 96 STREET, New York, NY, USA",0.8,fallback,108,EAST 96 STREET,2026-09-20T19:47:02+00:00
Manhattan|109|EAST BROADWAY,ok,1002820023,1088290,"109 EAST BROADWAY, New York, NY, USA",0.8,fallback,109,EAST BROADWAY,2026-09-20T19:47:02+00:00
Manhattan|10|EAST 29 STREET,ok,1008580008,1087326,"10 EAST 29 STREET, New York, NY, USA",0.8,fallback,10,EAST 29 STREET,2026-09-20T19:47:00+00:00
Manhattan|1105|LEXINGTON AVENUE,ok,1014120021,1043223,"1105 LEXINGTON AVENUE, New York, NY, USA",0.8,fallback,1105,LEXINGTON AVENUE,2026-09-20T19:47:02+00:00
Manhattan|110|WEST 130 STREET,ok,1019140039,1057989,"110 WEST 130 STREET, New York, NY, USA",0.8,fallback,110,WEST 130 STREET,2026-09-20T19:47:02+00:00
Manhattan|111|EAST 85 STREET,ok,1015140008,1047928,"111 EAST 85 STREET, New York, NY, USA",0.8,fallback,111,EAST 85 STREET,2026-09-20T19:47:02+00:00
Manhattan|111|READE STREET,ok,1001450016,1001586,"111 READE STREET, New York, NY, USA",0.8,fallback,111,READE STREET,2026-09-20T19:47:02+00:00
Manhattan|111|WADSWORTH AVENUE,ok,1021620001,1079921,"111 WADSWORTH AVENUE, New York, NY, USA",0.8,fallback,111,WADSWORTH AVENUE,2026-09-20T19:47:02+00:00
Manhattan|111|WALL STREET,ok,1000350010,1000868,"111 WALL STREET, New York, NY, USA",0.8,fallback,111,WALL STREET,2026-09-20T19:47:02+00:00
Manhattan|111|WEST 57 STREET,ok,1010107507,1023728,"111 WEST 57 STREET, New York, NY, USA",0.8,fallback,111,WEST 57 STREET,2026-09-20T19:47:02+00:00
Manhattan|1130|1 AVENUE,ok,1014570001,1045312,"1130 1 AVENUE, New York, NY, USA",0.8,fallback,1130,1 AVENUE,2026-09-20T19:47:03+00:00
Manhattan|113|JANE STREET,ok,1006420001,1012125,"113 JANE STREET, New York, NY, USA",0.8,fallback,113,JANE STREET,2026-09-20T19:47:03+00:00
Manhattan|113|SOUTH STREET,ok,1000970003,1001324,"113 SOUTH STREET, New York, NY, USA",0.8,fallback,113,SOUTH STREET,2026-09-20T19:47:03+00:00
Manhattan|114|EDGECOMBE AVENUE,ok,1020420028,1060724,"114 EDGECOMBE AVENUE, New York, NY, USA",0.8,fallback,114,EDGECOMBE AVENUE,2026-09-20T19:47:03+00:00
Manhattan|114|WEST 86 STREET,ok,1012160039,1032166,"114 WEST 86 STREET, New York, NY, USA",0.8,fallback,114,WEST 86 STREET,2026-09-20T19:47:03+00:00
Manhattan|115|DELANCEY STREET,ok,1003527501,1090554,"115 DELANCEY STREET, New York, NY, USA",0.8,fallback,115,DELANCEY STREET,2026-09-20T19:47:03+00:00
Manhattan|118|EAST 7 STREET,ok,1004340023,1005786,"118 EAST 7 STREET, New York, NY, USA",0.8,fallback,118,EAST 7 STREET,2026-09-20T19:47:03+00:00
Manhattan|1198|YORK AVENUE,ok,1014800010,1087135,"1198 YORK AVENUE, New York, NY, USA",0.8,fallback,1198,YORK AVENUE,2026-09-20T19:47:03+00:00
Manhattan|11|EAST 15 STREET,ok,1008430039,1000000,"11 EAST 15 STREET, New York, NY, USA",0.8,fallback,11,EAST 15 STREET,2026-09-20T19:47:02+00:00
Manhattan|11|EAST 39 STREET,ok,1008690066,1017601,"11 EAST 39 STREET, New York, NY, USA",0.8,fallback,11,EAST 39 STREET,2026-09-20T19:47:02+00:00
Manhattan|11|EAST BROADWAY,ok,1002797502,1003379,"11 EAST BROADWAY, New York, NY, USA",0.8,fallback,11,EAST BROADWAY,2026-09-20T19:47:02+00:00
Manhattan|11|JANE STREET,ok,1006167502,1090829,"11 JANE STREET, New York, NY, USA",0.8,fallback,11,JANE STREET,2026-09-20T19:47:02+00:00
Manhattan|120|LAFAYETTE STREET,ok,1002090024,1002689,"120 LAFAYETTE STREET, New York, NY, USA",0.8,fallback,120,LAFAYETTE STREET,2026-09-20T19:47:03+00:00
Manhattan|120|WEST 57 STREET,ok,1010090044,1023460,"120 WEST 57 STREET, New York, NY, USA",0.8,fallback,120,WEST 57 STREET,2026-09-20T19:47:03+00:00
Manhattan|121|EAST 54 STREET,ok,1013090107,1036496,"121 EAST 54 STREET, New York, NY, USA",0.8,fallback,121,EAST 54 STREET,2026-09-20T19:47:03+00:00
Manhattan|121|EAST 60 STREET,ok,1013950010,1041917,"121 EAST 60 STREET, New York, NY, USA",0.8,fallback,121,EAST 60 STREET,2026-09-20T19:47:03+00:00
Manhattan|1227|BROADWAY,ok,1008317503,1090443,"1227 BROADWAY, New York, NY, USA",0.8,fallback,1227,BROADWAY,2026-09-20T19:47:04+00:00
Manhattan|122|EAST 32 STREET,ok,1008870084,1000000,"122 EAST 32 STREET, New York, NY, USA",0.8,fallback,122,EAST 32 STREET,2026-09-20T19:47:03+00:00
Manhattan|1230|5 AVENUE,ok,1016100001,1051499,"1230 5 AVENUE, New York, NY, USA",0.8,fallback,1230,5 AVENUE,2026-09-20T19:47:04+00:00
Manhattan|123|WASHINGTON STREET,ok,1000537502,1088442,"123 WASHINGTON STREET, New York, NY, USA",0.8,fallback,123,WASHINGTON STREET,2026-09-20T19:47:04+00:00
Manhattan|123|WEST 57 STREET,ok,1010107509,1091067,"123 WEST 57 STREET, New York, NY, USA",0.8,fallback,123,WEST 57 STREET,2026-09-20T19:47:04+00:00
Manhattan|1245|BROADWAY,ok,1008320017,1090786,"1245 BROADWAY, New York, NY, USA",0.8,fallback,1245,BROADWAY,2026-09-20T19:47:04+00:00
Manhattan|124|EAST 112 STREET,ok,1016390062,1052223,"124 EAST 112 STREET, New York, NY, USA",0.8,fallback,124,EAST 112 STREET,2026-09-20T19:47:04+00:00
Manhattan|124|EAST 117 STREET,ok,1016440059,1052315,"124 EAST 117 STREET, New York, NY, USA",0.8,fallback,124,EAST 117 STREET,2026-09-20T19:47:04+00:00
Manhattan|124|EAST 57 STREET,ok,1013110061,1036893,"124 EAST 57 STREET, New York, NY, USA",0.8,fallback,124,EAST 57 STREET,2026-09-20T19:47:04+00:00
Manhattan|124|WEST 60 STREET,ok,1011317502,1028827,"124 WEST 60 STREET, New York, NY, USA",0.8,fallback,124,WEST 60 STREET,2026-09-20T19:51:09+00:00
Manhattan|125|LAFAYETTE STREET,ok,1002080004,1002672,"125 LAFAYETTE STREET, New York, NY, USA",0.8,fallback,125,LAFAYETTE STREET,2026-09-20T19:47:04+00:00
Manhattan|125|WEST 57 STREET,ok,1010107509,1091067,"125 WEST 57 STREET, New York, NY, USA",0.8,fallback,125,WEST 57 STREET,2026-09-20T19:47:04+00:00
Manhattan|1260|6 AVENUE,ok,1012660001,1083861,"1260 SIXTH AVENUE, New York, NY, USA",0.8,fallback,1260,SIXTH AVENUE,2026-09-20T19:47:04+00:00
Manhattan|1264|LEXINGTON AVENUE,ok,1015140016,1047931,"1264 LEXINGTON AVENUE, New York, NY, USA",0.8,fallback,1264,LEXINGTON AVENUE,2026-09-20T19:47:04+00:00
Manhattan|126|EAST 131 STREET,ok,1017790060,1054512,"126 EAST 131 STREET, New York, NY, USA",0.8,fallback,126,EAST 131 STREET,2026-09-20T19:47:04+00:00
Manhattan|126|HESTER STREET,ok,1003030019,1091754,"126 HESTER STREET, New York, NY, USA",0.8,fallback,126,HESTER STREET,2026-09-20T19:47:04+00:00
Manhattan|12|JOHN STREET,ok,1000650020,1001103,"12 JOHN STREET, New York, NY, USA",0.8,fallback,12,JOHN STREET,2026-09-20T19:47:03+00:00
Manhattan|131|AVENUE B,ok,1003910003,1004734,"131 AVENUE B, New York, NY, USA",0.8,fallback,131,AVENUE B,2026-09-20T19:51:09+00:00
Manhattan|1326-1338|RIVERSIDE DRIVE,mismatch,,,"1326 RIVERSIDE DRIVE, New York, NY, USA",,,1326,RIVERSIDE DRIVE,2026-09-20T19:51:09+00:00
Manhattan|1326|RIVERSIDE DRIVE,ok,1021770228,1064326,"1326 RIVERSIDE DRIVE, New York, NY, USA",0.8,fallback,1326,RIVERSIDE DRIVE,2026-09-20T19:47:05+00:00
Manhattan|132|4 AVENUE,ok,1005640045,1009211,"132 4 AVENUE, New York, NY, USA",0.8,fallback,132,4 AVENUE,2026-09-20T19:47:05+00:00
Manhattan|132|WEST 28 STREET,ok,1008030058,1015090,"132 WEST 28 STREET, New York, NY, USA",0.8,fallback,132,WEST 28 STREET,2026-09-20T19:47:05+00:00
Manhattan|1345|6 AVENUE,ok,1010070029,1083719,"1345 6 AVENUE, New York, NY, USA",0.8,fallback,1345,6 AVENUE,2026-09-20T19:47:05+00:00
Manhattan|135|EAST 57 STREET,ok,1013120015,1036904,"135 EAST 57 STREET, New York, NY, USA",0.8,fallback,135,EAST 57 STREET,2026-09-20T19:47:05+00:00
Manhattan|1361|ST NICHOLAS AVENUE,ok,1021620001,1079920,"1361 SAINT NICHOLAS AVENUE, New York, NY, USA",0.8,fallback,1361,SAINT NICHOLAS AVENUE,2026-09-20T19:51:09+00:00
Manhattan|136|EAST 64 STREET,ok,1013980060,1042117,"136 EAST 64 STREET, New York, NY, USA",0.8,fallback,136,EAST 64 STREET,2026-09-20T19:47:05+00:00
Manhattan|1370|ST NICHOLAS AVENUE,ok,1021530001,1079909,"1370 SAINT NICHOLAS AVENUE, New York, NY, USA",0.8,fallback,1370,SAINT NICHOLAS AVENUE,2026-09-20T19:51:09+00:00
Manhattan|137|SULLIVAN STREET,ok,1005170003,1008040,"137 SULLIVAN STREET, New York, NY, USA",0.8,fallback,137,SULLIVAN STREET,2026-09-20T19:47:05+00:00
Manhattan|137|WEST 122 STREET,ok,1019070015,1057714,"137 WEST 122 STREET, New York, NY, USA",0.8,fallback,137,WEST 122 STREET,2026-09-20T19:47:05+00:00
Manhattan|139|EAST 57 STREET,ok,1013120023,1036907,"139 EAST 57 STREET, New York, NY, USA",0.8,fallback,139,EAST 57 STREET,2026-09-20T19:47:05+00:00
Manhattan|13|CARMINE STREET,ok,1005890047,1010084,"13 CARMINE STREET, New York, NY, USA",0.8,fallback,13,CARMINE STREET,2026-09-20T19:47:05+00:00
Manhattan|13|LAIGHT STREET,ok,1002120018,1002735,"13 LAIGHT STREET, New York, NY, USA",0.8,fallback,13,LAIGHT STREET,2026-09-20T19:47:05+00:00
Manhattan|140|EAST 63 STREET,ok,1013977505,1042055,"140 EAST 63 STREET, New York, NY, USA",0.8,fallback,140,EAST 63 STREET,2026-09-20T19:47:06+00:00
Manhattan|140|WADSWORTH AVENUE,ok,1021630061,1063923,"140 WADSWORTH AVENUE, New York, NY, USA",0.8,fallback,140,WADSWORTH AVENUE,2026-09-20T19:47:06+00:00
Manhattan|140|WEST 28 STREET,ok,1008030062,1015093,"140 WEST 28 STREET, New York, NY, USA",0.8,fallback,140,WEST 28 STREET,2026-09-20T19:47:06+00:00
Manhattan|141|EAST 56 STREET,ok,1013110028,1036877,"141 EAST 56 STREET, New York, NY, USA",0.8,fallback,141,EAST 56 STREET,2026-09-20T19:47:06+00:00
Manhattan|1422|ST NICHOLAS AVENUE,ok,1021540001,1063640,"1422 SAINT NICHOLAS AVENUE, New York, NY, USA",0.8,fallback,1422,SAINT NICHOLAS AVENUE,2026-09-20T19:51:09+00:00
Manhattan|1428|5 AVENUE,ok,1016000021,1051430,"1428 5 AVENUE, New York, NY, USA",0.8,fallback,1428,5 AVENUE,2026-09-20T19:47:06+00:00
Manhattan|142|5 AVENUE,ok,1008210038,1015475,"142 5 AVENUE, New York, NY, USA",0.8,fallback,142,5 AVENUE,2026-09-20T19:47:06+00:00
Manhattan|142|WEST 29 STREET,ok,1008040063,1015130,"142 WEST 29 STREET, New York, NY, USA",0.8,fallback,142,WEST 29 STREET,2026-09-20T19:47:06+00:00
Manhattan|142|WEST 81 STREET,ok,1012110050,1031993,"142 WEST 81 STREET, New York, NY, USA",0.8,fallback,142,WEST 81 STREET,2026-09-20T19:47:06+00:00
Manhattan|1435|BROADWAY,ok,1009930008,1022562,"1435 BROADWAY, New York, NY, USA",0.8,fallback,1435,BROADWAY,2026-09-20T19:51:10+00:00
Manhattan|143|WEST 20 STREET,ok,1007960013,1014744,"143 WEST 20 STREET, New York, NY, USA",0.8,fallback,143,WEST 20 STREET,2026-09-20T19:47:06+00:00
Manhattan|143|WEST 40 STREET,ok,1009930005,1022560,"143 WEST 40 STREET, New York, NY, USA",0.8,fallback,143,WEST 40 STREET,2026-09-20T19:47:07+00:00
Manhattan|143|WEST 72 STREET,ok,1011440015,1029926,"143 WEST 72 STREET, New York, NY, USA",0.8,fallback,143,WEST 72 STREET,2026-09-20T19:47:07+00:00
Manhattan|1440|BROADWAY,ok,1009930011,1022563,"1440 BROADWAY, New York, NY, USA",0.8,fallback,1440,BROADWAY,2026-09-20T19:47:07+00:00
Manhattan|145|WEST 110 STREET,ok,1018207505,1090808,"145 WEST 110 STREET, New York, NY, USA",0.8,fallback,145,WEST 110 STREET,2026-09-20T19:47:07+00:00
Manhattan|145|WEST 129 STREET,ok,1019147505,1057978,"145 WEST 129 STREET, New York, NY, USA",0.8,fallback,145,WEST 129 STREET,2026-09-20T19:47:07+00:00
Manhattan|145|WEST 47 STREET,ok,1010007501,1090823,"145 WEST 47 STREET, New York, NY, USA",0.8,fallback,145,WEST 47 STREET,2026-09-20T19:47:07+00:00
Manhattan|146-150|10 AVENUE,mismatch,,,"146 TENTH AVENUE, New York, NY, USA",,,146,TENTH AVENUE,2026-09-20T19:51:10+00:00
Manhattan|1460|2 AVENUE,ok,1014510003,1045161,"1460 2 AVENUE, New York, NY, USA",0.8,fallback,1460,2 AVENUE,2026-09-20T19:47:07+00:00
Manhattan|146|10 AVENUE,ok,1007170001,1012568,"146 10 AVENUE, New York, NY, USA",0.8,fallback,146,10 AVENUE,2026-09-20T19:47:07+00:00
Manhattan|146|WEST 92 STREET,ok,1012220153,1032517,"146 WEST 92 STREET, New York, NY, USA",0.8,fallback,146,WEST 92 STREET,2026-09-20T19:47:07+00:00
Manhattan|147|WEST 24 STREET,ok,1008000014,1014974,"147 WEST 24 STREET, New York, NY, USA",0.8,fallback,147,WEST 24 STREET,2026-09-20T19:47:07+00:00
Manhattan|148|ATTORNEY STREET,ok,1003457503,1004126,"148 ATTORNEY STREET, New York, NY, USA",0.8,fallback,148,ATTORNEY STREET,2026-09-20T19:51:10+00:00
Manhattan|149|AVENUE B,ok,1003920004,1004762,"149 AVENUE B, New York, NY, USA",0.8,fallback,149,AVENUE B,2026-09-20T19:51:10+00:00
Manhattan|149|CHURCH STREET,ok,1001357510,1091694,"149 CHURCH STREET, New York, NY, USA",0.8,fallback,149,CHURCH STREET,2026-09-20T19:47:07+00:00
Manhattan|149|EAST 125 STREET,ok,1017747501,1090966,"149 EAST 125 STREET, New York, NY, USA",0.8,fallback,149,EAST 125 STREET,2026-09-20T19:47:07+00:00
Manhattan|14|2 AVENUE,ok,1004427502,1088840,"14 SECOND AVENUE, New York, NY, USA",0.8,fallback,14,SECOND AVENUE,2026-09-20T19:47:06+00:00
Manhattan|14|5 AVENUE,ok,1005727503,1000000,"14 5 AVENUE, New York, NY, USA",0.8,fallback,14,5 AVENUE,2026-09-20T19:47:06+00:00
Manhattan|14|EAST 64 STREET,ok,1013780064,1041052,"14 EAST 64 STREET, New York, NY, USA",0.8,fallback,14,EAST 64 STREET,2026-09-20T19:47:06+00:00
Manhattan|14|EAST 82 STREET,ok,1014930063,1046679,"14 EAST 82 STREET, New York, NY, USA",0.8,fallback,14,EAST 82 STREET,2026-09-20T19:47:06+00:00
Manhattan|1500|BROADWAY,ok,1009960001,1022610,"1500 BROADWAY, New York, NY, USA",0.8,fallback,1500,BROADWAY,2026-09-20T19:47:08+00:00
Manhattan|150|EAST 38 STREET,ok,1008930058,1019101,"150 EAST 38 STREET, New York, NY, USA",0.8,fallback,150,EAST 38 STREET,2026-09-20T19:47:08+00:00
Manhattan|150|EAST 61 STREET,ok,1013950050,1041938,"150 EAST 61 STREET, New York, NY, USA",0.8,fallback,150,EAST 61 STREET,2026-09-20T19:47:08+00:00
Manhattan|150|EAST 78 STREET,ok,1014127504,1091568,"150 EAST 78 STREET, New York, NY, USA",0.8,fallback,150,EAST 78 STREET,2026-09-20T19:47:08+00:00
Manhattan|150|EAST 87 STREET,ok,1015150052,1047969,"150 EAST 87 STREET, New York, NY, USA",0.8,fallback,150,EAST 87 STREET,2026-09-20T19:47:08+00:00
Manhattan|150|WEST 59 STREET,ok,1010110052,1023759,"150 WEST 59 STREET, New York, NY, USA",0.8,fallback,150,WEST 59 STREET,2026-09-20T19:47:08+00:00
Manhattan|150|WOOSTER STREET,ok,1005147506,1090569,"150 WOOSTER STREET, New York, NY, USA",0.8,fallback,150,WOOSTER STREET,2026-09-20T19:47:08+00:00
Manhattan|1516|1 AVENUE,ok,1015597501,1000000,"1516 FIRST AVENUE, New York, NY, USA",0.8,fallback,1516,FIRST AVENUE,2026-09-20T19:47:09+00:00
Manhattan|1518|1 AVENUE,ok,1015597501,1000000,"1518 FIRST AVENUE, New York, NY, USA",0.8,fallback,1518,FIRST AVENUE,2026-09-20T19:47:09+00:00
Manhattan|151|2 AVENUE,ok,1004650050,1006798,"151 2 AVENUE, New York, NY, USA",0.8,fallback,151,2 AVENUE,2026-09-20T19:47:08+00:00
Manhattan|151|GRAND STREET,ok,1002330017,1003049,"151 GRAND STREET, New York, NY, USA",0.8,fallback,151,GRAND STREET,2026-09-20T19:47:08+00:00
Manhattan|151|WEST 30 STREET,ok,1008060006,1015157,"151 WEST 30 STREET, New York, NY, USA",0.8,fallback,151,WEST 30 STREET,2026-09-20T19:47:08+00:00
Manhattan|1520|YORK AVENUE,ok,1015770001,1050869,"1520 YORK AVENUE, New York, NY, USA",0.8,fallback,1520,YORK AVENUE,2026-09-20T19:47:09+00:00
Manhattan|1522|1 AVENUE,ok,1015597501,1000000,"1522 FIRST AVENUE, New York, NY, USA",0.8,fallback,1522,FIRST AVENUE,2026-09-20T19:47:09+00:00
Manhattan|152|EAST 124 STREET,ok,1017720051,1000000,"152 EAST 124 STREET, New York, NY, USA",0.8,fallback,152,EAST 124 STREET,2026-09-20T19:47:09+00:00
Manhattan|152|WEST 140 STREET,ok,1020087501,1075486,"152 WEST 140 STREET, New York, NY, USA",0.8,fallback,152,WEST 140 STREET,2026-09-20T19:47:09+00:00
Manhattan|1532|YORK AVENUE,ok,1015780001,1051129,"1532 YORK AVENUE, New York, NY, USA",0.8,fallback,1532,YORK AVENUE,2026-09-20T19:47:09+00:00
Manhattan|153|WEST 36 STREET,ok,1008120012,1015237,"153 WEST 36 STREET, New York, NY, USA",0.8,fallback,153,WEST 36 STREET,2026-09-20T19:47:09+00:00
Manhattan|154|BROOME STREET,ok,1003470080,1004158,"154 BROOME STREET, New York, NY, USA",0.8,fallback,154,BROOME STREET,2026-09-20T19:47:09+00:00
Manhattan|154|WEST 71 STREET,ok,1011420064,1029778,"154 WEST 71 STREET, New York, NY, USA",0.8,fallback,154,WEST 71 STREET,2026-09-20T19:51:10+00:00
Manhattan|155|EAST 30 STREET,ok,1008860041,1018321,"155 EAST 30 STREET, New York, NY, USA",0.8,fallback,155,EAST 30 STREET,2026-09-20T19:47:09+00:00
Manhattan|155|EAST 52 STREET,ok,1013070029,1036468,"155 EAST 52 STREET, New York, NY, USA",0.8,fallback,155,EAST 52 STREET,2026-09-20T19:47:09+00:00
Manhattan|155|HENRY STREET,ok,1002847501,1003628,"155 HENRY STREET, New York, NY, USA",0.8,fallback,155,HENRY STREET,2026-09-20T19:47:09+00:00
Manhattan|1567|BROADWAY,ok,1010187501,1024742,"1567 BROADWAY, New York, NY, USA",0.8,fallback,1567,BROADWAY,2026-09-20T19:47:09+00:00
Manhattan|156|EAST 30 STREET,ok,1008850050,1018266,"156 EAST 30 STREET, New York, NY, USA",0.8,fallback,156,EAST 30 STREET,2026-09-20T19:47:09+00:00
Manhattan|1588|YORK AVENUE,ok,1015800051,1051209,"1588 YORK AVENUE, New York, NY, USA",0.8,fallback,1588,YORK AVENUE,2026-09-20T19:47:09+00:00
Manhattan|159|EAST 330 STREET,mismatch,,,"159 EAST 3 STREET, New York, NY, USA",,,159,EAST 3 STREET,2026-09-20T19:47:10+00:00
Manhattan|159|RIVERSIDE DRIVE,ok,1021350060,1063300,"159-00 RIVERSIDE DRIVE, New York, NY, USA",0.8,fallback,159-00,RIVERSIDE DRIVE,2026-09-20T19:54:22+00:00
Manhattan|159|RIVERSIDE DRIVE WEST,ok,1021350060,1063300,"159-00 RIVERSIDE DRIVE WEST, New York, NY, USA",0.8,fallback,159-00,RIVERSIDE DRIVE WEST,2026-09-20T19:54:22+00:00
Manhattan|159|WEST 48 STREET,ok,1010010006,1090733,"159 WEST 48 STREET, New York, NY, USA",0.8,fallback,159,WEST 48 STREET,2026-09-20T19:47:10+00:00
Manhattan|15|EAST 30 STREET,ok,1008607505,1090479,"15 EAST 30 STREET, New York, NY, USA",0.8,fallback,15,EAST 30 STREET,2026-09-20T19:47:07+00:00
Manhattan|15|WEST 107 STREET,ok,1018430022,1055688,"15 WEST 107 STREET, New York, NY, USA",0.8,fallback,15,WEST 107 STREET,2026-09-20T19:47:08+00:00
Manhattan|15|WEST 64 STREET,ok,1011170023,1028134,"15 WEST 64 STREET, New York, NY, USA",0.8,fallback,15,WEST 64 STREET,2026-09-20T19:47:08+00:00
Manhattan|160|EAST 124 STREET,ok,1017720048,1054444,"160 EAST 124 STREET, New York, NY, USA",0.8,fallback,160,EAST 124 STREET,2026-09-20T19:47:10+00:00
Manhattan|160|EAST 72 STREET,ok,1014060050,1042823,"160 EAST 72 STREET, New York, NY, USA",0.8,fallback,160,EAST 72 STREET,2026-09-20T19:47:10+00:00
Manhattan|160|SHERMAN AVENUE,ok,1022250034,1064830,"160 SHERMAN AVENUE, New York, NY, USA",0.8,fallback,160,SHERMAN AVENUE,2026-09-20T19:47:10+00:00
Manhattan|1626|2 AVENUE,ok,1015470002,1049952,"1626 SECOND AVENUE, New York, NY, USA",0.8,fallback,1626,SECOND AVENUE,2026-09-20T19:47:10+00:00
Manhattan|1627-1635|AMSTERDAM AVENUE,mismatch,,,"1635 AMSTERDAM AVENUE, New York, NY, USA",,,1635,AMSTERDAM AVENUE,2026-09-20T19:51:10+00:00
Manhattan|1647|1 AVENUE,ok,1015480023,1000000,"1647 1 AVENUE, New York, NY, USA",0.8,fallback,1647,1 AVENUE,2026-09-20T19:47:10+00:00
Manhattan|164|5 AVENUE,ok,1008230041,1015535,"164 5 AVENUE, New York, NY, USA",0.8,fallback,164,5 AVENUE,2026-09-20T19:47:10+00:00
Manhattan|165|HENRY STREET,ok,1002847502,1003656,"165 HENRY STREET, New York, NY, USA",0.8,fallback,165,HENRY STREET,2026-09-20T19:47:10+00:00
Manhattan|1681|3 AVENUE,ok,1015407503,1090563,"1681 3 AVENUE, New York, NY, USA",0.8,fallback,1681,3 AVENUE,2026-09-20T19:47:11+00:00
Manhattan|168|ELIZABETH STREET,ok,1004780014,1007133,"168 ELIZABETH STREET, New York, NY, USA",0.8,fallback,168,ELIZABETH STREET,2026-09-20T19:47:10+00:00
Manhattan|16|WEST 18 STREET,mismatch,,,"16 WEST 18 ROAD, Broad Channel, NY, USA",,,16,WEST 18 ROAD,2026-09-20T19:47:10+00:00
Manhattan|16|WEST 64 STREET,ok,1011160042,1027470,"16 WEST 64 STREET, New York, NY, USA",0.8,fallback,16,WEST 64 STREET,2026-09-20T19:47:10+00:00
Manhattan|170|WEST 48 STREET,ok,1010000064,1000000,"170 WEST 48 STREET, New York, NY, USA",0.8,fallback,170,WEST 48 STREET,2026-09-20T19:47:11+00:00
Manhattan|171|EAST BROADWAY,ok,1002840025,1003624,"171 EAST BROADWAY, New York, NY, USA",0.8,fallback,171,EAST BROADWAY,2026-09-20T19:47:11+00:00
Manhattan|172|WAVERLY PLACE,ok,1006100027,1010674,"172 WAVERLY PLACE, New York, NY, USA",0.8,fallback,172,WAVERLY PLACE,2026-09-20T19:47:11+00:00
Manhattan|174|CENTRE STREET,ok,1002070008,1090743,"174 CENTRE STREET, New York, NY, USA",0.8,fallback,174,CENTRE STREET,2026-09-20T19:47:11+00:00
Manhattan|175|EAST 108 STREET,ok,1016360025,1089053,"175 EAST 108 STREET, New York, NY, USA",0.8,fallback,175,EAST 108 STREET,2026-09-20T19:47:11+00:00
Manhattan|177|MADISON AVENUE,ok,1008630063,1017091,"177 MADISON AVENUE, New York, NY, USA",0.8,fallback,177,MADISON AVENUE,2026-09-20T19:47:11+00:00
Manhattan|17|BATTERY PLACE,ok,1000157501,1082634,"17 BATTERY PLACE, New York, NY, USA",0.8,fallback,17,BATTERY PLACE,2026-09-20T19:47:11+00:00
Manhattan|17|STATE STREET,ok,1000090014,1000020,"17 STATE STREET, New York, NY, USA",0.8,fallback,17,STATE STREET,2026-09-20T19:41:58+00:00
Manhattan|1801|2 AVENUE,ok,1015397501,1048918,"1801 2 AVENUE, New York, NY, USA",0.8,fallback,1801,2 AVENUE,2026-09-20T19:51:10+00:00
Manhattan|180|CENTRE STREET,ok,1002070008,1000000,"180 CENTRE STREET, New York, NY, USA",0.8,fallback,180,CENTRE STREET,2026-09-20T19:51:10+00:00
Manhattan|182|AVENUE A,ok,1004050005,1083445,"182 AVENUE A, New York, NY, USA",0.8,fallback,182,AVENUE A,2026-09-20T19:51:10+00:00
Manhattan|182|EAST 73 STREET,ok,1014070041,1042851,"182 EAST 73 STREET, New York, NY, USA",0.8,fallback,182,EAST 73 STREET,2026-09-20T19:47:11+00:00
Manhattan|182|EAST 95 STREET,ok,1015230034,1087328,"182 EAST 95 STREET, New York, NY, USA",0.8,fallback,182,EAST 95 STREET,2026-09-20T19:47:11+00:00
Manhattan|182|LAFAYETTE STREET,ok,1004730042,1007025,"182 LAFAYETTE STREET, New York, NY, USA",0.8,fallback,182,LAFAYETTE STREET,2026-09-20T19:47:11+00:00
Manhattan|184|CANAL STREET,ok,1002000017,1002391,"184 CANAL STREET, New York, NY, USA",0.8,fallback,184,CANAL STREET,2026-09-20T19:47:11+00:00
Manhattan|185|WEST END AVENUE,ok,1011797502,1070754,"185 WEST END AVENUE, New York, NY, USA",0.8,fallback,185,WEST END AVENUE,2026-09-20T19:47:11+00:00
Manhattan|187|SPRING STREET,ok,1005030041,1007793,"187 SPRING STREET, New York, NY, USA",0.8,fallback,187,SPRING STREET,2026-09-20T19:47:11+00:00
Manhattan|18|LAIGHT STREET,mismatch,,,"5 LAIGHT STREET, New York, NY, USA",,,5,LAIGHT STREET,2026-09-20T19:47:11+00:00
Manhattan|1900|LEXINGTON AVENUE,ok,1017670016,1054347,"1900 LEXINGTON AVENUE, New York, NY, USA",0.8,fallback,1900,LEXINGTON AVENUE,2026-09-20T19:47:12+00:00
Manhattan|1901|1 AVENUE,ok,1016690001,1083929,"1901 1 AVENUE, New York, NY, USA",0.8,fallback,1901,1 AVENUE,2026-09-20T19:47:12+00:00
Manhattan|191|7 AVENUE,ok,1007970002,1080586,"191 7 AVENUE, New York, NY, USA",0.8,fallback,191,7 AVENUE,2026-09-20T19:47:12+00:00
Manhattan|195|LAFAYETTE STREET,ok,1004827501,1066733,"195 LAFAYETTE STREET, New York, NY, USA",0.8,fallback,195,LAFAYETTE STREET,2026-09-20T19:47:12+00:00
Manhattan|1991|BROADWAY,ok,1011397501,1028857,"1991 BROADWAY, New York, NY, USA",0.8,fallback,1991,BROADWAY,2026-09-20T19:41:58+00:00
Manhattan|199|CHRYSTIE STREET,ok,1004267502,1005718,"199 CHRYSTIE STREET, New York, NY, USA",0.8,fallback,199,CHRYSTIE STREET,2026-09-20T19:47:12+00:00
Manhattan|1|PENN PLAZA,ok,1007830070,1014387,"1 PENN PLAZA, New York, NY, USA",0.8,fallback,1,PENN PLAZA,2026-09-20T19:47:00+00:00
Manhattan|1|WALL STREET,ok,1000237501,1000815,"1 WALL STREET, New York, NY, USA",0.8,fallback,1,WALL STREET,2026-09-20T19:47:00+00:00
Manhattan|1|WEST 19 STREET,ok,1008210038,1015475,"1 WEST 19 STREET, New York, NY, USA",0.8,fallback,1,WEST 19 STREET,2026-09-20T19:47:00+00:00
Manhattan|2005-2009|3 AVENUE,mismatch,,,"2005 3 AVENUE, New York, NY, USA",,,2005,3 AVENUE,2026-09-20T19:51:10+00:00
Manhattan|2005|3 AVENUE,ok,1016607503,1091791,"2005 3 AVENUE, New York, NY, USA",0.8,fallback,2005,3 AVENUE,2026-09-20T19:47:13+00:00
Manhattan|2005|5 AVENUE,ok,1017490002,1053995,"2005 5 AVENUE, New York, NY, USA",0.8,fallback,2005,5 AVENUE,2026-09-20T19:47:13+00:00
Manhattan|200|AMSTERDAM AVENUE,ok,1011587508,1030358,"200 AMSTERDAM AVENUE, New York, NY, USA",0.8,fallback,200,AMSTERDAM AVENUE,2026-09-20T19:47:12+00:00
Manhattan|200|EAST 33 STREET,ok,1009130001,1020078,"200 EAST 33 STREET, New York, NY, USA",0.8,fallback,200,EAST 33 STREET,2026-09-20T19:47:12+00:00
Manhattan|200|EAST 34 STREET,ok,1009147501,1091631,"200 EAST 34 STREET, New York, NY, USA",0.8,fallback,200,EAST 34 STREET,2026-09-20T19:47:12+00:00
Manhattan|200|EAST 59 STREET,ok,1013327501,1090608,"200 EAST 59 STREET, New York, NY, USA",0.8,fallback,200,EAST 59 STREET,2026-09-20T19:47:13+00:00
Manhattan|200|EAST 64 STREET,ok,1014180045,1043866,"200 EAST 64 STREET, New York, NY, USA",0.8,fallback,200,EAST 64 STREET,2026-09-20T19:41:58+00:00
Manhattan|200|EAST 65 STREET,ok,1014197502,1076307,"200 EAST 65 STREET, New York, NY, USA",0.8,fallback,200,EAST 65 STREET,2026-09-20T19:47:13+00:00
Manhattan|200|EAST 83 STREET,ok,1015287501,1091044,"200 EAST 83 STREET, New York, NY, USA",0.8,fallback,200,EAST 83 STREET,2026-09-20T19:47:13+00:00
Manhattan|200|EAST 94 STREET,ok,1015397502,1048916,"200 EAST 94 STREET, New York, NY, USA",0.8,fallback,200,EAST 94 STREET,2026-09-20T19:47:13+00:00
Manhattan|200|PARK AVENUE,mismatch,,,"200 PARK AVENUE SOUTH, New York, NY, USA",,,200,PARK AVENUE SOUTH,2026-09-20T19:51:10+00:00
Manhattan|200|WEST 118 STREET,ok,1019230035,1058393,"200 WEST 118 STREET, New York, NY, USA",0.8,fallback,200,WEST 118 STREET,2026-09-20T19:47:13+00:00
Manhattan|200|WEST 24 STREET,ok,1007737501,1087068,"200 WEST 24 STREET, New York, NY, USA",0.8,fallback,200,WEST 24 STREET,2026-09-20T19:47:13+00:00
Manhattan|2011|3 AVENUE,ok,1016607503,1000000,"2011 3 AVENUE, New York, NY, USA",0.8,fallback,2011,3 AVENUE,2026-09-20T19:47:13+00:00
Manhattan|201|EAST 17 STREET,ok,1008980001,1019551,"201 EAST 17 STREET, New York, NY, USA",0.8,fallback,201,EAST 17 STREET,2026-09-20T19:47:13+00:00
Manhattan|201|EAST 87 STREET,ok,1015330001,1048809,"201 EAST 87 STREET, New York, NY, USA",0.8,fallback,201,EAST 87 STREET,2026-09-20T19:47:13+00:00
Manhattan|201|LEXINGTON AVENUE,ok,1008880024,1018475,"201 LEXINGTON AVENUE, New York, NY, USA",0.8,fallback,201,LEXINGTON AVENUE,2026-09-20T19:51:10+00:00
Manhattan|203|CANAL STREET,ok,1002060026,1002658,"203 CANAL STREET, New York, NY, USA",0.8,fallback,203,CANAL STREET,2026-09-20T19:47:13+00:00
Manhattan|203|WEST 90 STREET,ok,1012387503,1086107,"203 WEST 90 STREET, New York, NY, USA",0.8,fallback,203,WEST 90 STREET,2026-09-20T19:47:13+00:00
Manhattan|204|WEST 25 STREET,ok,1007747501,1014176,"204 WEST 25 STREET, New York, NY, USA",0.8,fallback,204,WEST 25 STREET,2026-09-20T19:47:13+00:00
Manhattan|205-215|LEXINGTON AVENUE,mismatch,,,"205 LEXINGTON AVENUE, New York, NY, USA",,,205,LEXINGTON AVENUE,2026-09-20T19:51:10+00:00
Manhattan|205|EAST 67 STREET,ok,1014220005,1081220,"205 EAST 67 STREET, New York, NY, USA",0.8,fallback,205,EAST 67 STREET,2026-09-20T19:47:14+00:00
Manhattan|205|WEST 23 STREET,ok,1007730040,1014151,"205 WEST 23 STREET, New York, NY, USA",0.8,fallback,205,WEST 23 STREET,2026-09-20T19:47:14+00:00
Manhattan|2070|7 AVENUE,ok,1019290029,1088475,"2070 7 AVENUE, New York, NY, USA",0.8,fallback,2070,7 AVENUE,2026-09-20T19:47:14+00:00
Manhattan|207|LEXINGTON AVENUE,ok,1008887502,1018474,"207 LEXINGTON AVENUE, New York, NY, USA",0.8,fallback,207,LEXINGTON AVENUE,2026-09-20T19:47:14+00:00
Manhattan|207|WEST 40 STREET,ok,1010120029,1090579,"207 WEST 40 STREET, New York, NY, USA",0.8,fallback,207,WEST 40 STREET,2026-09-20T19:47:14+00:00
Manhattan|208|ELIZABETH STREET,ok,1004920010,1007394,"208 ELIZABETH STREET, New York, NY, USA",0.8,fallback,208,ELIZABETH STREET,2026-09-20T19:47:14+00:00
Manhattan|20|WEST 15 STREET,ok,1008160054,1015293,"20 WEST 15 STREET, New York, NY, USA",0.8,fallback,20,WEST 15 STREET,2026-09-20T19:47:12+00:00
Manhattan|210|WEST 64 STREET,ok,1011540101,1082579,"210 WEST 64 STREET, New York, NY, USA",0.8,fallback,210,WEST 64 STREET,2026-09-20T19:47:14+00:00
Manhattan|212|EAST 125 STREET,ok,1017890045,1091703,"212 EAST 125 STREET, New York, NY, USA",0.8,fallback,212,EAST 125 STREET,2026-09-20T19:47:14+00:00
Manhattan|212|WEST 71 STREET,ok,1011620040,1030374,"212 WEST 71 STREET, New York, NY, USA",0.8,fallback,212,WEST 71 STREET,2026-09-20T19:47:14+00:00
Manhattan|213|WEST 23 STREET,ok,1007737502,1014149,"213 WEST 23 STREET, New York, NY, USA",0.8,fallback,213,WEST 23 STREET,2026-09-20T19:47:14+00:00
Manhattan|215|EAST 27 STREET,ok,1009080009,1019874,"215 EAST 27 STREET, New York, NY, USA",0.8,fallback,215,EAST 27 STREET,2026-09-20T19:47:14+00:00
Manhattan|215|PEARL STREET,ok,1000690001,1088815,"215 PEARL STREET, New York, NY, USA",0.8,fallback,215,PEARL STREET,2026-09-20T19:47:14+00:00
Manhattan|215|WEST 98 STREET,ok,1018707502,1082691,"215 WEST 98 STREET, New York, NY, USA",0.8,fallback,215,WEST 98 STREET,2026-09-20T19:47:14+00:00
Manhattan|219|EAST 42 STREET,ok,1013160012,1037551,"219 EAST 42 STREET, New York, NY, USA",0.8,fallback,219,EAST 42 STREET,2026-09-20T19:47:14+00:00
Manhattan|21|GROVE STREET,ok,1005880079,1010056,"21 GROVE STREET, New York, NY, USA",0.8,fallback,21,GROVE STREET,2026-09-20T19:47:14+00:00
Manhattan|21|MAIDEN LANE,ok,1000650006,1001096,"21 MAIDEN LANE, New York, NY, USA",0.8,fallback,21,MAIDEN LANE,2026-09-20T19:47:14+00:00
Manhattan|220|5 AVENUE,ok,1008280035,1015650,"220 5 AVENUE, New York, NY, USA",0.8,fallback,220,5 AVENUE,2026-09-20T19:47:15+00:00
Manhattan|221|EAST 116 STREET,ok,1016660009,1052571,"221 EAST 116 STREET, New York, NY, USA",0.8,fallback,221,EAST 116 STREET,2026-09-20T19:47:15+00:00
Manhattan|2226|3 AVENUE,ok,1017700036,1091722,"2226 3 AVENUE, New York, NY, USA",0.8,fallback,2226,3 AVENUE,2026-09-20T19:47:15+00:00
Manhattan|222A|EAST 61 STREET,ok,1014150138,1043544,"222A EAST 61 STREET, New York, NY, USA",0.8,fallback,222A,EAST 61 STREET,2026-09-20T19:47:15+00:00
Manhattan|223|BROADWAY,ok,1000880018,1001241,"223 BROADWAY, New York, NY, USA",0.8,fallback,223,BROADWAY,2026-09-20T19:47:15+00:00
Manhattan|223|WEST 24 STREET,ok,1007740024,1084995,"223 WEST 24 STREET, New York, NY, USA",0.8,fallback,223,WEST 24 STREET,2026-09-20T19:47:15+00:00
Manhattan|224|7 AVENUE,ok,1007730040,1014151,"224 SEVENTH AVENUE, New York, NY, USA",0.8,fallback,224,SEVENTH AVENUE,2026-09-20T19:51:10+00:00
Manhattan|224|WEST 44 STREET,ok,1010157501,1088760,"224 WEST 44 STREET, New York, NY, USA",0.8,fallback,224,WEST 44 STREET,2026-09-20T19:47:15+00:00
Manhattan|225|BROADWAY,ok,1000880018,1001241,"225 BROADWAY, New York, NY, USA",0.8,fallback,225,BROADWAY,2026-09-20T19:51:11+00:00
Manhattan|225|WEST 15 STREET,ok,1007650022,1013770,"225 WEST 15 STREET, New York, NY, USA",0.8,fallback,225,WEST 15 STREET,2026-09-20T19:47:15+00:00
Manhattan|225|WEST 83 STREET,ok,1012317501,1084303,"225 WEST 83 STREET, New York, NY, USA",0.8,fallback,225,WEST 83 STREET,2026-09-20T19:47:15+00:00
Manhattan|227|MULBERRY STREET,ok,1004950033,1007530,"227 MULBERRY STREET, New York, NY, USA",0.8,fallback,227,MULBERRY STREET,2026-09-20T19:47:15+00:00
Manhattan|228|WEST 47 STREET,ok,1010180018,1076192,"228 WEST 47 STREET, New York, NY, USA",0.8,fallback,228,WEST 47 STREET,2026-09-20T19:47:15+00:00
Manhattan|229|EAST 42 STREET,ok,1013160023,1037552,"229 EAST 42 STREET, New York, NY, USA",0.8,fallback,229,EAST 42 STREET,2026-09-20T19:47:15+00:00
Manhattan|230|WEST 27 STREET,ok,1007760055,1014237,"230 WEST 27 STREET, New York, NY, USA",0.8,fallback,230,WEST 27 STREET,2026-09-20T19:47:15+00:00
Manhattan|233|WEST 20 STREET,ok,1007700021,1014022,"233 WEST 20 STREET, New York, NY, USA",0.8,fallback,233,WEST 20 STREET,2026-09-20T19:47:15+00:00
Manhattan|234|EAST 4 STREET,ok,1003990026,1004992,"234 EAST 4 STREET, New York, NY, USA",0.8,fallback,234,EAST 4 STREET,2026-09-20T19:47:15+00:00
Manhattan|235|EAST 40 STREET,ok,1013147501,1037178,"235 EAST 40 STREET, New York, NY, USA",0.8,fallback,235,EAST 40 STREET,2026-09-20T19:47:15+00:00
Manhattan|235|EAST 89 STREET,ok,1015350021,1048891,"235 EAST 89 STREET, New York, NY, USA",0.8,fallback,235,EAST 89 STREET,2026-09-20T19:47:16+00:00
Manhattan|235|WEST 22 STREET,ok,1007720018,1014111,"235 WEST 22 STREET, New York, NY, USA",0.8,fallback,235,WEST 22 STREET,2026-09-20T19:47:16+00:00
Manhattan|240|EAST 27 STREET,ok,1009070025,1019855,"240 EAST 27 STREET, New York, NY, USA",0.8,fallback,240,EAST 27 STREET,2026-09-20T19:47:16+00:00
Manhattan|240|EAST 76 STREET,ok,1014307501,1044060,"240 EAST 76 STREET, New York, NY, USA",0.8,fallback,240,EAST 76 STREET,2026-09-20T19:47:16+00:00
Manhattan|240|GREENWICH STREET,ok,1001280002,1001416,"240 GREENWICH STREET, New York, NY, USA",0.8,fallback,240,GREENWICH STREET,2026-09-20T19:47:16+00:00
Manhattan|241|WEST 43 STREET,ok,1010157501,1088760,"241 WEST 43 STREET, New York, NY, USA",0.8,fallback,241,WEST 43 STREET,2026-09-20T19:47:16+00:00
Manhattan|245|EAST 36 STREET,ok,1009170025,1000000,"245 EAST 36 STREET, New York, NY, USA",0.8,fallback,245,EAST 36 STREET,2026-09-20T19:47:16+00:00
Manhattan|245|EAST 54 STREET,ok,1013280021,1038575,"245 EAST 54 STREET, New York, NY, USA",0.8,fallback,245,EAST 54 STREET,2026-09-20T19:47:16+00:00
Manhattan|247|WEST 28 STREET,ok,1007780018,1014254,"247 WEST 28 STREET, New York, NY, USA",0.8,fallback,247,WEST 28 STREET,2026-09-20T19:47:16+00:00
Manhattan|249|WEST 40 STREET,ok,1010127501,1087186,"249 WEST 40 STREET, New York, NY, USA",0.8,fallback,249,WEST 40 STREET,2026-09-20T19:47:16+00:00
Manhattan|24|WEST 119 STREET,ok,1017170047,1053202,"24 WEST 119 STREET, New York, NY, USA",0.8,fallback,24,WEST 119 STREET,2026-09-20T19:47:16+00:00
Manhattan|24|WEST 89 STREET,ok,1012020141,1031538,"24 WEST 89 STREET, New York, NY, USA",0.8,fallback,24,WEST 89 STREET,2026-09-20T19:51:11+00:00
Manhattan|24|WEST 98 STREET,mismatch,,,"260 WEST 98 STREET, New York, NY, USA",,,260,WEST 98 STREET,2026-09-20T19:47:16+00:00
Manhattan|2505|BROADWAY,ok,1012417502,1033645,"2505 BROADWAY, New York, NY, USA",0.8,fallback,2505,BROADWAY,2026-09-20T19:47:16+00:00
Manhattan|250|EAST 83 STREET,ok,1015280028,1091807,"250 EAST 83 STREET, New York, NY, USA",0.8,fallback,250,EAST 83 STREET,2026-09-20T19:47:16+00:00
Manhattan|250|WEST 89 STREET,ok,1012367501,1071151,"250 WEST 89 STREET, New York, NY, USA",0.8,fallback,250,WEST 89 STREET,2026-09-20T19:47:16+00:00
Manhattan|251|AVENUE C,ok,1009720001,1082726,"251 AVENUE C, New York, NY, USA",0.8,fallback,251,AVENUE C,2026-09-20T19:51:11+00:00
Manhattan|251|WEST 98 STREET,ok,1018707503,1056395,"251 WEST 98 STREET, New York, NY, USA",0.8,fallback,251,WEST 98 STREET,2026-09-20T19:47:17+00:00
Manhattan|255|WEST 88 STREET,ok,1012360010,1033291,"255 WEST 88 STREET, New York, NY, USA",0.8,fallback,255,WEST 88 STREET,2026-09-20T19:47:17+00:00
Manhattan|256|EAST 72 STREET,ok,1014260025,1091813,"256 EAST 72 STREET, New York, NY, USA",0.8,fallback,256,EAST 72 STREET,2026-09-20T19:47:17+00:00
Manhattan|256|WEST 93 STREET,ok,1012400057,1033619,"256 WEST 93 STREET, New York, NY, USA",0.8,fallback,256,WEST 93 STREET,2026-09-20T19:47:17+00:00
Manhattan|259|WEST 30 STREET,ok,1007800007,1014336,"259 WEST 30 STREET, New York, NY, USA",0.8,fallback,259,WEST 30 STREET,2026-09-20T19:47:17+00:00
Manhattan|260|AUDUBON AVENUE,ok,1021530001,1079908,"260 AUDUBON AVENUE, New York, NY, USA",0.8,fallback,260,AUDUBON AVENUE,2026-09-20T19:47:17+00:00
Manhattan|260|LENOX AVENUE,ok,1017210035,1053414,"260 LENOX AVENUE, New York, NY, USA",0.8,fallback,260,LENOX AVENUE,2026-09-20T19:47:17+00:00
Manhattan|260|WEST 23 STREET,ok,1007720075,1000000,"260 WEST 23 STREET, New York, NY, USA",0.8,fallback,260,WEST 23 STREET,2026-09-20T19:47:17+00:00
Manhattan|261|BROADWAY,ok,1001357501,1001473,"261 BROADWAY, New York, NY, USA",0.8,fallback,261,BROADWAY,2026-09-20T19:47:17+00:00
Manhattan|265|WATER STREET,ok,1001070044,1001382,"265 WATER STREET, New York, NY, USA",0.8,fallback,265,WATER STREET,2026-09-20T19:47:18+00:00
Manhattan|2686|BROADWAY,ok,1018747502,1091027,"2686 BROADWAY, New York, NY, USA",0.8,fallback,2686,BROADWAY,2026-09-20T19:47:18+00:00
Manhattan|2690|BROADWAY,mismatch,,,"23 B'WAY, New York, NY, USA",,,23,B'WAY,2026-09-20T19:47:18+00:00
Manhattan|26|1 AVENUE,ok,1004290009,1005735,"26 1 AVENUE, New York, NY, USA",0.8,fallback,26,1 AVENUE,2026-09-20T19:47:17+00:00
Manhattan|26|WEST 127 STREET,ok,1017240049,1053577,"26 WEST 127 STREET, New York, NY, USA",0.8,fallback,26,WEST 127 STREET,2026-09-20T19:47:17+00:00
Manhattan|26|WEST 17 STREET,ok,1008180066,1015400,"26 WEST 17 STREET, New York, NY, USA",0.8,fallback,26,WEST 17 STREET,2026-09-20T19:47:17+00:00
Manhattan|270|WEST 96 STREET,ok,1012437503,1091038,"270 WEST 96 STREET, New York, NY, USA",0.8,fallback,270,WEST 96 STREET,2026-09-20T19:47:18+00:00
Manhattan|272|SPRING STREET,ok,1005790035,1090918,"272 SPRING STREET, New York, NY, USA",0.8,fallback,272,SPRING STREET,2026-09-20T19:47:18+00:00
Manhattan|278|8 AVENUE,ok,1007737504,1091035,"278 8 AVENUE, New York, NY, USA",0.8,fallback,278,8 AVENUE,2026-09-20T19:47:18+00:00
Manhattan|280|BROADWAY,ok,1001530001,1079215,"280 BROADWAY, New York, NY, USA",0.8,fallback,280,BROADWAY,2026-09-20T19:47:18+00:00
Manhattan|2847|8 AVENUE,ok,1020460034,1060866,"2847 8 AVENUE, New York, NY, USA",0.8,fallback,2847,8 AVENUE,2026-09-20T19:47:18+00:00
Manhattan|2847|FREDERICK DOUGLASS BOULEVARD,ok,1020460034,1060866,"2847 FREDERICK DOUGLASS BOULEVARD, New York, NY, USA",0.8,fallback,2847,FREDERICK DOUGLASS BOULEVARD,2026-09-20T19:47:18+00:00
Manhattan|286|LENOX AVENUE,ok,1017220003,1053453,"286 LENOX AVENUE, New York, NY, USA",0.8,fallback,286,LENOX AVENUE,2026-09-20T19:47:18+00:00
Manhattan|28|KING STREET,ok,1005190024,1008094,"28 KING STREET, New York, NY, USA",0.8,fallback,28,KING STREET,2026-09-20T19:47:18+00:00
Manhattan|28|WEST 57 STREET,ok,1012720056,1081140,"28 WEST 57 STREET, New York, NY, USA",0.8,fallback,28,WEST 57 STREET,2026-09-20T19:47:18+00:00
Manhattan|294|BOWERY,ok,1005210084,1008208,"294 BOWERY, New York, NY, USA",1,exact,294,BOWERY,2026-09-20T19:47:18+00:00
Manhattan|297|EAST 10 STREET,ok,1004040057,1005162,"297 EAST 10 STREET, New York, NY, USA",0.8,fallback,297,EAST 10 STREET,2026-09-20T19:47:18+00:00
Manhattan|299|EAST 103 STREET,ok,1016750001,1052674,"299 EAST 103 STREET, New York, NY, USA",0.8,fallback,299,EAST 103 STREET,2026-09-20T19:47:18+00:00
Manhattan|2|BROAD STREET,ok,1000230019,1078982,"2 BROAD STREET, New York, NY, USA",0.8,fallback,2,BROAD STREET,2026-09-20T19:47:12+00:00
Manhattan|2|GOLD STREET,ok,1000690018,1087146,"2 GOLD STREET, New York, NY, USA",0.8,fallback,2,GOLD STREET,2026-09-20T19:47:12+00:00
Manhattan|2|PEN PLAZA,mismatch,,,"2 LINCOLN PLAZA, New York, NY, USA",,,2,LINCOLN PLAZA,2026-09-20T19:47:12+00:00
Manhattan|2|PENN PLAZA,ok,1007810002,1083026,"2 PENN PLAZA, New York, NY, USA",0.8,fallback,2,PENN PLAZA,2026-09-20T19:47:12+00:00
Manhattan|2|WEST 47 STREET,ok,1012620037,1000000,"2 WEST 47 STREET, New York, NY, USA",0.8,fallback,2,WEST 47 STREET,2026-09-20T19:47:12+00:00
Manhattan|300|EAST 40 STREET,ok,1009457501,1022051,"300 EAST 40 STREET, New York, NY, USA",0.8,fallback,300,EAST 40 STREET,2026-09-20T19:47:19+00:00
Manhattan|300|EAST 50 STREET,ok,1013420051,1091935,"300 EAST 50 STREET, New York, NY, USA",0.8,fallback,300,EAST 50 STREET,2026-09-20T19:47:19+00:00
Manhattan|300|LAFAYETTE STREET,ok,1005100038,1090340,"300 LAFAYETTE STREET, New York, NY, USA",0.8,fallback,300,LAFAYETTE STREET,2026-09-20T19:47:19+00:00
Manhattan|300|WEST 56 STREET,ok,1010460036,1080917,"300 WEST 56 STREET, New York, NY, USA",0.8,fallback,300,WEST 56 STREET,2026-09-20T19:47:19+00:00
Manhattan|301|EAST 80 STREET,ok,1015437503,1090305,"301 EAST 80 STREET, New York, NY, USA",0.8,fallback,301,EAST 80 STREET,2026-09-20T19:47:19+00:00
Manhattan|303|EAST 83 STREET,ok,1015460001,1049916,"303 EAST 83 STREET, New York, NY, USA",0.8,fallback,303,EAST 83 STREET,2026-09-20T19:47:19+00:00
Manhattan|304|WEST 117 STREET,ok,1019437503,1087201,"304 WEST 117 STREET, New York, NY, USA",0.8,fallback,304,WEST 117 STREET,2026-09-20T19:47:19+00:00
Manhattan|304|WEST 49 STREET,ok,1010390038,1025145,"304 WEST 49 STREET, New York, NY, USA",0.8,fallback,304,WEST 49 STREET,2026-09-20T19:47:19+00:00
Manhattan|305|CANAL STREET,ok,1002310003,1003007,"305 CANAL STREET, New York, NY, USA",0.8,fallback,305,CANAL STREET,2026-09-20T19:47:19+00:00
Manhattan|306|WEST 38 STREET,ok,1007610041,1013625,"306 WEST 38 STREET, New York, NY, USA",0.8,fallback,306,WEST 38 STREET,2026-09-20T19:47:19+00:00
Manhattan|307|WEST 71 STREET,ok,1011830127,1030978,"307 WEST 71 STREET, New York, NY, USA",0.8,fallback,307,WEST 71 STREET,2026-09-20T19:47:19+00:00
Manhattan|309|EAST 118 STREET,ok,1017950007,1087473,"309 EAST 118 STREET, New York, NY, USA",0.8,fallback,309,EAST 118 STREET,2026-09-20T19:47:20+00:00
Manhattan|309|SPRING STREET,ok,1005970001,1010358,"309 SPRING STREET, New York, NY, USA",0.8,fallback,309,SPRING STREET,2026-09-20T19:47:20+00:00
Manhattan|30|EAST 29 STREET,ok,1008587504,1091575,"30 EAST 29 STREET, New York, NY, USA",0.8,fallback,30,EAST 29 STREET,2026-09-20T19:47:19+00:00
Manhattan|30|MORNINGSIDE DRIVE,ok,1018660002,1084029,"30 MORNINGSIDE DRIVE, New York, NY, USA",0.8,fallback,30,MORNINGSIDE DRIVE,2026-09-20T19:51:11+00:00
Manhattan|30|WEST 57 STREET,ok,1012720056,1081139,"30 WEST 57 STREET, New York, NY, USA",0.8,fallback,30,WEST 57 STREET,2026-09-20T20:11:01+00:00
Manhattan|310|EAST 55 STREET,ok,1013470044,1039960,"310 EAST 55 STREET, New York, NY, USA",0.8,fallback,310,EAST 55 STREET,2026-09-20T19:47:20+00:00
Manhattan|310|HUDSON STREET,ok,1005790047,1091643,"310 HUDSON STREET, New York, NY, USA",0.8,fallback,310,HUDSON STREET,2026-09-20T19:47:20+00:00
Manhattan|310|WEST END AVENUE,ok,1011660061,1030736,"310 WEST END AVENUE, New York, NY, USA",0.8,fallback,310,WEST END AVENUE,2026-09-20T19:47:20+00:00
Manhattan|311|WEST 50 STREET,ok,1010410019,1086093,"311 WEST 50 STREET, New York, NY, USA",0.8,fallback,311,WEST 50 STREET,2026-09-20T19:47:20+00:00
Manhattan|312|MANHATTAN AVENUE,ok,1018470042,1055806,"312 MANHATTAN AVENUE, New York, NY, USA",0.8,fallback,312,MANHATTAN AVENUE,2026-09-20T19:47:20+00:00
Manhattan|3143-3147|BROADWAY,mismatch,,,"3147 BROADWAY, New York, NY, USA",,,3147,BROADWAY,2026-09-20T19:51:11+00:00
Manhattan|3147|BROADWAY,ok,1019930079,1059851,"3147 BROADWAY, New York, NY, USA",0.8,fallback,3147,BROADWAY,2026-09-20T19:47:20+00:00
Manhattan|315|WEST 33 STREET,ok,1007570022,1013552,"315 WEST 33 STREET, New York, NY, USA",0.8,fallback,315,WEST 33 STREET,2026-09-20T19:47:20+00:00
Manhattan|316|PLEASANT AVENUE,ok,1017150049,1053165,"316 PLEASANT AVENUE, New York, NY, USA",0.8,fallback,316,PLEASANT AVENUE,2026-09-20T19:47:20+00:00
Manhattan|317|WEST 45 STREET,ok,1010360021,1082600,"317 WEST 45 STREET, New York, NY, USA",0.8,fallback,317,WEST 45 STREET,2026-09-20T19:47:20+00:00
Manhattan|319|EAST 93 STREET,ok,1015560012,1050282,"319 EAST 93 STREET, New York, NY, USA",0.8,fallback,319,EAST 93 STREET,2026-09-20T19:47:20+00:00
Manhattan|31|9 AVENUE,ok,1006467503,1012238,"31 NINTH AVENUE, New York, NY, USA",0.8,fallback,31,NINTH AVENUE,2026-09-20T19:51:11+00:00
Manhattan|31|WEST 34 STREET,ok,1008360010,1083638,"31 WEST 34 STREET, New York, NY, USA",0.8,fallback,31,WEST 34 STREET,2026-09-20T19:47:20+00:00
Manhattan|320|EAST 120 STREET,ok,1017960044,1054766,"320 EAST 120 STREET, New York, NY, USA",0.8,fallback,320,EAST 120 STREET,2026-09-20T19:47:21+00:00
Manhattan|320|EAST 42 STREET,ok,1013340041,1038656,"320 EAST 42 STREET, New York, NY, USA",0.8,fallback,320,EAST 42 STREET,2026-09-20T19:47:21+00:00
Manhattan|321-323|WEST 47 STREET,mismatch,,,"321 WEST 47 STREET, New York, NY, USA",,,321,WEST 47 STREET,2026-09-20T19:54:22+00:00
Manhattan|321|WEST 47 STREET,ok,1010380021,1025094,"321 WEST 47 STREET, New York, NY, USA",0.8,fallback,321,WEST 47 STREET,2026-09-20T19:47:21+00:00
Manhattan|322|EAST 57 STREET,ok,1013490041,1039990,"322 EAST 57 STREET, New York, NY, USA",0.8,fallback,322,EAST 57 STREET,2026-09-20T19:47:21+00:00
Manhattan|322|WEST 137 STREET,ok,1019600062,1059487,"322 WEST 137 STREET, New York, NY, USA",0.8,fallback,322,WEST 137 STREET,2026-09-20T19:47:21+00:00
Manhattan|323|WEST 42 STREET,ok,1010330020,1024942,"323 WEST 42 STREET, New York, NY, USA",0.8,fallback,323,WEST 42 STREET,2026-09-20T19:47:21+00:00
Manhattan|324|EAST 14 STREET,ok,1004550019,1006515,"324 EAST 14 STREET, New York, NY, USA",0.8,fallback,324,EAST 14 STREET,2026-09-20T19:47:21+00:00
Manhattan|327|AUDUBON AVENUE,ok,1021550001,1063698,"327 AUDUBON AVENUE, New York, NY, USA",0.8,fallback,327,AUDUBON AVENUE,2026-09-20T19:47:21+00:00
Manhattan|32|EAST 38 STREET,ok,1008670047,1017216,"32 EAST 38 STREET, New York, NY, USA",0.8,fallback,32,EAST 38 STREET,2026-09-20T19:47:20+00:00
Manhattan|32|RUTGERS STREET,ok,1002737503,1091684,"32 RUTGERS STREET, New York, NY, USA",0.8,fallback,32,RUTGERS STREET,2026-09-20T19:47:20+00:00
Manhattan|32|WEST 86 STREET,ok,1011990051,1031380,"32 WEST 86 STREET, New York, NY, USA",0.8,fallback,32,WEST 86 STREET,2026-09-20T19:47:20+00:00
Manhattan|330|EAST 38 STREET,ok,1009437501,1076166,"330 EAST 38 STREET, New York, NY, USA",0.8,fallback,330,EAST 38 STREET,2026-09-20T19:47:21+00:00
Manhattan|330|WEST 42 STREET,ok,1010320048,1024926,"330 WEST 42 STREET, New York, NY, USA",0.8,fallback,330,WEST 42 STREET,2026-09-20T19:47:21+00:00
Manhattan|330|WEST 95 STREET,ok,1012530041,1034184,"330 WEST 95 STREET, New York, NY, USA",0.8,fallback,330,WEST 95 STREET,2026-09-20T19:47:21+00:00
Manhattan|332-334|WEST 47 STREET,mismatch,,,"332 WEST 47 STREET, New York, NY, USA",,,332,WEST 47 STREET,2026-09-20T20:11:01+00:00
Manhattan|332|WEST 47 STREET,ok,1010370051,1025066,"332 WEST 47 STREET, New York, NY, USA",0.8,fallback,332,WEST 47 STREET,2026-09-20T19:47:21+00:00
Manhattan|334|WEST 46 STREET,ok,1010360047,1025018,"334 WEST 46 STREET, New York, NY, USA",0.8,fallback,334,WEST 46 STREET,2026-09-20T19:47:21+00:00
Manhattan|335|GRAND STREET,ok,1003090016,1004011,"335 GRAND STREET, New York, NY, USA",0.8,fallback,335,GRAND STREET,2026-09-20T19:47:21+00:00
Manhattan|335|LEXINGTON AVENUE,ok,1008950028,1019477,"335 LEXINGTON AVENUE, New York, NY, USA",0.8,fallback,335,LEXINGTON AVENUE,2026-09-20T19:47:22+00:00
Manhattan|33|RECTOR STREET,ok,1000177502,1000792,"33 RECTOR STREET, New York, NY, USA",0.8,fallback,33,RECTOR STREET,2026-09-20T19:47:21+00:00
Manhattan|33|WEST 89 STREET,ok,1012030020,1031558,"33 WEST 89 STREET, New York, NY, USA",0.8,fallback,33,WEST 89 STREET,2026-09-20T19:47:21+00:00
Manhattan|340|WEST 23 STREET,ok,1007460064,1013367,"340 WEST 23 STREET, New York, NY, USA",0.8,fallback,340,WEST 23 STREET,2026-09-20T19:47:22+00:00
Manhattan|341|EAST 6 STREET,ok,1004480035,1006290,"341 EAST 6 STREET, New York, NY, USA",0.8,fallback,341,EAST 6 STREET,2026-09-20T19:47:22+00:00
Manhattan|343|EAST 76 STREET,ok,1014510011,1045169,"343 EAST 76 STREET, New York, NY, USA",0.8,fallback,343,EAST 76 STREET,2026-09-20T19:47:22+00:00
Manhattan|344|EAST 51 STREET,ok,1013430134,1039637,"344 EAST 51 STREET, New York, NY, USA",0.8,fallback,344,EAST 51 STREET,2026-09-20T19:47:22+00:00
Manhattan|344|WEST END AVENUE,ok,1011680003,1030853,"344 WEST END AVENUE, New York, NY, USA",0.8,fallback,344,WEST END AVENUE,2026-09-20T19:47:22+00:00
Manhattan|345|EAST 93 STREET,ok,1015560023,1050288,"345 EAST 93 STREET, New York, NY, USA",0.8,fallback,345,EAST 93 STREET,2026-09-20T19:47:22+00:00
Manhattan|346|WEST 22 STREET,ok,1007457501,1013333,"346 WEST 22 STREET, New York, NY, USA",0.8,fallback,346,WEST 22 STREET,2026-09-20T19:47:22+00:00
Manhattan|347|EAST 54 STREET,ok,1013470021,1000000,"347 EAST 54 STREET, New York, NY, USA",0.8,fallback,347,EAST 54 STREET,2026-09-20T19:47:22+00:00
Manhattan|347|WEST 57 STREET,ok,1010487501,1026058,"347 WEST 57 STREET, New York, NY, USA",0.8,fallback,347,WEST 57 STREET,2026-09-20T19:47:22+00:00
Manhattan|348-358|WEST 47 STREET,mismatch,,,"348 WEST 47 STREET, New York, NY, USA",,,348,WEST 47 STREET,2026-09-20T20:11:01+00:00
Manhattan|348|WEST 47 STREET,ok,1010370059,1025072,"348 WEST 47 STREET, New York, NY, USA",0.8,fallback,348,WEST 47 STREET,2026-09-20T19:47:22+00:00
Manhattan|3505|BROADWAY,ok,1020900029,1062361,"3505 BROADWAY, New York, NY, USA",0.8,fallback,3505,BROADWAY,2026-09-20T19:47:22+00:00
Manhattan|353|WEST 125 STREET,ok,1019520011,1059309,"353 WEST 125 STREET, New York, NY, USA",0.8,fallback,353,WEST 125 STREET,2026-09-20T19:47:22+00:00
Manhattan|358|BROADWAY,ok,1001710005,1000000,"358 BROADWAY, New York, NY, USA",0.8,fallback,358,BROADWAY,2026-09-20T19:47:22+00:00
Manhattan|359|9 AVENUE,ok,1007280034,1000000,"359 9 AVENUE, New York, NY, USA",0.8,fallback,359,9 AVENUE,2026-09-20T19:47:23+00:00
Manhattan|35|ST NICHOLAS TERRACE,ok,1019680044,1059597,"35 ST NICHOLAS TERRACE, New York, NY, USA",0.8,fallback,35,ST NICHOLAS TERRACE,2026-09-20T19:51:11+00:00
Manhattan|360|BROADWAY,ok,1001710007,1000000,"360 BROADWAY, New York, NY, USA",0.8,fallback,360,BROADWAY,2026-09-20T19:47:23+00:00
Manhattan|360|CENTRAL PARK WEST,ok,1012097502,1031728,"360 CENTRAL PARK WEST, New York, NY, USA",0.8,fallback,360,CENTRAL PARK WEST,2026-09-20T19:47:23+00:00
Manhattan|361|WEST 52 STREET,ok,1010430108,1025255,"361 WEST 52 STREET, New York, NY, USA",0.8,fallback,361,WEST 52 STREET,2026-09-20T19:47:23+00:00
Manhattan|36|ATTORNEY STREET,ok,1003410075,1004077,"36 ATTORNEY STREET, New York, NY, USA",0.8,fallback,36,ATTORNEY STREET,2026-09-20T19:47:23+00:00
Manhattan|370|MANHATTAN AVENUE,ok,1018480036,1055850,"370 MANHATTAN AVENUE, New York, NY, USA",0.8,fallback,370,MANHATTAN AVENUE,2026-09-20T19:47:23+00:00
Manhattan|377|5 AVENUE,ok,1008650003,1017118,"377 5 AVENUE, New York, NY, USA",0.8,fallback,377,5 AVENUE,2026-09-20T19:47:23+00:00
Manhattan|388|GREENWICH STREET,ok,1002160001,1082816,"388 GREENWICH STREET, New York, NY, USA",0.8,fallback,388,GREENWICH STREET,2026-09-20T19:47:23+00:00
Manhattan|38|EAST 35 STREET,ok,1008640047,1000000,"38 EAST 35 STREET, New York, NY, USA",0.8,fallback,38,EAST 35 STREET,2026-09-20T19:47:23+00:00
Manhattan|38|EAST 75 STREET,ok,1013890045,1041663,"38 EAST 75 STREET, New York, NY, USA",0.8,fallback,38,EAST 75 STREET,2026-09-20T19:47:23+00:00
Manhattan|38|WEST 123 STREET,ok,1017210031,1053413,"38 WEST 123 STREET, New York, NY, USA",0.8,fallback,38,WEST 123 STREET,2026-09-20T19:47:23+00:00
Manhattan|393|8 AVENUE,ok,1007530040,1076133,"393 8 AVENUE, New York, NY, USA",0.8,fallback,393,8 AVENUE,2026-09-20T19:47:23+00:00
Manhattan|39|WEST 71 STREET,ok,1011240015,1028611,"39 WEST 71 STREET, New York, NY, USA",0.8,fallback,39,WEST 71 STREET,2026-09-20T19:47:23+00:00
Manhattan|3|PARK AVENUE,ok,1008897501,1087537,"3 PARK AVENUE, New York, NY, USA",0.8,fallback,3,PARK AVENUE,2026-09-20T19:51:11+00:00
Manhattan|3|RIVERSIDE DRIVE,ok,1011840001,1030981,"3 RIVERSIDE DRIVE, New York, NY, USA",0.8,fallback,3,RIVERSIDE DRIVE,2026-09-20T19:47:19+00:00
Manhattan|400|EAST 84 STREET,ok,1015637501,1085139,"400 EAST 84 STREET, New York, NY, USA",0.8,fallback,400,EAST 84 STREET,2026-09-20T19:47:24+00:00
Manhattan|400|WEST 61 STREET,ok,1011717513,1089723,"400 WEST 61 STREET, New York, NY, USA",0.8,fallback,400,WEST 61 STREET,2026-09-20T19:47:24+00:00
Manhattan|401|EAST 80 STREET,ok,1015600001,1050360,"401 EAST 80 STREET, New York, NY, USA",0.8,fallback,401,EAST 80 STREET,2026-09-20T19:47:24+00:00
Manhattan|401|EAST 84 STREET,ok,1015647502,1073786,"401 EAST 84 STREET, New York, NY, USA",0.8,fallback,401,EAST 84 STREET,2026-09-20T19:47:24+00:00
Manhattan|401|WEST 56 STREET,ok,1010660029,1026869,"401 WEST 56 STREET, New York, NY, USA",0.8,fallback,401,WEST 56 STREET,2026-09-20T19:47:24+00:00
Manhattan|403|6 AVENUE,ok,1005930013,1010268,"403 AVENUE OF THE AMERICAS, New York, NY, USA",0.8,fallback,403,AVENUE OF THE AMERICAS,2026-09-20T19:51:11+00:00
Manhattan|406|WEST 57 STREET,ok,1010660032,1083678,"406 WEST 57 STREET, New York, NY, USA",0.8,fallback,406,WEST 57 STREET,2026-09-20T19:47:24+00:00
Manhattan|407|PARK AVENUE,ok,1013090069,1000000,"407 PARK AVENUE, New York, NY, USA",0.8,fallback,407,PARK AVENUE,2026-09-20T19:51:12+00:00
Manhattan|408|WEST 114 STREET,ok,1018660002,1084029,"408 WEST 114 STREET, New York, NY, USA",0.8,fallback,408,WEST 114 STREET,2026-09-20T19:47:24+00:00
Manhattan|40|BROAD STREET,ok,1000247501,1078985,"40 BROAD STREET, New York, NY, USA",0.8,fallback,40,BROAD STREET,2026-09-20T19:47:23+00:00
Manhattan|40|EAST 9 STREET,ok,1005607502,1009091,"40 EAST 9 STREET, New York, NY, USA",0.8,fallback,40,EAST 9 STREET,2026-09-20T19:47:23+00:00
Manhattan|40|ROCKEFELLER PLAZA,ok,1012660001,1083859,"40 ROCKEFELLER PLAZA, New York, NY, USA",0.8,fallback,40,ROCKEFELLER PLAZA,2026-09-20T19:51:11+00:00
Manhattan|410|EAST 79 STREET,ok,1014737504,1046037,"410 EAST 79 STREET, New York, NY, USA",0.8,fallback,410,EAST 79 STREET,2026-09-20T19:47:24+00:00
Manhattan|410|WEST 46 STREET,ok,1010550040,1026461,"410 WEST 46 STREET, New York, NY, USA",0.8,fallback,410,WEST 46 STREET,2026-09-20T19:47:24+00:00
Manhattan|411|EAST 83 STREET,ok,1015630005,1050452,"411 EAST 83 STREET, New York, NY, USA",0.8,fallback,411,EAST 83 STREET,2026-09-20T19:47:25+00:00
Manhattan|413-415|WEST 52 STREET,mismatch,,,"413 WEST 52 STREET, New York, NY, USA",,,413,WEST 52 STREET,2026-09-20T19:47:25+00:00
Manhattan|413|10 AVENUE,ok,1007050039,1090274,"413 10 AVENUE, New York, NY, USA",0.8,fallback,413,10 AVENUE,2026-09-20T19:47:25+00:00
Manhattan|413|GRAND STREET,ok,1003150001,1082653,"413 GRAND STREET, New York, NY, USA",0.8,fallback,413,GRAND STREET,2026-09-20T19:47:25+00:00
Manhattan|414|EAST 11 STREET,ok,1004380015,1076968,"414 EAST 11 STREET, New York, NY, USA",0.8,fallback,414,EAST 11 STREET,2026-09-20T19:47:25+00:00
Manhattan|415|10 AVENUE,ok,1007050039,1090274,"415 10 AVENUE, New York, NY, USA",0.8,fallback,415,10 AVENUE,2026-09-20T19:47:25+00:00
Manhattan|415|EAST 53 STREET,ok,1013650009,1040158,"415 EAST 53 STREET, New York, NY, USA",0.8,fallback,415,EAST 53 STREET,2026-09-20T19:47:25+00:00
Manhattan|416|EAST 78 STREET,ok,1014720040,1046000,"416 EAST 78 STREET, New York, NY, USA",0.8,fallback,416,EAST 78 STREET,2026-09-20T19:47:25+00:00
Manhattan|416|WEST 25 STREET,ok,1007220050,1012809,"416 WEST 25 STREET, New York, NY, USA",0.8,fallback,416,WEST 25 STREET,2026-09-20T19:47:25+00:00
Manhattan|417|WEST 44 STREET,ok,1010540022,1026410,"417 WEST 44 STREET, New York, NY, USA",0.8,fallback,417,WEST 44 STREET,2026-09-20T19:47:25+00:00
Manhattan|418|EAST 59 STREET,ok,1013700038,1072003,"418 EAST 59 STREET, New York, NY, USA",0.8,fallback,418,EAST 59 STREET,2026-09-20T19:47:25+00:00
Manhattan|418|WEST 51 STREET,ok,1010600043,1026696,"418 WEST 51 STREET, New York, NY, USA",0.8,fallback,418,WEST 51 STREET,2026-09-20T19:47:25+00:00
Manhattan|41|GREAT JONES STREET,ok,1005307510,1008480,"41 GREAT JONES STREET, New York, NY, USA",0.8,fallback,41,GREAT JONES STREET,2026-09-20T19:47:24+00:00
Manhattan|41|WEST 45 STREET,ok,1012610016,1034243,"41 WEST 45 STREET, New York, NY, USA",0.8,fallback,41,WEST 45 STREET,2026-09-20T19:47:24+00:00
Manhattan|420|111 STREET,mismatch,,,"420 EAST 111 STREET, New York, NY, USA",,,420,EAST 111 STREET,2026-09-20T19:47:26+00:00
Manhattan|420|WEST 42 STREET,ok,1010517501,1087184,"420 WEST 42 STREET, New York, NY, USA",0.8,fallback,420,WEST 42 STREET,2026-09-20T19:47:26+00:00
Manhattan|423|WEST 120 STREET,ok,1019630001,1059515,"423 WEST 120 STREET, New York, NY, USA",0.8,fallback,423,WEST 120 STREET,2026-09-20T19:47:26+00:00
Manhattan|424|5 AVENUE,ok,1008400042,1016004,"424 5 AVENUE, New York, NY, USA",0.8,fallback,424,5 AVENUE,2026-09-20T19:47:26+00:00
Manhattan|425|EDGECOMBE AVENUE,ok,1020540069,1087011,"425 EDGECOMBE AVENUE, New York, NY, USA",0.8,fallback,425,EDGECOMBE AVENUE,2026-09-20T19:47:26+00:00
Manhattan|425|WEST 23 STREET,ok,1007210007,1082708,"425 WEST 23 STREET, New York, NY, USA",0.8,fallback,425,WEST 23 STREET,2026-09-20T19:47:26+00:00
Manhattan|42|ORCHARD STREET,ok,1003090001,1003998,"42 ORCHARD STREET, New York, NY, USA",0.8,fallback,42,ORCHARD STREET,2026-09-20T19:54:23+00:00
Manhattan|42|TRINITY PLACE,ok,1000197501,1090972,"42 TRINITY PLACE, New York, NY, USA",0.8,fallback,42,TRINITY PLACE,2026-09-20T19:47:25+00:00
Manhattan|430|EAST 14 STREET,ok,1004410020,1077678,"430 EAST 14 STREET, New York, NY, USA",0.8,fallback,430,EAST 14 STREET,2026-09-20T19:47:26+00:00
Manhattan|430|EAST 58 STREET,ok,1013697503,1090365,"430 EAST 58 STREET, New York, NY, USA",0.8,fallback,430,EAST 58 STREET,2026-09-20T19:47:26+00:00
Manhattan|430|WEST BROADWAY,ok,1005020025,1066773,"430 WEST BROADWAY, New York, NY, USA",0.8,fallback,430,WEST BROADWAY,2026-09-20T19:47:26+00:00
Manhattan|432|PARK AVENUE,ok,1012927502,1088817,"432 PARK AVENUE, New York, NY, USA",0.8,fallback,432,PARK AVENUE,2026-09-20T19:51:12+00:00
Manhattan|433|BROADWAY,ok,1002310014,1090587,"433 BROADWAY, New York, NY, USA",0.8,fallback,433,BROADWAY,2026-09-20T19:47:26+00:00
Manhattan|435|BROADWAY,ok,1002310014,1090587,"435 BROADWAY, New York, NY, USA",0.8,fallback,435,BROADWAY,2026-09-20T19:47:26+00:00
Manhattan|435|FORT WASHINGTON AVENUE,ok,1021770152,1064313,"435 FORT WASHINGTON AVENUE, New York, NY, USA",0.8,fallback,435,FORT WASHINGTON AVENUE,2026-09-20T19:47:26+00:00
Manhattan|436|WEST 52 STREET,ok,1010610051,1026730,"436 WEST 52 STREET, New York, NY, USA",0.8,fallback,436,WEST 52 STREET,2026-09-20T19:47:26+00:00
Manhattan|437|MADISON AVENUE,ok,1012850021,1035455,"437 MADISON AVENUE, New York, NY, USA",0.8,fallback,437,MADISON AVENUE,2026-09-20T19:47:27+00:00
Manhattan|439|WEST 48 STREET,ok,1010580011,1026589,"439 WEST 48 STREET, New York, NY, USA",0.8,fallback,439,WEST 48 STREET,2026-09-20T19:47:27+00:00
Manhattan|440|EAST 115 STREET,ok,1017080033,1090220,"440 EAST 115 STREET, New York, NY, USA",0.8,fallback,440,EAST 115 STREET,2026-09-20T19:47:27+00:00
Manhattan|440|WEST 47 STREET,ok,1010560052,1026508,"440 WEST 47 STREET, New York, NY, USA",0.8,fallback,440,WEST 47 STREET,2026-09-20T19:47:27+00:00
Manhattan|442|10 AVENUE,ok,1007320072,1012862,"442 10 AVENUE, New York, NY, USA",0.8,fallback,442,10 AVENUE,2026-09-20T19:47:27+00:00
Manhattan|445|5 AVENUE,ok,1008697501,1017603,"445 5 AVENUE, New York, NY, USA",0.8,fallback,445,5 AVENUE,2026-09-20T19:41:58+00:00
Manhattan|450|11 AVENUE,ok,1007080065,1080352,"450 11 AVENUE, New York, NY, USA",0.8,fallback,450,11 AVENUE,2026-09-20T19:47:27+00:00
Manhattan|450|WEST 14 STREET,ok,1006467502,1012223,"450 WEST 14 STREET, New York, NY, USA",0.8,fallback,450,WEST 14 STREET,2026-09-20T19:47:27+00:00
Manhattan|45|BROADWAY,ok,1000200009,1000804,"45 BROADWAY, New York, NY, USA",0.8,fallback,45,BROADWAY,2026-09-20T19:47:27+00:00
Manhattan|45|EAST 129 STREET,ok,1017540022,1091727,"45 EAST 129 STREET, New York, NY, USA",0.8,fallback,45,EAST 129 STREET,2026-09-20T19:47:27+00:00
Manhattan|45|EAST 7 STREET,ok,1004637502,1090776,"45 EAST 7 STREET, New York, NY, USA",0.8,fallback,45,EAST 7 STREET,2026-09-20T19:47:27+00:00
Manhattan|45|PARK PLACE,ok,1001260008,1090860,"45 PARK PLACE, New York, NY, USA",0.8,fallback,45,PARK PLACE,2026-09-20T19:51:12+00:00
Manhattan|460|7 AVENUE,ok,1007840048,1014410,"460 SEVENTH AVENUE, New York, NY, USA",0.8,fallback,460,SEVENTH AVENUE,2026-09-20T19:51:12+00:00
Manhattan|460|WEST 34 STREET,ok,1007310001,1012843,"460 WEST 34 STREET, New York, NY, USA",0.8,fallback,460,WEST 34 STREET,2026-09-20T19:47:27+00:00
Manhattan|461|PARK AVENUE SOUTH,ok,1008870001,1018457,"461 PARK AVENUE SOUTH, New York, NY, USA",0.8,fallback,461,PARK AVENUE SOUTH,2026-09-20T19:51:12+00:00
Manhattan|464-468|WEST 51 STREET,mismatch,,,"464 WEST 51 STREET, New York, NY, USA",,,464,WEST 51 STREET,2026-09-20T19:54:23+00:00
Manhattan|46|CLAREMONT AVENUE,ok,1019890001,1079205,"46 CLAREMONT AVENUE, New York, NY, USA",0.8,fallback,46,CLAREMONT AVENUE,2026-09-20T19:47:27+00:00
Manhattan|46|EAST 65 STREET,ok,1013790144,1041107,"46 EAST 65 STREET, New York, NY, USA",0.8,fallback,46,EAST 65 STREET,2026-09-20T19:47:27+00:00
Manhattan|46|FORT WASHINGTON AVENUE,ok,1021370058,1063360,"46 FORT WASHINGTON AVENUE, New York, NY, USA",0.8,fallback,46,FORT WASHINGTON AVENUE,2026-09-20T19:47:27+00:00
Manhattan|475|5 AVENUE,ok,1012750069,1035328,"475 5 AVENUE, New York, NY, USA",0.8,fallback,475,5 AVENUE,2026-09-20T19:47:28+00:00
Manhattan|476|5 AVENUE,ok,1012570001,1034194,"476 5 AVENUE, New York, NY, USA",0.8,fallback,476,5 AVENUE,2026-09-20T19:47:28+00:00
Manhattan|476|WEST 141 STREET,ok,1020570056,1061214,"476 WEST 141 STREET, New York, NY, USA",0.8,fallback,476,WEST 141 STREET,2026-09-20T19:47:28+00:00
Manhattan|479|WEST 165 STREET,ok,1021110078,1000000,"479 WEST 165 STREET, New York, NY, USA",0.8,fallback,479,WEST 165 STREET,2026-09-20T19:47:28+00:00
Manhattan|47|CANAL STREET,ok,1002980036,1003859,"47 CANAL STREET, New York, NY, USA",0.8,fallback,47,CANAL STREET,2026-09-20T19:47:28+00:00
Manhattan|47|FT WASHINGTON AVENUE,ok,1021360086,1063322,"47 FT WASHINGTON AVENUE, New York, NY, USA",0.8,fallback,47,FT WASHINGTON AVENUE,2026-09-20T19:47:28+00:00
Manhattan|489|9 AVENUE,mismatch,,,"489 9 STREET, Brooklyn, NY, USA",,,489,9 STREET,2026-09-20T19:47:28+00:00
Manhattan|48|ALLEN STREET,ok,1003087502,1003991,"48 ALLEN STREET, New York, NY, USA",0.8,fallback,48,ALLEN STREET,2026-09-20T19:47:28+00:00
Manhattan|48|HESTER STREET,ok,1002977502,1075619,"48 HESTER STREET, New York, NY, USA",0.8,fallback,48,HESTER STREET,2026-09-20T19:47:28+00:00
Manhattan|490|BROADWAY,ok,1004830001,1007227,"490 BROADWAY, New York, NY, USA",0.8,fallback,490,BROADWAY,2026-09-20T19:47:28+00:00
Manhattan|49|WEST 76 STREET,ok,1011290006,1028800,"49 WEST 76 STREET, New York, NY, USA",0.8,fallback,49,WEST 76 STREET,2026-09-20T19:47:28+00:00
Manhattan|4|WEST 28 STREET,ok,1008290044,1015692,"4 WEST 28 STREET, New York, NY, USA",0.8,fallback,4,WEST 28 STREET,2026-09-20T19:47:23+00:00
Manhattan|500|3 AVENUE,ok,1008890039,1018502,"500 3 AVENUE, New York, NY, USA",0.8,fallback,500,3 AVENUE,2026-09-20T19:47:29+00:00
Manhattan|500|WEST 57 STREET,ok,1010850036,1027066,"500 WEST 57 STREET, New York, NY, USA",0.8,fallback,500,WEST 57 STREET,2026-09-20T19:47:29+00:00
Manhattan|501|10 AVENUE,ok,1007100029,1012527,"501 10 AVENUE, New York, NY, USA",0.8,fallback,501,10 AVENUE,2026-09-20T19:47:29+00:00
Manhattan|501|WEST 35 STREET,ok,1007077501,1091604,"501 WEST 35 STREET, New York, NY, USA",0.8,fallback,501,WEST 35 STREET,2026-09-20T19:47:29+00:00
Manhattan|503|BROADWAY,ok,1004847502,1007251,"503 BROADWAY, New York, NY, USA",0.8,fallback,503,BROADWAY,2026-09-20T19:47:29+00:00
Manhattan|505|CANAL STREET,ok,1005940008,1010287,"505 CANAL STREET, New York, NY, USA",0.8,fallback,505,CANAL STREET,2026-09-20T19:47:29+00:00
Manhattan|506|WEST 181 STREET,ok,1021520072,1063616,"506 WEST 181 STREET, New York, NY, USA",0.8,fallback,506,WEST 181 STREET,2026-09-20T19:47:29+00:00
Manhattan|509|WEST 34 STREET,ok,1007060017,1090122,"509 WEST 34 STREET, New York, NY, USA",0.8,fallback,509,WEST 34 STREET,2026-09-20T19:47:29+00:00
Manhattan|509|WEST 40 STREET,ok,1010690024,1080958,"509 WEST 40 STREET, New York, NY, USA",0.8,fallback,509,WEST 40 STREET,2026-09-20T19:47:29+00:00
Manhattan|50|ASTOR PLACE,ok,1005440076,1008788,"50 ASTOR PLACE, New York, NY, USA",0.8,fallback,50,ASTOR PLACE,2026-09-20T19:47:28+00:00
Manhattan|50|EAST 89 STREET,ok,1015000045,1046957,"50 EAST 89 STREET, New York, NY, USA",0.8,fallback,50,EAST 89 STREET,2026-09-20T19:47:28+00:00
Manhattan|50|TRINITY PLACE,ok,1000190024,1000801,"50 TRINITY PLACE, New York, NY, USA",0.8,fallback,50,TRINITY PLACE,2026-09-20T19:47:28+00:00
Manhattan|50|WEST 69 STREET,ok,1011210055,1028474,"50 WEST 69 STREET, New York, NY, USA",0.8,fallback,50,WEST 69 STREET,2026-09-20T19:47:28+00:00
Manhattan|510|WEST 21 STREET,ok,1006920041,1012299,"510 WEST 21 STREET, New York, NY, USA",0.8,fallback,510,WEST 21 STREET,2026-09-20T19:47:29+00:00
Manhattan|512|WEST 143 STREET,ok,1020740047,1061865,"512 WEST 143 STREET, New York, NY, USA",0.8,fallback,512,WEST 143 STREET,2026-09-20T19:47:29+00:00
Manhattan|515|WEST 52 STREET,ok,1010817502,1087777,"515 WEST 52 STREET, New York, NY, USA",0.8,fallback,515,WEST 52 STREET,2026-09-20T19:47:30+00:00
Manhattan|517|WEST 158 STREET,ok,1021170048,1062774,"517 WEST 158 STREET, New York, NY, USA",0.8,fallback,517,WEST 158 STREET,2026-09-20T19:47:30+00:00
Manhattan|517|WEST 180 STREET,ok,1021520089,1063619,"517 WEST 180 STREET, New York, NY, USA",0.8,fallback,517,WEST 180 STREET,2026-09-20T19:47:30+00:00
Manhattan|51|MACDOUGAL STREET,ok,1005200079,1008136,"51 MACDOUGAL STREET, New York, NY, USA",0.8,fallback,51,MACDOUGAL STREET,2026-09-20T19:47:29+00:00
Manhattan|521|EAST 83 STREET,ok,1015800014,1051191,"521 EAST 83 STREET, New York, NY, USA",0.8,fallback,521,EAST 83 STREET,2026-09-20T19:47:30+00:00
Manhattan|521|WEST 45 STREET,ok,1010740018,1083794,"521 WEST 45 STREET, New York, NY, USA",0.8,fallback,521,WEST 45 STREET,2026-09-20T19:47:30+00:00
Manhattan|522|EAST 11 STREET,ok,1004040016,1005129,"522 EAST 11 STREET, New York, NY, USA",0.8,fallback,522,EAST 11 STREET,2026-09-20T19:47:30+00:00
Manhattan|524|WEST 123 STREET,ok,1019770044,1059684,"524 WEST 123 STREET, New York, NY, USA",0.8,fallback,524,WEST 123 STREET,2026-09-20T19:47:30+00:00
Manhattan|525|EAST 72 STREET,ok,1014840026,1046268,"525 EAST 72 STREET, New York, NY, USA",0.8,fallback,525,EAST 72 STREET,2026-09-20T19:47:30+00:00
Manhattan|525|WEST 122 STREET,ok,1019777501,1089829,"525 WEST 122 STREET, New York, NY, USA",0.8,fallback,525,WEST 122 STREET,2026-09-20T19:47:30+00:00
Manhattan|530|WEST 157 STREET,ok,1021150017,1062703,"530 WEST 157 STREET, New York, NY, USA",0.8,fallback,530,WEST 157 STREET,2026-09-20T19:47:30+00:00
Manhattan|531|6 AVENUE,ok,1007907505,1014526,"531 AVENUE OF THE AMERICAS, New York, NY, USA",0.8,fallback,531,AVENUE OF THE AMERICAS,2026-09-20T19:51:12+00:00
Manhattan|534|WEST 23 STREET,ok,1006940047,1012336,"534 WEST 23 STREET, New York, NY, USA",0.8,fallback,534,WEST 23 STREET,2026-09-20T19:47:30+00:00
Manhattan|53|WEST 119 STREET,ok,1017180018,1053247,"53 WEST 119 STREET, New York, NY, USA",0.8,fallback,53,WEST 119 STREET,2026-09-20T19:47:30+00:00
Manhattan|540|WEST 25 STREET,ok,1006960054,1090390,"540 WEST 25 STREET, New York, NY, USA",0.8,fallback,540,WEST 25 STREET,2026-09-20T19:47:31+00:00
Manhattan|540|WEST 53 STREET,ok,1010817503,1090139,"540 WEST 53 STREET, New York, NY, USA",0.8,fallback,540,WEST 53 STREET,2026-09-20T19:47:31+00:00
Manhattan|541|WEST 29 STREET,ok,1007010001,1080331,"541 WEST 29 STREET, New York, NY, USA",0.8,fallback,541,WEST 29 STREET,2026-09-20T19:47:31+00:00
Manhattan|545|WEST 30 STREET,ok,1007027502,1091045,"545 WEST 30 STREET, New York, NY, USA",0.8,fallback,545,WEST 30 STREET,2026-09-20T19:47:31+00:00
Manhattan|546|BROADWAY,ok,1004970009,1007564,"546 BROADWAY, New York, NY, USA",0.8,fallback,546,BROADWAY,2026-09-20T19:47:31+00:00
Manhattan|546|WEST 46 STREET,ok,1010740054,1000000,"546 WEST 46 STREET, New York, NY, USA",0.8,fallback,546,WEST 46 STREET,2026-09-20T19:47:31+00:00
Manhattan|54|ELDRIDGE STREET,ok,1003000010,1003882,"54 ELDRIDGE STREET, New York, NY, USA",0.8,fallback,54,ELDRIDGE STREET,2026-09-20T19:47:31+00:00
Manhattan|54|WEST 39 STREET,ok,1008400078,1016016,"54 WEST 39 STREET, New York, NY, USA",0.8,fallback,54,WEST 39 STREET,2026-09-20T19:47:31+00:00
Manhattan|550|WASHINGTON STREET,ok,1005960002,1010356,"550 WASHINGTON STREET, New York, NY, USA",0.8,fallback,550,WASHINGTON STREET,2026-09-20T19:47:31+00:00
Manhattan|550|WEST 25 STREET,ok,1006960058,1012377,"550 WEST 25 STREET, New York, NY, USA",0.8,fallback,550,WEST 25 STREET,2026-09-20T19:47:32+00:00
Manhattan|555|WEST 173 STREET,ok,1021300022,1063124,"555 WEST 173 STREET, New York, NY, USA",0.8,fallback,555,WEST 173 STREET,2026-09-20T19:47:32+00:00
Manhattan|555|WEST 22 STREET,ok,1006947502,1012322,"555 WEST 22 STREET, New York, NY, USA",0.8,fallback,555,WEST 22 STREET,2026-09-20T19:47:32+00:00
Manhattan|555|WEST 23 STREET,ok,1006957503,1012345,"555 WEST 23 STREET, New York, NY, USA",0.8,fallback,555,WEST 23 STREET,2026-09-20T19:47:32+00:00
Manhattan|555|WEST 57 STREET,ok,1010867502,1027072,"555 WEST 57 STREET, New York, NY, USA",0.8,fallback,555,WEST 57 STREET,2026-09-20T19:47:32+00:00
Manhattan|555|WEST END AVENUE,ok,1012487502,1091599,"555 WEST END AVENUE, New York, NY, USA",0.8,fallback,555,WEST END AVENUE,2026-09-20T19:47:32+00:00
Manhattan|55|BROADWAY,ok,1000200016,1000807,"55 BROADWAY, New York, NY, USA",0.8,fallback,55,BROADWAY,2026-09-20T19:47:31+00:00
Manhattan|55|LIBERTY STREET,ok,1000640008,1001084,"55 LIBERTY STREET, New York, NY, USA",0.8,fallback,55,LIBERTY STREET,2026-09-20T19:47:31+00:00
Manhattan|55|ST MARKS PLACE,ok,1004500047,1006395,"55 SAINT MARKS PLACE, New York, NY, USA",0.8,fallback,55,SAINT MARKS PLACE,2026-09-20T19:51:12+00:00
Manhattan|55|WEST 95 STREET,ok,1012090109,1031741,"55 WEST 95 STREET, New York, NY, USA",0.8,fallback,55,WEST 95 STREET,2026-09-20T19:47:31+00:00
Manhattan|560|WEST 170 STREET,ok,1021260010,1063016,"560 WEST 170 STREET, New York, NY, USA",0.8,fallback,560,WEST 170 STREET,2026-09-20T19:47:32+00:00
Manhattan|561|GREENWICH STREET,ok,1005980042,1000000,"561 GREENWICH STREET, New York, NY, USA",0.8,fallback,561,GREENWICH STREET,2026-09-20T19:47:32+00:00
Manhattan|568|9 AVENUE,ok,1010320103,1024933,"568 9 AVENUE, New York, NY, USA",0.8,fallback,568,9 AVENUE,2026-09-20T19:47:32+00:00
Manhattan|568|BROADWAY,ok,1005110001,1007942,"568 BROADWAY, New York, NY, USA",0.8,fallback,568,BROADWAY,2026-09-20T19:47:32+00:00
Manhattan|569|WEST 150 STREET,ok,1020820001,1062137,"569 WEST 150 STREET, New York, NY, USA",0.8,fallback,569,WEST 150 STREET,2026-09-20T19:47:32+00:00
Manhattan|570|BROOME STREET,ok,1005787501,1090610,"570 BROOME STREET, New York, NY, USA",0.8,fallback,570,BROOME STREET,2026-09-20T19:47:32+00:00
Manhattan|570|WEST END AVENUE,ok,1012350061,1033224,"570 WEST END AVENUE, New York, NY, USA",0.8,fallback,570,WEST END AVENUE,2026-09-20T19:47:32+00:00
Manhattan|582|ACADEMY STREET,ok,1022200023,1064752,"582 ACADEMY STREET, New York, NY, USA",0.8,fallback,582,ACADEMY STREET,2026-09-20T19:47:32+00:00
Manhattan|58|WEST 29 STREET,mismatch,,,"200 WEST 29 STREET, New York, NY, USA",,,200,WEST 29 STREET,2026-09-20T19:47:32+00:00
Manhattan|590|EAST 83 STREET,ok,1015790030,1089903,"590 EAST 83 STREET, New York, NY, USA",0.8,fallback,590,EAST 83 STREET,2026-09-20T19:47:33+00:00
Manhattan|599|BROADWAY,ok,1005127502,1007956,"599 BROADWAY, New York, NY, USA",0.8,fallback,599,BROADWAY,2026-09-20T19:47:33+00:00
Manhattan|59|FRANKLIN STREET,ok,1001710005,1000000,"59 FRANKLIN STREET, New York, NY, USA",0.8,fallback,59,FRANKLIN STREET,2026-09-20T19:51:12+00:00
Manhattan|59|HENRY STREET,ok,1002800015,1084612,"59 HENRY STREET, New York, NY, USA",0.8,fallback,59,HENRY STREET,2026-09-20T19:47:33+00:00
Manhattan|5|EAST 98 STREET,ok,1016040006,1083920,"5 EAST 98 STREET, New York, NY, USA",0.8,fallback,5,EAST 98 STREET,2026-09-20T19:47:28+00:00
Manhattan|600|WEST 144 STREET,ok,1020900036,1062362,"600 WEST 144 STREET, New York, NY, USA",0.8,fallback,600,WEST 144 STREET,2026-09-20T19:47:33+00:00
Manhattan|600|WEST 146 STREET,ok,1020920036,1062381,"600 WEST 146 STREET, New York, NY, USA",0.8,fallback,600,WEST 146 STREET,2026-09-20T19:47:33+00:00
Manhattan|604|WEST 162 STREET,ok,1021370029,1063355,"604 WEST 162 STREET, New York, NY, USA",0.8,fallback,604,WEST 162 STREET,2026-09-20T19:47:33+00:00
Manhattan|60|AMSTERDAM AVENUE,ok,1011540101,1082575,"60 AMSTERDAM AVENUE, New York, NY, USA",0.8,fallback,60,AMSTERDAM AVENUE,2026-09-20T19:47:33+00:00
Manhattan|60|EAST 66 STREET,ok,1013800043,1041140,"60 EAST 66 STREET, New York, NY, USA",0.8,fallback,60,EAST 66 STREET,2026-09-20T19:47:33+00:00
Manhattan|60|HUDSON STREET,ok,1001440040,1001572,"60 HUDSON STREET, New York, NY, USA",0.8,fallback,60,HUDSON STREET,2026-09-20T19:47:33+00:00
Manhattan|60|WALL STREET,ok,1000400003,1001004,"60 WALL STREET, New York, NY, USA",0.8,fallback,60,WALL STREET,2026-09-20T19:47:33+00:00
Manhattan|610|WEST 11 STREET,mismatch,,,"11 WEST 11 STREET, New York, NY, USA",,,11,WEST 11 STREET,2026-09-20T19:47:33+00:00
Manhattan|611|EAST 11 STREET,ok,1003940063,1004922,"611 EAST 11 STREET, New York, NY, USA",0.8,fallback,611,EAST 11 STREET,2026-09-20T19:47:33+00:00
Manhattan|614|11 AVENUE,ok,1010740001,1079248,"614 11 AVENUE, New York, NY, USA",0.8,fallback,614,11 AVENUE,2026-09-20T19:47:33+00:00
Manhattan|615|WEST 162 STREET,ok,1021370040,1063357,"615 WEST 162 STREET, New York, NY, USA",0.8,fallback,615,WEST 162 STREET,2026-09-20T19:47:34+00:00
Manhattan|615|WEST 46 STREET,ok,1010940023,1091842,"615 WEST 46 STREET, New York, NY, USA",0.8,fallback,615,WEST 46 STREET,2026-09-20T19:47:34+00:00
Manhattan|61|HAMILTON PLACE,ok,1020710045,1061743,"61 HAMILTON PLACE, New York, NY, USA",0.8,fallback,61,HAMILTON PLACE,2026-09-20T19:47:33+00:00
Manhattan|620|WEST 172 STREET,ok,1021420073,1063486,"620 WEST 172 STREET, New York, NY, USA",0.8,fallback,620,WEST 172 STREET,2026-09-20T19:47:34+00:00
Manhattan|620|WEST 46 STREET,ok,1010930042,1027104,"620 WEST 46 STREET, New York, NY, USA",0.8,fallback,620,WEST 46 STREET,2026-09-20T19:47:34+00:00
Manhattan|621|WEST 171 STREET,ok,1021420066,1063485,"621 WEST 171 STREET, New York, NY, USA",0.8,fallback,621,WEST 171 STREET,2026-09-20T19:47:34+00:00
Manhattan|630|1 AVENUE,ok,1009687501,1022060,"630 1 AVENUE, New York, NY, USA",0.8,fallback,630,1 AVENUE,2026-09-20T19:47:34+00:00
Manhattan|630|PARK AVENUE,ok,1013800039,1041137,"630 PARK AVENUE, New York, NY, USA",0.8,fallback,630,PARK AVENUE,2026-09-20T19:51:12+00:00
Manhattan|639|WEST 59 STREET,ok,1011717515,1089374,"639 WEST 59 STREET, New York, NY, USA",0.8,fallback,639,WEST 59 STREET,2026-09-20T19:47:34+00:00
Manhattan|640|5 AVENUE,ok,1012670034,1034516,"640 5 AVENUE, New York, NY, USA",0.8,fallback,640,5 AVENUE,2026-09-20T19:47:34+00:00
Manhattan|646|11 AVENUE,ok,1010767502,1026982,"646 11 AVENUE, New York, NY, USA",0.8,fallback,646,11 AVENUE,2026-09-20T19:47:34+00:00
Manhattan|64|WEST 107 STREET,ok,1018420057,1055667,"64 WEST 107 STREET, New York, NY, USA",0.8,fallback,64,WEST 107 STREET,2026-09-20T19:47:34+00:00
Manhattan|653|10 AVENUE,ok,1010750029,1026966,"653 10 AVENUE, New York, NY, USA",0.8,fallback,653,10 AVENUE,2026-09-20T19:47:34+00:00
Manhattan|655|5 AVENUE,ok,1012880001,1035706,"655 5 AVENUE, New York, NY, USA",0.8,fallback,655,5 AVENUE,2026-09-20T19:47:34+00:00
Manhattan|660|12 AVENUE,ok,1010967501,1027125,"660 12 AVENUE, New York, NY, USA",0.8,fallback,660,12 AVENUE,2026-09-20T19:47:35+00:00
Manhattan|660|5 AVENUE,ok,1012687502,1034520,"660 5 AVENUE, New York, NY, USA",0.8,fallback,660,5 AVENUE,2026-09-20T19:47:35+00:00
Manhattan|660|WEST 178 STREET,ok,1021450031,1063564,"660 WEST 178 STREET, New York, NY, USA",0.8,fallback,660,WEST 178 STREET,2026-09-20T19:47:35+00:00
Manhattan|664|WEST 163 STREET,ok,1021360220,1063344,"664 WEST 163 STREET, New York, NY, USA",0.8,fallback,664,WEST 163 STREET,2026-09-20T19:47:35+00:00
Manhattan|666|5 AVENUE,ok,1012687502,1034520,"666 5 AVENUE, New York, NY, USA",0.8,fallback,666,5 AVENUE,2026-09-20T19:47:35+00:00
Manhattan|666|WEST END AVENUE,ok,1012400001,1033609,"666 WEST END AVENUE, New York, NY, USA",0.8,fallback,666,WEST END AVENUE,2026-09-20T19:47:35+00:00
Manhattan|66|READE STREET,ok,1001507505,1001639,"66 READE STREET, New York, NY, USA",0.8,fallback,66,READE STREET,2026-09-20T19:47:35+00:00
Manhattan|66|ST NICHOLAS PLACE,ok,1020540082,1061189,"66 SAINT NICHOLAS PLACE, New York, NY, USA",0.8,fallback,66,SAINT NICHOLAS PLACE,2026-09-20T19:51:12+00:00
Manhattan|66|WEST 77 STREET,ok,1011290064,1028823,"66 WEST 77 STREET, New York, NY, USA",0.8,fallback,66,WEST 77 STREET,2026-09-20T19:47:35+00:00
Manhattan|67|VESTRY STREET,ok,1002187505,1002831,"67 VESTRY STREET, New York, NY, USA",0.8,fallback,67,VESTRY STREET,2026-09-20T19:47:35+00:00
Manhattan|691|ST NICHOLAS AVENUE,ok,1020507503,1090559,"691 SAINT NICHOLAS AVENUE, New York, NY, USA",0.8,fallback,691,SAINT NICHOLAS AVENUE,2026-09-20T19:51:12+00:00
Manhattan|695|LEXINGTON AVENUE,ok,1013110050,1036888,"695 LEXINGTON AVENUE, New York, NY, USA",0.8,fallback,695,LEXINGTON AVENUE,2026-09-20T19:47:35+00:00
Manhattan|700|WEST 125 STREET,ok,1020040012,1059981,"700 WEST 125 STREET, New York, NY, USA",0.8,fallback,700,WEST 125 STREET,2026-09-20T19:47:36+00:00
Manhattan|701|WEST 179 STREET,ok,1021760054,1064270,"701 WEST 179 STREET, New York, NY, USA",0.8,fallback,701,WEST 179 STREET,2026-09-20T19:47:36+00:00
Manhattan|703|GREENWICH AVENUE,mismatch,,,"703 GREENWICH STREET, New York, NY, USA",,,703,GREENWICH STREET,2026-09-20T19:47:36+00:00
Manhattan|711|FRANKLIN D ROOSEVELT DRIVE,ok,1003560001,1078059,"711 FDR DRIVE, New York, NY, USA",0.8,fallback,711,FDR DRIVE,2026-09-20T19:47:36+00:00
Manhattan|716|WEST 180 STREET,ok,1021760040,1064265,"716 WEST 180 STREET, New York, NY, USA",0.8,fallback,716,WEST 180 STREET,2026-09-20T19:47:36+00:00
Manhattan|720|WEST END AVENUE,ok,1012437505,1033691,"720 WEST END AVENUE, New York, NY, USA",0.8,fallback,720,WEST END AVENUE,2026-09-20T19:47:36+00:00
Manhattan|725|WEST 175 STREET,ok,1021420168,1063505,"725 WEST 175 STREET, New York, NY, USA",0.8,fallback,725,WEST 175 STREET,2026-09-20T19:47:36+00:00
Manhattan|727|5 AVENUE,ok,1012920069,1035792,"727 5 AVENUE, New York, NY, USA",0.8,fallback,727,5 AVENUE,2026-09-20T19:47:36+00:00
Manhattan|728|9 AVENUE,ok,1010407501,1077841,"728 NINTH AVENUE, New York, NY, USA",0.8,fallback,728,NINTH AVENUE,2026-09-20T19:51:12+00:00
Manhattan|733|AMSTERDAM AVENUE,ok,1012267502,1032587,"733 AMSTERDAM AVENUE, New York, NY, USA",0.8,fallback,733,AMSTERDAM AVENUE,2026-09-20T19:47:36+00:00
Manhattan|73|WEST 47 STREET,ok,1012630104,1034503,"73 WEST 47 STREET, New York, NY, USA",0.8,fallback,73,WEST 47 STREET,2026-09-20T19:47:36+00:00
Manhattan|748|10 AVENUE,ok,1010600061,1026704,"748 10 AVENUE, New York, NY, USA",0.8,fallback,748,10 AVENUE,2026-09-20T19:47:36+00:00
Manhattan|749|FRANKLIN D ROOSEVELT DRIVE,ok,1003620001,1077554,"749 FDR DRIVE, New York, NY, USA",0.8,fallback,749,FDR DRIVE,2026-09-20T19:47:36+00:00
Manhattan|75|1 AVENUE,ok,1004467503,1088693,"75 1 AVENUE, New York, NY, USA",0.8,fallback,75,1 AVENUE,2026-09-20T19:47:36+00:00
Manhattan|75|KENMARE STREET,ok,1004807504,1007179,"75 KENMARE STREET, New York, NY, USA",0.8,fallback,75,KENMARE STREET,2026-09-20T19:47:37+00:00
Manhattan|75|ST NICHOLAS PLACE,ok,1020690001,1061700,"75 SAINT NICHOLAS PLACE, New York, NY, USA",0.8,fallback,75,SAINT NICHOLAS PLACE,2026-09-20T19:51:12+00:00
Manhattan|75|WEST END AVENUE,ok,1011710063,1088686,"75 WEST END AVENUE, New York, NY, USA",0.8,fallback,75,WEST END AVENUE,2026-09-20T19:47:37+00:00
Manhattan|765|AMSTERDAM AVENUE,ok,1018520001,1055899,"765 AMSTERDAM AVENUE, New York, NY, USA",0.8,fallback,765,AMSTERDAM AVENUE,2026-09-20T19:51:12+00:00
Manhattan|776|6 AVENUE,ok,1008280001,1015632,"776 6 AVENUE, New York, NY, USA",0.8,fallback,776,6 AVENUE,2026-09-20T19:41:58+00:00
Manhattan|777|6 AVENUE,ok,1008020036,1015043,"777 SIXTH AVENUE, New York, NY, USA",0.8,fallback,777,SIXTH AVENUE,2026-09-20T19:51:12+00:00
Manhattan|779|10 AVENUE,ok,1010817502,1087777,"779 10 AVENUE, New York, NY, USA",0.8,fallback,779,10 AVENUE,2026-09-20T19:51:13+00:00
Manhattan|783|9 AVENUE,ok,1010620030,1026747,"783 9 AVENUE, New York, NY, USA",0.8,fallback,783,9 AVENUE,2026-09-20T19:47:37+00:00
Manhattan|790|11 AVENUE,ok,1010830001,1027057,"790 11 AVENUE, New York, NY, USA",0.8,fallback,790,11 AVENUE,2026-09-20T19:47:37+00:00
Manhattan|790|WEST END AVENUE,ok,1018700004,1056393,"790 WEST END AVENUE, New York, NY, USA",0.8,fallback,790,WEST END AVENUE,2026-09-20T19:47:37+00:00
Manhattan|7|EAST 81 STREET,ok,1014930107,1046687,"7 EAST 81 STREET, New York, NY, USA",0.8,fallback,7,EAST 81 STREET,2026-09-20T19:47:35+00:00
Manhattan|7|WEST 137 STREET,ok,1017350031,1053915,"7 WEST 137 STREET, New York, NY, USA",0.8,fallback,7,WEST 137 STREET,2026-09-20T19:47:35+00:00
Manhattan|801|AMSTERDAM AVENUE,ok,1018527502,1088438,"801 AMSTERDAM AVENUE, New York, NY, USA",0.8,fallback,801,AMSTERDAM AVENUE,2026-09-20T19:47:37+00:00
Manhattan|805|3 AVENUE,ok,1013230047,1038243,"805 THIRD AVENUE, New York, NY, USA",0.8,fallback,805,THIRD AVENUE,2026-09-20T19:47:37+00:00
Manhattan|814|10 AVENUE,ok,1010640002,1026780,"814 10 AVENUE, New York, NY, USA",0.8,fallback,814,10 AVENUE,2026-09-20T19:47:37+00:00
Manhattan|821|1 AVENUE,ok,1013380030,1090642,"821 1 AVENUE, New York, NY, USA",0.8,fallback,821,1 AVENUE,2026-09-20T19:47:37+00:00
Manhattan|825|8 AVENUE,ok,1010400029,1076203,"825 8 AVENUE, New York, NY, USA",0.8,fallback,825,8 AVENUE,2026-09-20T19:47:37+00:00
Manhattan|835|6 AVENUE,ok,1008057502,1015146,"835 AVENUE OF THE AMERICAS, New York, NY, USA",0.8,fallback,835,AVENUE OF THE AMERICAS,2026-09-20T19:51:13+00:00
Manhattan|85|10 AVENUE,ok,1006870029,1012277,"85 10 AVENUE, New York, NY, USA",0.8,fallback,85,10 AVENUE,2026-09-20T19:47:37+00:00
Manhattan|85|5 AVENUE,ok,1008440001,1016080,"85 5 AVENUE, New York, NY, USA",0.8,fallback,85,5 AVENUE,2026-09-20T19:47:37+00:00
Manhattan|85|JANE STREET,ok,1006420070,1012151,"85 JANE STREET, New York, NY, USA",0.8,fallback,85,JANE STREET,2026-09-20T19:47:38+00:00
Manhattan|86|EAST 4 STREET,ok,1004450009,1006168,"86 EAST 4 STREET, New York, NY, USA",0.8,fallback,86,EAST 4 STREET,2026-09-20T19:47:38+00:00
Manhattan|88-94|ST NICHOLAS PLACE,mismatch,,,"94 ST NICHOLAS' PLACE, New York, NY, USA",,,94,ST NICHOLAS' PLACE,2026-09-20T19:51:13+00:00
Manhattan|880|ST NICHOLAS AVENUE,ok,1020690042,1061706,"880 SAINT NICHOLAS AVENUE, New York, NY, USA",0.8,fallback,880,SAINT NICHOLAS AVENUE,2026-09-20T19:51:13+00:00
Manhattan|88|EAST 127 STREET,ok,1017517501,1091567,"88 EAST 127 STREET, New York, NY, USA",0.8,fallback,88,EAST 127 STREET,2026-09-20T19:47:38+00:00
Manhattan|9-19|STATE STREET,mismatch,,,"9 STATE STREET, New York, NY, USA",,,9,STATE STREET,2026-09-20T19:51:13+00:00
Manhattan|90|GANSEVOORT STREET,ok,1006430001,1012154,"90 GANSEVOORT STREET, New York, NY, USA",0.8,fallback,90,GANSEVOORT STREET,2026-09-20T19:47:38+00:00
Manhattan|90|JOHN STREET,ok,1000697502,1001127,"90 JOHN STREET, New York, NY, USA",0.8,fallback,90,JOHN STREET,2026-09-20T19:47:38+00:00
Manhattan|933|8 AVENUE,ok,1010460030,1025435,"933 8 AVENUE, New York, NY, USA",0.8,fallback,933,8 AVENUE,2026-09-20T19:47:38+00:00
Manhattan|950|5 AVENUE,ok,1013910001,1041785,"950 FIFTH AVENUE, New York, NY, USA",0.8,fallback,950,FIFTH AVENUE,2026-09-20T19:47:38+00:00
Manhattan|958|6 AVENUE,ok,1008360083,1015882,"958 SIXTH AVENUE, New York, NY, USA",0.8,fallback,958,SIXTH AVENUE,2026-09-20T19:47:38+00:00
Manhattan|95|WALL STREET,ok,1000330011,1000864,"95 WALL STREET, New York, NY, USA",0.8,fallback,95,WALL STREET,2026-09-20T19:47:38+00:00
Manhattan|96|GRAND STREET,ok,1004740024,1007045,"96 GRAND STREET, New York, NY, USA",0.8,fallback,96,GRAND STREET,2026-09-20T19:47:38+00:00
Manhattan|971|3 AVENUE,ok,1013320001,1038623,"971 3 AVENUE, New York, NY, USA",0.8,fallback,971,3 AVENUE,2026-09-20T19:47:38+00:00
Manhattan|9|ROCKEFELLER PLAZA,ok,1012640005,1077286,"9 ROCKEFELLER PLAZA, New York, NY, USA",0.8,fallback,9,ROCKEFELLER PLAZA,2026-09-20T19:47:38+00:00
Queens|10-21|47 ROAD,ok,4000460009,4000310,"10-21 47 ROAD, Long Island City, NY, USA",0.8,fallback,10-21,47 ROAD,2026-09-20T19:47:39+00:00
Queens|100-33|METROPOLITAN AVENUE,ok,4032200020,4077075,"100-33 METROPOLITAN AVENUE, Forest Hills, NY, USA",0.8,fallback,100-33,METROPOLITAN AVENUE,2026-09-20T19:47:39+00:00
Queens|100|BEACH 25 STREET,mismatch,,,"815 BEACH 25 STREET, Bayswater, NY, USA",,,815,BEACH 25 STREET,2026-09-20T19:47:39+00:00
Queens|101-01|37 AVENUE,ok,4017420033,4000000,"101-01 37 AVENUE, North Corona, NY, USA",0.8,fallback,101-01,37 AVENUE,2026-09-20T19:47:39+00:00
Queens|101-33|132 STREET,ok,4095000062,4201149,"101-33 132 STREET, Richmond Hill, NY, USA",0.8,fallback,101-33,132 STREET,2026-09-20T19:47:39+00:00
Queens|102-02|LIBERTY AVENUE,ok,4095230001,4201991,"102-02 LIBERTY AVENUE, Ozone Park, NY, USA",0.8,fallback,102-02,LIBERTY AVENUE,2026-09-20T19:47:39+00:00
Queens|102-17|101 AVENUE,ok,4094040033,4197694,"102-17 101 AVENUE, Ozone Park, NY, USA",0.8,fallback,102-17,101 AVENUE,2026-09-20T19:47:39+00:00
Queens|102-31|134 STREET,ok,4095020049,4201239,"102-31 134 STREET, Richmond Hill, NY, USA",0.8,fallback,102-31,134 STREET,2026-09-20T19:47:39+00:00
Queens|102-39|47 AVENUE,ok,4019810042,4048679,"102-39 47 AVENUE, South Corona, NY, USA",0.8,fallback,102-39,47 AVENUE,2026-09-20T19:47:39+00:00
Queens|103-19|103 STREET,ok,4095070070,4201430,"103-19 103 STREET, Ozone Park, NY, USA",0.8,fallback,103-19,103 STREET,2026-09-20T19:47:39+00:00
Queens|104-10|ROCKAWAY BOULEVARD,mismatch,,,"104-10 ROCKAWAY BEACH BOULEVARD, Rockaway Park, NY, USA",,,104-10,ROCKAWAY BEACH BOULEVARD,2026-09-20T19:47:39+00:00
Queens|105-13|177 STREET,ok,4103330119,4220193,"105-13 177 STREET, Jamaica, NY, USA",0.8,fallback,105-13,177 STREET,2026-09-20T19:47:39+00:00
Queens|105-16|NORTHERN BOULEVARD,ok,4017200007,4042688,"105-16 NORTHERN BOULEVARD, North Corona, NY, USA",0.8,fallback,105-16,NORTHERN BOULEVARD,2026-09-20T19:47:39+00:00
Queens|105-39|134 STREET,ok,4095940059,4205230,"105-39 134 STREET, Richmond Hill, NY, USA",0.8,fallback,105-39,134 STREET,2026-09-20T19:47:39+00:00
Queens|105-57|VAN SICLEN STREET,ok,4095910116,4539998,"105-57 VAN SICLEN STREET, Richmond Hill, NY, USA",0.8,fallback,105-57,VAN SICLEN STREET,2026-09-20T19:47:39+00:00
Queens|106-25|160 STREET,ok,4101280070,4215793,"106-25 160 STREET, Jamaica, NY, USA",0.8,fallback,106-25,160 STREET,2026-09-20T19:47:39+00:00
Queens|106-25|GUY R BREWER BOULEVARD,ok,4101610058,4216308,"106-25 GUY R BREWER BOULEVARD, Jamaica, NY, USA",0.8,fallback,106-25,GUY R BREWER BOULEVARD,2026-09-20T19:47:40+00:00
Queens|107-08|LIBERTY AVENUE,ok,4095300004,4202228,"107-08 LIBERTY AVENUE, Ozone Park, NY, USA",0.8,fallback,107-08,LIBERTY AVENUE,2026-09-20T19:47:40+00:00
Queens|107-11|FERN AVENUE,mismatch,,,"107-11 FERN PLACE, Jamaica, NY, USA",,,107-11,FERN PLACE,2026-09-20T19:47:40+00:00
Queens|107-40|QUEENS BOULEVARD,ok,4032397501,4312083,"107-40 QUEENS BOULEVARD, Forest Hills, NY, USA",0.8,fallback,107-40,QUEENS BOULEVARD,2026-09-20T19:47:40+00:00
Queens|107-41|PINEGROVE STREET,ok,4100770001,4215333,"107-41 PINEGROVE STREET, Jamaica, NY, USA",0.8,fallback,107-41,PINEGROVE STREET,2026-09-20T19:47:40+00:00
Queens|108-42|68 AVENUE,ok,4021790024,4051930,"108-42 68 AVENUE, Forest Hills, NY, USA",0.8,fallback,108-42,68 AVENUE,2026-09-20T19:47:40+00:00
Queens|108-75|62 DRIVE,ok,4021597501,4619735,"108-75 62 DRIVE, Forest Hills, NY, USA",0.8,fallback,108-75,62 DRIVE,2026-09-20T19:47:40+00:00
Queens|109-17|LONG ISLAND EXPRESSWAY,ok,4019690002,4048461,"109-17 LONG ISLAND EXPRESSWAY, South Corona, NY, USA",0.8,fallback,109-17,LONG ISLAND EXPRESSWAY,2026-09-20T19:47:40+00:00
Queens|109-18|120 STREET,ok,4116000009,4249472,"109-18 120 STREET, Richmond Hill, NY, USA",0.8,fallback,109-18,120 STREET,2026-09-20T19:47:40+00:00
Queens|109-23|122 STREET,ok,4116030057,4249622,"109-23 122 STREET, Richmond Hill, NY, USA",0.8,fallback,109-23,122 STREET,2026-09-20T19:47:40+00:00
Queens|109-59|LEFFERTS BOULEVARD,ok,4116000033,4249485,"109-59 LEFFERTS BOULEVARD, Richmond Hill, NY, USA",0.8,fallback,109-59,LEFFERTS BOULEVARD,2026-09-20T19:47:40+00:00
Queens|11-24|31 DRIVE,ok,4005020019,4624695,"11-24 31 DRIVE, Astoria, NY, USA",0.8,fallback,11-24,31 DRIVE,2026-09-20T19:47:40+00:00
Queens|11-32|31 AVENUE,ok,4005037503,4621000,"11-32 31 AVENUE, Astoria, NY, USA",0.8,fallback,11-32,31 AVENUE,2026-09-20T19:47:40+00:00
Queens|11-51|47 AVENUE,ok,4000567502,4619677,"11-51 47 AVENUE, Long Island City, NY, USA",0.8,fallback,11-51,47 AVENUE,2026-09-20T19:47:40+00:00
Queens|110-18|153 STREET,ok,4121530018,4531358,"110-18 153 STREET, Jamaica, NY, USA",0.8,fallback,110-18,153 STREET,2026-09-20T19:47:41+00:00
Queens|110|BRIDGE STREET,mismatch,,,"110 BRIDGE STREET, Brooklyn, NY, USA",,,110,BRIDGE STREET,2026-09-20T19:47:41+00:00
Queens|111-25|159 STREET,ok,4121780117,4588318,"111-25 159 STREET, Jamaica, NY, USA",0.8,fallback,111-25,159 STREET,2026-09-20T19:47:41+00:00
Queens|112-02|14 ROAD,ok,4040640001,4000000,"112-02 14 ROAD, College Point, NY, USA",0.8,fallback,112-02,14 ROAD,2026-09-20T19:47:41+00:00
Queens|112-05|159 STREET,ok,4121780004,4448930,"112-05 159 STREET, Jamaica, NY, USA",0.8,fallback,112-05,159 STREET,2026-09-20T19:47:41+00:00
Queens|112-37|207 STREET,ok,4109840004,4235532,"112-37 207 STREET, Queens Village, NY, USA",0.8,fallback,112-37,207 STREET,2026-09-20T19:47:41+00:00
Queens|1122-22|37 AVENUE,mismatch,,,"80-22 37 AVENUE, Jackson Heights, NY, USA",,,80-22,37 AVENUE,2026-09-20T19:47:41+00:00
Queens|1128|BEACH 9 STREET,ok,4155510026,4298119,"1128 BEACH 9 STREET, Far Rockaway, NY, USA",0.8,fallback,1128,BEACH 9 STREET,2026-09-20T19:47:41+00:00
Queens|113-13|76 ROAD,ok,4022650112,4052779,"113-13 76 ROAD, Forest Hills, NY, USA",0.8,fallback,113-13,76 ROAD,2026-09-20T19:47:41+00:00
Queens|114-02|LIBERTY AVENUE,ok,4095370001,4202657,"114-02 LIBERTY AVENUE, Richmond Hill, NY, USA",0.8,fallback,114-02,LIBERTY AVENUE,2026-09-20T19:47:41+00:00
Queens|114-49|177 STREET,ok,4103080046,4219842,"114-49 177 STREET, St. Albans, NY, USA",0.8,fallback,114-49,177 STREET,2026-09-20T19:47:41+00:00
Queens|114-74|178 STREET,ok,4103120081,4000000,"114-74 178 STREET, St. Albans, NY, USA",0.8,fallback,114-74,178 STREET,2026-09-20T19:47:41+00:00
Queens|114-74|18 STREET,mismatch,,,"74 18 STREET, Brooklyn, NY, USA",,,74,18 STREET,2026-09-20T19:47:41+00:00
Queens|114-95|226 STREET,ok,4112700006,4242922,"114-95 226 STREET, Cambria Heights, NY, USA",0.8,fallback,114-95,226 STREET,2026-09-20T19:47:41+00:00
Queens|1150-20|CENTERVILLE STREET,mismatch,,,"133-20 CENTERVILLE STREET, Ozone Park, NY, USA",,,133-20,CENTERVILLE STREET,2026-09-20T19:47:41+00:00
Queens|116-22|LOVINGHAM PLACE,mismatch,,,"116-30 LOVINGHAM PLACE, St. Albans, NY, USA",,,116-30,LOVINGHAM PLACE,2026-09-20T19:47:42+00:00
Queens|117-67|140 STREET,ok,4120120003,4260514,"117-67 140 STREET, Jamaica, NY, USA",0.8,fallback,117-67,140 STREET,2026-09-20T19:47:42+00:00
Queens|118-05|ATLANTIC AVENUE,ok,4093500038,4196648,"118-05 ATLANTIC AVENUE, Richmond Hill, NY, USA",0.8,fallback,118-05,ATLANTIC AVENUE,2026-09-20T19:47:42+00:00
Queens|118-29|201 PLACE,ok,4126310033,4272124,"118-29 201 PLACE, St. Albans, NY, USA",0.8,fallback,118-29,201 PLACE,2026-09-20T19:47:42+00:00
Queens|118-37|METROPOLITAN AVENUE,ok,4033290073,4079518,"118-37 METROPOLITAN AVENUE, Kew Gardens, NY, USA",0.8,fallback,118-37,METROPOLITAN AVENUE,2026-09-20T19:47:42+00:00
Queens|119-64|GUY R BREWER BOULEVARD,ok,4122490030,4265774,"119-64 GUY R BREWER BOULEVARD, Jamaica, NY, USA",0.8,fallback,119-64,GUY R BREWER BOULEVARD,2026-09-20T19:47:42+00:00
Queens|12-10|31 DRIVE,ok,4005190028,4438540,"12-10 31 DRIVE, Astoria, NY, USA",0.8,fallback,12-10,31 DRIVE,2026-09-20T19:47:42+00:00
Queens|12-52|150 STREET,ok,4045050027,4102473,"12-52 150 STREET, Whitestone, NY, USA",0.8,fallback,12-52,150 STREET,2026-09-20T19:47:42+00:00
Queens|120-15|84 AVENUE,ok,4092310048,4192781,"120-15 84 AVENUE, Kew Gardens, NY, USA",0.8,fallback,120-15,84 AVENUE,2026-09-20T19:47:42+00:00
Queens|121-08|84 AVENUE,ok,4092370004,4192949,"121-08 84 AVENUE, Kew Gardens, NY, USA",0.8,fallback,121-08,84 AVENUE,2026-09-20T19:47:42+00:00
Queens|126-06|82 AVENUE,mismatch,,,"126-02 82 AVENUE, Kew Gardens, NY, USA",,,126-02,82 AVENUE,2026-09-20T19:47:42+00:00
Queens|127-06|135 AVENUE,ok,4118610034,4257344,"127-06 135 AVENUE, South Ozone Park, NY, USA",0.8,fallback,127-06,135 AVENUE,2026-09-20T19:47:42+00:00
Queens|129-08|143 STREET,ok,4120660032,4262069,"129-08 143 STREET, South Ozone Park, NY, USA",0.8,fallback,129-08,143 STREET,2026-09-20T19:47:42+00:00
Queens|129-23|143 STREET,ok,4120670073,4262103,"129-23 143 STREET, South Ozone Park, NY, USA",0.8,fallback,129-23,143 STREET,2026-09-20T19:47:42+00:00
Queens|13-03|123 STREET,ok,4039980020,4096968,"13-03 123 STREET, College Point, NY, USA",0.8,fallback,13-03,123 STREET,2026-09-20T19:47:42+00:00
Queens|130-05|101 AVENUE,ok,4094760029,4200225,"130-05 101 AVENUE, Richmond Hill, NY, USA",0.8,fallback,130-05,101 AVENUE,2026-09-20T19:47:42+00:00
Queens|130-05|125 STREET,ok,4117630031,4255321,"130-05 125 STREET, South Ozone Park, NY, USA",0.8,fallback,130-05,125 STREET,2026-09-20T19:47:43+00:00
Queens|130-11|116 AVENUE,ok,4116730036,4252369,"130-11 116 AVENUE, South Ozone Park, NY, USA",0.8,fallback,130-11,116 AVENUE,2026-09-20T19:47:43+00:00
Queens|130-15|177 STREET,ok,4125390029,4270418,"130-15 177 STREET, Jamaica, NY, USA",0.8,fallback,130-15,177 STREET,2026-09-20T19:47:43+00:00
Queens|130-15|SUTTER AVENUE,ok,4117540003,4254897,"130-15 SUTTER AVENUE, South Ozone Park, NY, USA",0.8,fallback,130-15,SUTTER AVENUE,2026-09-20T19:47:43+00:00
Queens|130-16|167 STREET,mismatch,,,"130 WEST 167 STREET, Bronx, NY, USA",,,130,WEST 167 STREET,2026-09-20T19:47:43+00:00
Queens|130-44|129 STREET,ok,4117660057,4255417,"130-44 129 STREET, South Ozone Park, NY, USA",0.8,fallback,130-44,129 STREET,2026-09-20T19:47:43+00:00
Queens|131-02|142 STREET,ok,4120760020,4000000,"131-02 142 STREET, South Ozone Park, NY, USA",0.8,fallback,131-02,142 STREET,2026-09-20T19:47:43+00:00
Queens|132-03|RUBY STREET,mismatch,,,"132-29 RUBY STREET, Howard Beach, NY, USA",,,132-29,RUBY STREET,2026-09-20T19:47:43+00:00
Queens|132-05|AVERY AVENUE,ok,4051040063,4115165,"132-05 AVERY AVENUE, Flushing, NY, USA",0.8,fallback,132-05,AVERY AVENUE,2026-09-20T19:47:43+00:00
Queens|132-11|76 STREET,mismatch,,,"132-02 76 STREET, Howard Beach, NY, USA",,,132-02,76 STREET,2026-09-20T19:47:43+00:00
Queens|132-11|BENNET COURT,mismatch,,,"132-11 BENNETT COURT, Springfield Gardens, NY, USA",,,132-11,BENNETT COURT,2026-09-20T19:47:43+00:00
Queens|132-15|RUBY STREET,ok,4113370048,4000000,"132-15 RUBY STREET, Howard Beach, NY, USA",0.8,fallback,132-15,RUBY STREET,2026-09-20T19:47:43+00:00
Queens|132-25|MAPLE AVENUE,ok,4051010061,4443469,"132-25 MAPLE AVENUE, Flushing, NY, USA",0.8,fallback,132-25,MAPLE AVENUE,2026-09-20T19:47:43+00:00
Queens|132-27|41 ROAD,ok,4050397512,4619102,"132-27 41 ROAD, Flushing, NY, USA",0.8,fallback,132-27,41 ROAD,2026-09-20T19:47:43+00:00
Queens|132-35|SANFORD AVENUE,ok,4050400006,4114213,"132-35 SANFORD AVENUE, Flushing, NY, USA",0.8,fallback,132-35,SANFORD AVENUE,2026-09-20T19:47:43+00:00
Queens|132-39|AVERY AVENUE,ok,4051040049,4115152,"132-39 AVERY AVENUE, Flushing, NY, USA",0.8,fallback,132-39,AVERY AVENUE,2026-09-20T19:47:43+00:00
Queens|132-44|87 STREET,ok,4113490028,4000000,"132-44 87 STREET, Ozone Park, NY, USA",0.8,fallback,132-44,87 STREET,2026-09-20T19:47:44+00:00
Queens|133-10|AMBER STREET,mismatch,,,"133-43 AMBER STREET, Howard Beach, NY, USA",,,133-43,AMBER STREET,2026-09-20T19:51:13+00:00
Queens|133-15|130 STREET,ok,4117890025,4256178,"133-15 130 STREET, South Ozone Park, NY, USA",0.8,fallback,133-15,130 STREET,2026-09-20T19:51:13+00:00
Queens|133-17|130 STREET,ok,4117890024,4622942,"133-17 130 STREET, South Ozone Park, NY, USA",0.8,fallback,133-17,130 STREET,2026-09-20T19:51:13+00:00
Queens|133-17|SANFORD AVENUE,ok,4050427505,4114279,"133-17 SANFORD AVENUE, Flushing, NY, USA",0.8,fallback,133-17,SANFORD AVENUE,2026-09-20T19:47:44+00:00
Queens|133-18|78 STREET,mismatch,,,"133-18 GAR 78 STREET, Howard Beach, NY, USA",,,133-18 GAR,78 STREET,2026-09-20T19:47:44+00:00
Queens|133-18|GARAGE 78 STREET,mismatch,,,"133-18 GAR 78 STREET, Howard Beach, NY, USA",,,133-18 GAR,78 STREET,2026-09-20T19:47:44+00:00
Queens|133-18|GUY BREWER BOULEVARD,ok,4122870042,4266382,"133-18 GUY BREWER BOULEVARD, Jamaica, NY, USA",0.8,fallback,133-18,GUY BREWER BOULEVARD,2026-09-20T19:47:44+00:00
Queens|133-20|ROCKAWAY BOULEVARD,ok,4117570055,4311354,"133-20 ROCKAWAY BOULEVARD, South Ozone Park, NY, USA",0.8,fallback,133-20,ROCKAWAY BOULEVARD,2026-09-20T19:47:44+00:00
Queens|133-24|AMBER STREET,ok,4113560017,4000000,"133-24 AMBER STREET, Howard Beach, NY, USA",0.8,fallback,133-24,AMBER STREET,2026-09-20T19:47:44+00:00
Queens|133-24|EMERALD STREET,ok,4113550021,4000000,"133-24 EMERALD STREET, Howard Beach, NY, USA",0.8,fallback,133-24,EMERALD STREET,2026-09-20T19:47:44+00:00
Queens|133-27|78 STREET,mismatch,,,"133-24 78 STREET, Howard Beach, NY, USA",,,133-24,78 STREET,2026-09-20T19:47:44+00:00
Queens|133-28|78 STREET,ok,4113570019,4000000,"133-28 78 STREET, Howard Beach, NY, USA",0.8,fallback,133-28,78 STREET,2026-09-20T19:47:44+00:00
Queens|133-30|AMBER STREET,ok,4113560021,4245382,"133-30 AMBER STREET, Howard Beach, NY, USA",0.8,fallback,133-30,AMBER STREET,2026-09-20T19:47:44+00:00
Queens|133-32|41 AVENUE,ok,4050417503,4312190,"133-32 41 AVENUE, Flushing, NY, USA",0.8,fallback,133-32,41 AVENUE,2026-09-20T19:47:44+00:00
Queens|133-35|76 STREET,ok,4113560042,4000000,"133-35 76 STREET, Howard Beach, NY, USA",0.8,fallback,133-35,76 STREET,2026-09-20T19:47:44+00:00
Queens|133-46|EMERALD STREET,ok,4113550029,4000000,"133-46 EMERALD STREET, Howard Beach, NY, USA",0.8,fallback,133-46,EMERALD STREET,2026-09-20T19:47:44+00:00
Queens|133-47|RUBY STREET,ok,4113550019,4000000,"133-47 RUBY STREET, Howard Beach, NY, USA",0.8,fallback,133-47,RUBY STREET,2026-09-20T19:47:44+00:00
Queens|133-49|RUGY STREET,mismatch,,,"133-49 122 STREET, South Ozone Park, NY, USA",,,133-49,122 STREET,2026-09-20T19:51:13+00:00
Queens|133-56|41 ROAD,ok,4050420035,4312192,"133-56 41 ROAD, Flushing, NY, USA",0.8,fallback,133-56,41 ROAD,2026-09-20T19:47:44+00:00
Queens|133|GUY BREWER BOULEVARD,mismatch,,,"133-28 GUY BREWER BOULEVARD, Jamaica, NY, USA",,,133-28,GUY BREWER BOULEVARD,2026-09-20T19:51:13+00:00
Queens|134-01|LINDEN BOULEVARD,ok,4116380033,4251063,"134-01 LINDEN BOULEVARD, Richmond Hill, NY, USA",0.8,fallback,134-01,LINDEN BOULEVARD,2026-09-20T19:47:45+00:00
Queens|134-11|BLOSSOM AVENUE,ok,4051230092,4115420,"134-11 BLOSSOM AVENUE, Flushing, NY, USA",0.8,fallback,134-11,BLOSSOM AVENUE,2026-09-20T19:47:45+00:00
Queens|134-19|BLOSSOM AVENUE,ok,4051230089,4115417,"134-19 BLOSSOM AVENUE, Flushing, NY, USA",0.8,fallback,134-19,BLOSSOM AVENUE,2026-09-20T19:47:45+00:00
Queens|134-33|59 AVENUE,ok,4063660019,4139314,"134-33 59 AVENUE, Flushing, NY, USA",0.8,fallback,134-33,59 AVENUE,2026-09-20T19:47:45+00:00
Queens|134-34|BLOSSOM AVENUE,ok,4051240025,4115446,"134-34 BLOSSOM AVENUE, Flushing, NY, USA",0.8,fallback,134-34,BLOSSOM AVENUE,2026-09-20T19:47:45+00:00
Queens|135-08|142 STREET,ok,4120950002,4262610,"135-08 142 STREET, South Ozone Park, NY, USA",0.8,fallback,135-08,142 STREET,2026-09-20T19:47:45+00:00
Queens|135-25|142 STREET,ok,4120990015,4607474,"135-25 142 STREET, South Ozone Park, NY, USA",0.8,fallback,135-25,142 STREET,2026-09-20T19:47:45+00:00
Queens|135-36|CENTERVILLE STREET,ok,4115180192,4000000,"135-36 CENTERVILLE STREET, Ozone Park, NY, USA",0.8,fallback,135-36,CENTERVILLE STREET,2026-09-20T19:47:45+00:00
Queens|135-36|CENTREVILLE STREET,ok,4115180192,4000000,"135-36 CENTREVILLE STREET, Ozone Park, NY, USA",0.8,fallback,135-36,CENTREVILLE STREET,2026-09-20T19:47:45+00:00
Queens|135-39|14 STREET,mismatch,,,"135 14 STREET, Brooklyn, NY, USA",,,135,14 STREET,2026-09-20T19:51:13+00:00
Queens|135-40|126 STREET,ok,4118590051,4000000,"135-40 126 STREET, South Ozone Park, NY, USA",0.8,fallback,135-40,126 STREET,2026-09-20T19:47:45+00:00
Queens|136-02|35 AVENUE,ok,4049600008,4112150,"136-02 35 AVENUE, Flushing, NY, USA",0.8,fallback,136-02,35 AVENUE,2026-09-20T19:47:45+00:00
Queens|136|MAPLE AVENUE,mismatch,,,"136-35 MAPLE AVENUE, Flushing, NY, USA",,,136-35,MAPLE AVENUE,2026-09-20T19:47:45+00:00
Queens|137-11|131 AVENUE,ok,4120730416,4262200,"137-11 131 AVENUE, South Ozone Park, NY, USA",0.8,fallback,137-11,131 AVENUE,2026-09-20T19:47:45+00:00
Queens|137-19|97 AVENUE,ok,4100030095,4214059,"137-19 97 AVENUE, Jamaica, NY, USA",0.8,fallback,137-19,97 AVENUE,2026-09-20T19:47:45+00:00
Queens|137-27|SAPHIRE STREET,mismatch,,,"137-27 THURSTON STREET, Springfield Gardens, NY, USA",,,137-27,THURSTON STREET,2026-09-20T19:47:46+00:00
Queens|137-37|SAPPHIRE STREET,ok,4113840037,4000000,"137-37 SAPPHIRE STREET, Howard Beach, NY, USA",0.8,fallback,137-37,SAPPHIRE STREET,2026-09-20T19:51:13+00:00
Queens|137-38|76 AVENUE,ok,4066060037,4142983,"137-38 76 AVENUE, Kew Gardens Hills, NY, USA",0.8,fallback,137-38,76 AVENUE,2026-09-20T19:47:46+00:00
Queens|137-54|KALMIA AVENUE,ok,4051500023,4116547,"137-54 KALMIA AVENUE, Flushing, NY, USA",0.8,fallback,137-54,KALMIA AVENUE,2026-09-20T19:47:46+00:00
Queens|137-57|JUNIPER AVENUE,ok,4051480048,4541607,"137-57 JUNIPER AVENUE, Flushing, NY, USA",0.8,fallback,137-57,JUNIPER AVENUE,2026-09-20T19:47:46+00:00
Queens|137-61|LABURNUM AVENUE,ok,4051500035,4116556,"137-61 LABURNUM AVENUE, Flushing, NY, USA",0.8,fallback,137-61,LABURNUM AVENUE,2026-09-20T19:47:46+00:00
Queens|138-02|106 AVENUE,ok,4100390026,4214666,"138-02 106 AVENUE, Jamaica, NY, USA",0.8,fallback,138-02,106 AVENUE,2026-09-20T19:47:46+00:00
Queens|138-12|76 AVENUE,ok,4066060045,4142991,"138-12 76 AVENUE, Kew Gardens Hills, NY, USA",0.8,fallback,138-12,76 AVENUE,2026-09-20T19:47:46+00:00
Queens|138-22|ELDER AVENUE,ok,4051450140,4116419,"138-22 ELDER AVENUE, Flushing, NY, USA",0.8,fallback,138-22,ELDER AVENUE,2026-09-20T19:47:46+00:00
Queens|138-35|39 AVENUE,ok,4049787502,4607310,"138-35 39 AVENUE, Flushing, NY, USA",0.8,fallback,138-35,39 AVENUE,2026-09-20T19:47:46+00:00
Queens|138-40|97 AVENUE,ok,4100110007,4214215,"138-40 97 AVENUE, Jamaica, NY, USA",0.8,fallback,138-40,97 AVENUE,2026-09-20T19:47:46+00:00
Queens|139-44|87 AVENUE,ok,4097000010,4207224,"139-44 87 AVENUE, Briarwood, NY, USA",0.8,fallback,139-44,87 AVENUE,2026-09-20T19:47:46+00:00
Queens|139|35 AVENUE,mismatch,,,"139-35 35 AVENUE, Flushing, NY, USA",,,139-35,35 AVENUE,2026-09-20T19:47:46+00:00
Queens|14-22|150 STREET,ok,4046600050,4105623,"14-22 150 STREET, Whitestone, NY, USA",0.8,fallback,14-22,150 STREET,2026-09-20T19:47:46+00:00
Queens|14-27|28 AVENUE,ok,4005390014,4624309,"14-27 28 AVENUE, Astoria, NY, USA",0.8,fallback,14-27,28 AVENUE,2026-09-20T19:47:46+00:00
Queens|14-28|PINSON STREET,ok,4156510022,4299415,"14-28 PINSON STREET, Bayswater, NY, USA",0.8,fallback,14-28,PINSON STREET,2026-09-20T19:47:46+00:00
Queens|14-43|31 AVENUE,ok,4005340007,4619752,"14-43 31 AVENUE, Astoria, NY, USA",0.8,fallback,14-43,31 AVENUE,2026-09-20T19:47:47+00:00
Queens|14-45|29 AVENUE,ok,4005380002,4000000,"14-45 29 AVENUE, Astoria, NY, USA",0.8,fallback,14-45,29 AVENUE,2026-09-20T19:47:47+00:00
Queens|140-14|FRANKLIN AVENUE,mismatch,,,"140 FRANKLIN AVENUE, Brooklyn, NY, USA",,,140,FRANKLIN AVENUE,2026-09-20T19:47:47+00:00
Queens|140-24|149 STREET,mismatch,,,"140 EAST 149 STREET, Bronx, NY, USA",,,140,EAST 149 STREET,2026-09-20T19:47:47+00:00
Queens|140-26|30 DRIVE,mismatch,,,"25-26 30 DRIVE, Astoria, NY, USA",,,25-26,30 DRIVE,2026-09-20T19:47:47+00:00
Queens|140-46|BASCOM AVENUE,ok,4120570058,4261811,"140-46 BASCOM AVENUE, South Ozone Park, NY, USA",0.8,fallback,140-46,BASCOM AVENUE,2026-09-20T19:47:47+00:00
Queens|14027|28 AVENUE,mismatch,,,"216-28 28 AVENUE, Bayside, NY, USA",,,216-28,28 AVENUE,2026-09-20T19:47:47+00:00
Queens|141-03|HOLLY AVENUE,ok,4052010021,4117403,"141-03 HOLLY AVENUE, Flushing, NY, USA",0.8,fallback,141-03,HOLLY AVENUE,2026-09-20T19:47:47+00:00
Queens|141-18|250 STREET,ok,4135950044,4289046,"141-18 250 STREET, Rosedale, NY, USA",0.8,fallback,141-18,250 STREET,2026-09-20T19:47:47+00:00
Queens|142-01|41 AVENUE,ok,4050210001,4113627,"142-01 41 AVENUE, Flushing, NY, USA",0.8,fallback,142-01,41 AVENUE,2026-09-20T19:47:47+00:00
Queens|142-20|SANFORD AVENUE,ok,4051810126,4117045,"142-20 SANFORD AVENUE, Flushing, NY, USA",0.8,fallback,142-20,SANFORD AVENUE,2026-09-20T19:47:47+00:00
Queens|142-33|127 AVENUE,mismatch,,,"174-33 127 AVENUE, Jamaica, NY, USA",,,174-33,127 AVENUE,2026-09-20T19:47:47+00:00
Queens|143-12|224 STREET,ok,4130860049,4000000,"143-12 224 STREET, Springfield Gardens, NY, USA",0.8,fallback,143-12,224 STREET,2026-09-20T19:47:47+00:00
Queens|143-25|84 AVENUE,ok,4097380150,4314916,"143-25 84 AVENUE, Briarwood, NY, USA",0.8,fallback,143-25,84 AVENUE,2026-09-20T19:47:47+00:00
Queens|143-56|229 STREET,ok,4135060183,4287460,"143-56 229 STREET, Springfield Gardens, NY, USA",0.8,fallback,143-56,229 STREET,2026-09-20T19:47:47+00:00
Queens|144-12|106 AVENUE,ok,4100450005,4214824,"144-12 106 AVENUE, Jamaica, NY, USA",0.8,fallback,144-12,106 AVENUE,2026-09-20T19:47:47+00:00
Queens|144-19|106 AVENUE,ok,4100440024,4214814,"144-19 106 AVENUE, Jamaica, NY, USA",0.8,fallback,144-19,106 AVENUE,2026-09-20T19:47:48+00:00
Queens|144-22|COOLIDGE AVENUE,ok,4097390118,4208497,"144-22 COOLIDGE AVENUE, Briarwood, NY, USA",0.8,fallback,144-22,COOLIDGE AVENUE,2026-09-20T19:47:48+00:00
Queens|144-32|130 STREET,mismatch,,,"144 WEST 130 STREET, New York, NY, USA",,,144,WEST 130 STREET,2026-09-20T19:51:13+00:00
Queens|144-52|225 STREET,ok,4134940097,4287152,"144-52 225 STREET, Springfield Gardens, NY, USA",0.8,fallback,144-52,225 STREET,2026-09-20T19:47:48+00:00
Queens|145-08|GUY R BREWER BOULEVARD,ok,4132940007,4311508,"145-08 GUY R BREWER BOULEVARD, Springfield Gardens, NY, USA",0.8,fallback,145-08,GUY R BREWER BOULEVARD,2026-09-20T19:47:48+00:00
Queens|145-13|FOCH BOULEVARD,ok,4120040227,4260254,"145-13 FOCH BOULEVARD, Jamaica, NY, USA",0.8,fallback,145-13,FOCH BOULEVARD,2026-09-20T19:47:48+00:00
Queens|145-59|FARMER'S BOULEVARD,mismatch,,,"145-59 SPGFIELD BOULEVARD, Cambria Heights, NY, USA",,,145-59,SPGFIELD BOULEVARD,2026-09-20T19:47:48+00:00
Queens|145-59|FARMERS BOULEVARD,ok,4133320131,4435407,"145-59 FARMERS BOULEVARD, Springfield Gardens, NY, USA",0.8,fallback,145-59,FARMERS BOULEVARD,2026-09-20T19:47:48+00:00
Queens|146-18|JAMAICA AVENUE,ok,4099870013,4213896,"146-18 JAMAICA AVENUE, Jamaica, NY, USA",0.8,fallback,146-18,JAMAICA AVENUE,2026-09-20T19:47:48+00:00
Queens|146-26|20 ROAD,ok,4046330016,4104885,"146-26 20 ROAD, Whitestone, NY, USA",0.8,fallback,146-26,20 ROAD,2026-09-20T19:47:48+00:00
Queens|146-33|HOLLY AVENUE,ok,4052070039,4117591,"146-33 HOLLY AVENUE, Flushing, NY, USA",0.8,fallback,146-33,HOLLY AVENUE,2026-09-20T19:47:48+00:00
Queens|146-39|106 AVENUE,ok,4100560027,4215008,"146-39 106 AVENUE, Jamaica, NY, USA",0.8,fallback,146-39,106 AVENUE,2026-09-20T19:47:48+00:00
Queens|146|BEACH 59 STREET,ok,4159260001,4459305,"146 BEACH 59 STREET, Arverne, NY, USA",0.8,fallback,146,BEACH 59 STREET,2026-09-20T19:47:48+00:00
Queens|147-02|76 ROAD,ok,4066860001,4000000,"147-02 76 ROAD, Kew Gardens Hills, NY, USA",0.8,fallback,147-02,76 ROAD,2026-09-20T19:47:48+00:00
Queens|147-07|72 DRIVE,ok,4066800032,4144433,"147-07 72 DRIVE, Kew Gardens Hills, NY, USA",0.8,fallback,147-07,72 DRIVE,2026-09-20T19:47:48+00:00
Queens|147-11|35 AVENUE,ok,4049960011,4113051,"147-11 35 AVENUE, Flushing, NY, USA",0.8,fallback,147-11,35 AVENUE,2026-09-20T19:47:48+00:00
Queens|147-14|84 ROAD,ok,4097400142,4208536,"147-14 84 ROAD, Briarwood, NY, USA",0.8,fallback,147-14,84 ROAD,2026-09-20T19:47:48+00:00
Queens|147-21|18 AVENUE,ok,4046510013,4000000,"147-21 18 AVENUE, Whitestone, NY, USA",0.8,fallback,147-21,18 AVENUE,2026-09-20T19:47:49+00:00
Queens|147-27|JEWEL AVENUE,ok,4066450055,4143910,"147-27 JEWEL AVENUE, Kew Gardens Hills, NY, USA",0.8,fallback,147-27,JEWEL AVENUE,2026-09-20T19:47:49+00:00
Queens|148-49|87 ROAD,ok,4097050039,4207446,"148-49 87 ROAD, Briarwood, NY, USA",0.8,fallback,148-49,87 ROAD,2026-09-20T19:47:49+00:00
Queens|148-52|87 ROAD,ok,4097040025,4207405,"148-52 87 ROAD, Briarwood, NY, USA",0.8,fallback,148-52,87 ROAD,2026-09-20T19:47:49+00:00
Queens|149-03|ARCHER AVENUE,ok,4099970097,4596365,"149-03 ARCHER AVENUE, Jamaica, NY, USA",0.8,fallback,149-03,ARCHER AVENUE,2026-09-20T19:51:13+00:00
Queens|149-08|ARCHER AVENUE,ok,4099980110,4619928,"149-08 ARCHER AVENUE, Jamaica, NY, USA",0.8,fallback,149-08,ARCHER AVENUE,2026-09-20T19:47:49+00:00
Queens|149-11|ARCHER AVENUE,ok,4099970097,4000000,"149-11 ARCHER AVENUE, Jamaica, NY, USA",0.8,fallback,149-11,ARCHER AVENUE,2026-09-20T19:47:49+00:00
Queens|149-45|24 AVENUE,mismatch,,,"149-11 24 AVENUE, Whitestone, NY, USA",,,149-11,24 AVENUE,2026-09-20T19:47:49+00:00
Queens|150-13|89 AVENUE,ok,4096950014,4438669,"150-13 89 AVENUE, Jamaica, NY, USA",0.8,fallback,150-13,89 AVENUE,2026-09-20T19:47:49+00:00
Queens|150-20|CENTERVILLE STREET,ok,4115490012,4000000,"150-20 CENTERVILLE STREET, Ozone Park, NY, USA",0.8,fallback,150-20,CENTERVILLE STREET,2026-09-20T19:47:49+00:00
Queens|150-21|COOLIDGE AVENUE,ok,4067170122,4145730,"150-21 COOLIDGE AVENUE, Briarwood, NY, USA",0.8,fallback,150-21,COOLIDGE AVENUE,2026-09-20T19:47:49+00:00
Queens|150-35|34 AVENUE,ok,4049920046,4112936,"150-35 34 AVENUE, Flushing, NY, USA",0.8,fallback,150-35,34 AVENUE,2026-09-20T19:47:49+00:00
Queens|152-09|136 AVENUE,ok,4121360050,4622921,"152-09 136 AVENUE, Jamaica, NY, USA",0.8,fallback,152-09,136 AVENUE,2026-09-20T19:47:49+00:00
Queens|152-11|136 AVENUE,ok,4121360047,4623096,"152-11 136 AVENUE, Jamaica, NY, USA",0.8,fallback,152-11,136 AVENUE,2026-09-20T19:47:49+00:00
Queens|153-25|HILLSIDE AVENUE,ok,4097060058,4447019,"153-25 HILLSIDE AVENUE, Briarwood, NY, USA",0.8,fallback,153-25,HILLSIDE AVENUE,2026-09-20T19:47:49+00:00
Queens|153-40|HILLSIDE AVENUE,ok,4097630031,4208929,"153-40 HILLSIDE AVENUE, Jamaica, NY, USA",0.8,fallback,153-40,HILLSIDE AVENUE,2026-09-20T19:47:50+00:00
Queens|153-82|SOUTH CONDUIT AVENUE,ok,4150020025,4000000,"153-82 SOUTH CONDUIT AVENUE, Springfield Gardens, NY, USA",0.8,fallback,153-82,SOUTH CONDUIT AVENUE,2026-09-20T19:47:50+00:00
Queens|154-19|NORTHERN BOULEVARD,ok,4052650001,4119173,"154-19 NORTHERN BOULEVARD, Flushing, NY, USA",0.8,fallback,154-19,NORTHERN BOULEVARD,2026-09-20T19:47:50+00:00
Queens|155-06|SOUTH CONDUIT AVENUE,ok,4150080033,4441546,"155-06 SOUTH CONDUIT AVENUE, Springfield Gardens, NY, USA",0.8,fallback,155-06,SOUTH CONDUIT AVENUE,2026-09-20T19:47:50+00:00
Queens|155-35|LINDEN BOULEVARD,ok,4121720066,4263830,"155-35 LINDEN BOULEVARD, Jamaica, NY, USA",0.8,fallback,155-35,LINDEN BOULEVARD,2026-09-20T19:47:50+00:00
Queens|155-37|100 STREET,ok,4141430042,4294770,"155-37 100 STREET, Howard Beach, NY, USA",0.8,fallback,155-37,100 STREET,2026-09-20T19:47:50+00:00
Queens|1550|WHITE PLAINS ROAD,mismatch,,,"1550 WHITE PLAINS ROAD, Bronx, NY, USA",,,1550,WHITE PLAINS ROAD,2026-09-20T19:47:50+00:00
Queens|156-01|45 AVENUE,ok,4054140077,4122189,"156-01 45 AVENUE, Flushing, NY, USA",0.8,fallback,156-01,45 AVENUE,2026-09-20T19:47:50+00:00
Queens|159-17|MEYER AVENUE,ok,4121780082,4263962,"159-17 MEYER AVENUE, Jamaica, NY, USA",0.8,fallback,159-17,MEYER AVENUE,2026-09-20T19:47:50+00:00
Queens|16-14|BLAKE AVENUE,mismatch,,,"16 BLAKE AVENUE, Brooklyn, NY, USA",,,16,BLAKE AVENUE,2026-09-20T19:47:50+00:00
Queens|161-08|BAISLEY BOULEVARD,ok,4122690007,4467495,"161-08 BAISLEY BOULEVARD, Jamaica, NY, USA",0.8,fallback,161-08,BAISLEY BOULEVARD,2026-09-20T19:47:50+00:00
Queens|1616|SUMMERFIELD STREET,ok,4035550012,4618935,"1616 SUMMERFIELD STREET, Ridgewood, NY, USA",0.8,fallback,1616,SUMMERFIELD STREET,2026-09-20T19:47:50+00:00
Queens|162-01|85 AVENUE,ok,4097860047,4209413,"162-01 85 AVENUE, Jamaica Hills, NY, USA",0.8,fallback,162-01,85 AVENUE,2026-09-20T19:47:50+00:00
Queens|162-16|UNION TURNPIKE,ok,4068570053,4148494,"162-16 UNION TURNPIKE, Jamaica Estates, NY, USA",0.8,fallback,162-16,UNION TURNPIKE,2026-09-20T19:47:50+00:00
Queens|167-36|145 AVENUE,ok,4132850073,4000000,"167-36 145 AVENUE, Springfield Gardens, NY, USA",0.8,fallback,167-36,145 AVENUE,2026-09-20T19:47:50+00:00
Queens|169-17|107 AVENUE,ok,4102380054,4617441,"169-17 107 AVENUE, Jamaica, NY, USA",0.8,fallback,169-17,107 AVENUE,2026-09-20T19:47:51+00:00
Queens|170-20|90 AVENUE,ok,4098040039,4314921,"170-20 90 AVENUE, Jamaica, NY, USA",0.8,fallback,170-20,90 AVENUE,2026-09-20T19:47:51+00:00
Queens|170-39|HENLEY ROAD,ok,4098810042,4211224,"170-39 HENLEY ROAD, Jamaica Estates, NY, USA",0.8,fallback,170-39,HENLEY ROAD,2026-09-20T19:47:51+00:00
Queens|173-10|108 AVENUE,mismatch,,,"173-19 108 AVENUE, Jamaica, NY, USA",,,173-19,108 AVENUE,2026-09-20T19:47:51+00:00
Queens|173-12|89 AVENUE,ok,4098280042,4532691,"173-12 89 AVENUE, Jamaica, NY, USA",0.8,fallback,173-12,89 AVENUE,2026-09-20T19:47:51+00:00
Queens|177-11|136 AVENUE,ok,4129900049,4279802,"177-11 136 AVENUE, Springfield Gardens, NY, USA",0.8,fallback,177-11,136 AVENUE,2026-09-20T19:47:51+00:00
Queens|179-12|146 ROAD,ok,4133510054,4285949,"179-12 146 ROAD, Springfield Gardens, NY, USA",0.8,fallback,179-12,146 ROAD,2026-09-20T19:47:51+00:00
Queens|179-30|142 AVENUE,ok,4130490060,4280649,"179-30 142 AVENUE, Springfield Gardens, NY, USA",0.8,fallback,179-30,142 AVENUE,2026-09-20T19:47:51+00:00
Queens|179-46|HILLSIDE AVENUE,ok,4099150039,4212337,"179-46 HILLSIDE AVENUE, Jamaica, NY, USA",0.8,fallback,179-46,HILLSIDE AVENUE,2026-09-20T19:47:51+00:00
Queens|179-48|TUDOR ROAD,ok,4072390022,4155720,"179-48 TUDOR ROAD, Jamaica Estates, NY, USA",0.8,fallback,179-48,TUDOR ROAD,2026-09-20T19:47:51+00:00
Queens|1813|BLEECKER STREET,ok,4034340053,4082011,"1813 BLEECKER STREET, Ridgewood, NY, USA",0.8,fallback,1813,BLEECKER STREET,2026-09-20T19:47:51+00:00
Queens|185-16|56 AVENUE,ok,4056710006,4128158,"185-16 56 AVENUE, Fresh Meadows, NY, USA",0.8,fallback,185-16,56 AVENUE,2026-09-20T19:47:51+00:00
Queens|185-19|UNION TURNPIKE,ok,4072020036,4000000,"185-19 UNION TURNPIKE, Fresh Meadows, NY, USA",0.8,fallback,185-19,UNION TURNPIKE,2026-09-20T19:47:51+00:00
Queens|187-20|GRAND CENTRAL PARKWAY,ok,4099690007,4213633,"187-20 GRAND CENTRAL PARKWAY, Jamaica Estates, NY, USA",0.8,fallback,187-20,GRAND CENTRAL PARKWAY,2026-09-20T19:47:51+00:00
Queens|189-28|QUENCER ROAD,ok,4103880018,4458489,"189-28 QUENCER ROAD, St. Albans, NY, USA",0.8,fallback,189-28,QUENCER ROAD,2026-09-20T19:47:51+00:00
Queens|19-12|149 STREET,ok,4046530024,4105386,"19-12 149 STREET, Whitestone, NY, USA",0.8,fallback,19-12,149 STREET,2026-09-20T19:47:52+00:00
Queens|19-14|21 ROAD,ok,4008927501,4020281,"19-14 21 ROAD, Astoria, NY, USA",0.8,fallback,19-14,21 ROAD,2026-09-20T19:47:52+00:00
Queens|190-08|NASHVILLE BOULEVARD,ok,4127260040,4274104,"190-08 NASHVILLE BOULEVARD, Springfield Gardens, NY, USA",0.8,fallback,190-08,NASHVILLE BOULEVARD,2026-09-20T19:47:52+00:00
Queens|190-21|JAMAICA AVENUE,ok,4104460034,4222127,"190-21 JAMAICA AVENUE, Hollis, NY, USA",0.8,fallback,190-21,JAMAICA AVENUE,2026-09-20T19:47:52+00:00
Queens|20-08|STEINWAY STREET,ok,4008097502,4623559,"20-08 STEINWAY STREET, Astoria, NY, USA",0.8,fallback,20-08,STEINWAY STREET,2026-09-20T19:47:52+00:00
Queens|202-01|NORTHERN BOULEVARD,ok,4062630029,4000000,"202-01 NORTHERN BOULEVARD, Bayside, NY, USA",0.8,fallback,202-01,NORTHERN BOULEVARD,2026-09-20T19:47:52+00:00
Queens|203-18|116 AVENUE,ok,4110750037,4238603,"203-18 116 AVENUE, St. Albans, NY, USA",0.8,fallback,203-18,116 AVENUE,2026-09-20T19:47:52+00:00
Queens|209-28|23 AVENUE,ok,4058930049,4131225,"209-28 23 AVENUE, North Bayside, NY, USA",0.8,fallback,209-28,23 AVENUE,2026-09-20T19:47:52+00:00
Queens|21-10|30 DRIVE,mismatch,,,"21-21 30 DRIVE, Astoria, NY, USA",,,21-21,30 DRIVE,2026-09-20T19:47:52+00:00
Queens|21-22|HIMROD STREET,mismatch,,,"21 HIMROD STREET, Brooklyn, NY, USA",,,21,HIMROD STREET,2026-09-20T19:47:52+00:00
Queens|21-78|35 STREET,ok,4008307501,4442357,"21-78 35 STREET, Astoria, NY, USA",0.8,fallback,21-78,35 STREET,2026-09-20T19:47:52+00:00
Queens|210-19|RICHLAND AVENUE,ok,4077480234,4163994,"210-19 RICHLAND AVENUE, Hollis Hills, NY, USA",0.8,fallback,210-19,RICHLAND AVENUE,2026-09-20T19:47:52+00:00
Queens|213-14|UNION TURNPIKE,ok,4077870044,4613776,"213-14 UNION TURNPIKE, Hollis Hills, NY, USA",0.8,fallback,213-14,UNION TURNPIKE,2026-09-20T19:47:52+00:00
Queens|215-31|MURDOCK AVENUE,ok,4112310095,4242046,"215-31 MURDOCK AVENUE, Queens Village, NY, USA",0.8,fallback,215-31,MURDOCK AVENUE,2026-09-20T19:47:52+00:00
Queens|217-78|HEMPSTEAD AVENUE,ok,4111040018,4239248,"217-78 HEMPSTEAD AVENUE, Queens Village, NY, USA",0.8,fallback,217-78,HEMPSTEAD AVENUE,2026-09-20T19:47:53+00:00
Queens|22-11|98 STREET,ok,4010750068,4023522,"22-11 98 STREET, East Elmhurst, NY, USA",0.8,fallback,22-11,98 STREET,2026-09-20T19:47:53+00:00
Queens|22-21|33 STREET,ok,4008320022,4017003,"22-21 33 STREET, Astoria, NY, USA",0.8,fallback,22-21,33 STREET,2026-09-20T19:47:53+00:00
Queens|22-22|LEE COURT,ok,4046350028,4104956,"22-22 LEE COURT, Whitestone, NY, USA",0.8,fallback,22-22,LEE COURT,2026-09-20T19:47:53+00:00
Queens|220-10|147 AVENUE,mismatch,,,"220-32 147 AVENUE, Springfield Gardens, NY, USA",,,220-32,147 AVENUE,2026-09-20T19:47:53+00:00
Queens|220-12|147 AVENUE,ok,4134340105,4000000,"220-12 147 AVENUE, Springfield Gardens, NY, USA",0.8,fallback,220-12,147 AVENUE,2026-09-20T19:47:53+00:00
Queens|220-21|HEMPSTEAD AVENUE,ok,4107750038,4000000,"220-21 HEMPSTEAD AVENUE, Queens Village, NY, USA",0.8,fallback,220-21,HEMPSTEAD AVENUE,2026-09-20T19:47:53+00:00
Queens|2204-03|43 AVENUE,mismatch,,,"2204 43 AVENUE, Long Island City, NY, USA",,,2204,43 AVENUE,2026-09-20T19:47:53+00:00
Queens|221-24|113 STREET,mismatch,,,"221-24 113 AVENUE, Queens Village, NY, USA",,,221-24,113 AVENUE,2026-09-20T19:47:53+00:00
Queens|223-02|131 AVENUE,ok,4129330043,4278568,"223-02 131 AVENUE, Laurelton, NY, USA",0.8,fallback,223-02,131 AVENUE,2026-09-20T19:47:53+00:00
Queens|223-15|MERRICK BOULEVARD,ok,4129620085,4279310,"223-15 MERRICK BOULEVARD, Laurelton, NY, USA",0.8,fallback,223-15,MERRICK BOULEVARD,2026-09-20T19:47:53+00:00
Queens|226-04|145 AVENUE,ok,4134830017,4286879,"226-04 145 AVENUE, Springfield Gardens, NY, USA",0.8,fallback,226-04,145 AVENUE,2026-09-20T19:47:53+00:00
Queens|227-24|114 ROAD,ok,4112550011,4242695,"227-24 114 ROAD, Cambria Heights, NY, USA",1,exact,227-24,114 ROAD,2026-09-20T19:47:53+00:00
Queens|23-14|96 STREET,ok,4010890012,4023738,"23-14 96 STREET, East Elmhurst, NY, USA",0.8,fallback,23-14,96 STREET,2026-09-20T19:47:53+00:00
Queens|23-15|39 AVENUE,ok,4003890033,4625757,"23-15 39 AVENUE, Long Island City, NY, USA",0.8,fallback,23-15,39 AVENUE,2026-09-20T19:47:53+00:00
Queens|23-22|30 ROAD,ok,4005717501,4311890,"23-22 30 ROAD, Astoria, NY, USA",0.8,fallback,23-22,30 ROAD,2026-09-20T19:47:53+00:00
Queens|23-50|BROADWAY,ok,4005660148,4006565,"23-50 BROADWAY, Long Island City, NY, USA",0.8,fallback,23-50,BROADWAY,2026-09-20T19:47:54+00:00
Queens|24-15|28 STREET,ok,4008410029,4017465,"24-15 28 STREET, Astoria, NY, USA",0.8,fallback,24-15,28 STREET,2026-09-20T19:47:54+00:00
Queens|24-16|QUEENS PLAZA,ok,4004247501,4005063,"24-16 QUEENS PLAZA, Long Island City, NY, USA",0.8,fallback,24-16,QUEENS PLAZA,2026-09-20T19:47:54+00:00
Queens|24-29|23 STREET,ok,4008730128,4019176,"24-29 23 STREET, Astoria, NY, USA",0.8,fallback,24-29,23 STREET,2026-09-20T19:47:54+00:00
Queens|24-59|32 STREET,ok,4008370095,4017340,"24-59 32 STREET, Astoria, NY, USA",0.8,fallback,24-59,32 STREET,2026-09-20T19:47:54+00:00
Queens|241-04|131 AVENUE,ok,4129490022,4614552,"241-04 131 AVENUE, Rosedale, NY, USA",0.8,fallback,241-04,131 AVENUE,2026-09-20T19:47:54+00:00
Queens|2429|23 STREET,ok,4008730128,4019176,"2429 23 STREET, Astoria, NY, USA",0.8,fallback,2429,23 STREET,2026-09-20T19:51:14+00:00
Queens|243-01|132 ROAD,ok,4129810135,4279607,"243-01 132 ROAD, Rosedale, NY, USA",0.8,fallback,243-01,132 ROAD,2026-09-20T19:47:54+00:00
Queens|25-40|SHORE BOULEVARD,ok,4009057501,4438544,"25-40 SHORE BOULEVARD, Astoria, NY, USA",0.8,fallback,25-40,SHORE BOULEVARD,2026-09-20T19:47:54+00:00
Queens|25-44|MURRAY STREET,ok,4048190038,4108920,"25-44 MURRAY STREET, Flushing, NY, USA",0.8,fallback,25-44,MURRAY STREET,2026-09-20T19:47:54+00:00
Queens|25-50|82 STREET,ok,4010580031,4023288,"25-50 82 STREET, East Elmhurst, NY, USA",0.8,fallback,25-50,82 STREET,2026-09-20T19:47:54+00:00
Queens|25-66|BESSEMUND AVENUE,ok,4157340080,4300698,"25-66 BESSEMUND AVENUE, Bayswater, NY, USA",0.8,fallback,25-66,BESSEMUND AVENUE,2026-09-20T19:47:54+00:00
Queens|253-69|149 STREET,mismatch,,,"253-69 149 AVENUE, Rosedale, NY, USA",,,253-69,149 AVENUE,2026-09-20T19:47:54+00:00
Queens|259-16|79 AVENUE,ok,4086960028,4177577,"259-16 79 AVENUE, Floral Park, NY, USA",0.8,fallback,259-16,79 AVENUE,2026-09-20T19:47:54+00:00
Queens|26-01|1 STREET,ok,4009157501,4617681,"26-01 1 STREET, Astoria, NY, USA",0.8,fallback,26-01,1 STREET,2026-09-20T19:41:58+00:00
Queens|26-01|4 STREET,ok,4009090017,4625522,"26-01 4 STREET, Astoria, NY, USA",0.8,fallback,26-01,4 STREET,2026-09-20T19:47:54+00:00
Queens|26-02|1 STREET,ok,4009160010,4618772,"26-02 1 STREET, Astoria, NY, USA",0.8,fallback,26-02,1 STREET,2026-09-20T19:47:54+00:00
Queens|26-58|JACKSON AVENUE,mismatch,,,"26-26 JACKSON AVENUE, Long Island City, NY, USA",,,26-26,JACKSON AVENUE,2026-09-20T19:47:54+00:00
Queens|265-04|81 AVENUE,ok,4087400231,4178699,"265-04 81 AVENUE, Floral Park, NY, USA",0.8,fallback,265-04,81 AVENUE,2026-09-20T19:47:55+00:00
Queens|27-01|BUTLER STREET,ok,4016650001,4041464,"27-01 BUTLER STREET, East Elmhurst, NY, USA",0.8,fallback,27-01,BUTLER STREET,2026-09-20T19:47:55+00:00
Queens|27-02|HUMPHREY STREET,ok,4016600009,4041307,"27-02 HUMPHREY STREET, East Elmhurst, NY, USA",0.8,fallback,27-02,HUMPHREY STREET,2026-09-20T19:47:55+00:00
Queens|27-34|JACKSON AVENUE,ok,4002660027,4625490,"27-34 JACKSON AVENUE, Long Island City, NY, USA",0.8,fallback,27-34,JACKSON AVENUE,2026-09-20T19:47:55+00:00
Queens|271-10|GRAND CENTRAL PARKWAY,ok,4084890001,4456886,"271-10 GRAND CENTRAL PARKWAY, Glen Oaks, NY, USA",0.8,fallback,271-10,GRAND CENTRAL PARKWAY,2026-09-20T19:47:55+00:00
Queens|29-17|40 AVENUE,ok,4003990034,4623074,"29-17 40 AVENUE, Long Island City, NY, USA",0.8,fallback,29-17,40 AVENUE,2026-09-20T19:47:55+00:00
Queens|29-22|HOYT AVENUE,ok,4008380008,4440321,"29-22 HOYT AVENUE, Astoria, NY, USA",0.8,fallback,29-22,HOYT AVENUE,2026-09-20T19:47:55+00:00
Queens|3-28|BEACH 87 STREET,mismatch,,,"314 1/3 BEACH 87 STREET, Rockaway Beach, NY, USA",,,314 1/3,BEACH 87 STREET,2026-09-20T19:47:55+00:00
Queens|3-50|ST NICHOLAS AVENUE,mismatch,,,"3 ST NICHOLAS AVENUE, New York, NY, USA",,,3,ST NICHOLAS AVENUE,2026-09-20T19:51:14+00:00
Queens|30-01|NORTHERN BOULEVARD,ok,4004020010,4004861,"30-01 NORTHERN BOULEVARD, Long Island City, NY, USA",0.8,fallback,30-01,NORTHERN BOULEVARD,2026-09-20T19:47:55+00:00
Queens|30-03|85 STREET,ok,4013830004,4033225,"30-03 85 STREET, East Elmhurst, NY, USA",0.8,fallback,30-03,85 STREET,2026-09-20T19:47:55+00:00
Queens|30-11|BORDEN AVENUE,ok,4002910001,4436705,"30-11 BORDEN AVENUE, Long Island City, NY, USA",0.8,fallback,30-11,BORDEN AVENUE,2026-09-20T19:47:55+00:00
Queens|30-17|31 STREET,ok,4006150030,4607498,"30-17 31 STREET, Astoria, NY, USA",0.8,fallback,30-17,31 STREET,2026-09-20T19:47:55+00:00
Queens|30-35|68 STREET,ok,4011170026,4024524,"30-35 68 STREET, East Elmhurst, NY, USA",0.8,fallback,30-35,68 STREET,2026-09-20T19:47:55+00:00
Queens|30-41|31 STREET,ok,4006150020,4008477,"30-41 31 STREET, Astoria, NY, USA",0.8,fallback,30-41,31 STREET,2026-09-20T19:47:56+00:00
Queens|30-83|43 STREET,ok,4006970014,4011969,"30-83 43 STREET, Astoria, NY, USA",0.8,fallback,30-83,43 STREET,2026-09-20T19:47:56+00:00
Queens|305|BEACH 101 STREET,ok,4161570077,4457855,"305 BEACH 101 STREET, Rockaway Park, NY, USA",0.8,fallback,305,BEACH 101 STREET,2026-09-20T19:47:56+00:00
Queens|305|CROSS BAY BOULEVARD,ok,4153040450,4000000,"305 CROSS BAY BOULEVARD, Broad Channel, NY, USA",0.8,fallback,305,CROSS BAY BOULEVARD,2026-09-20T19:47:56+00:00
Queens|31-23|97 STREET,ok,4014090056,4034375,"31-23 97 STREET, East Elmhurst, NY, USA",0.8,fallback,31-23,97 STREET,2026-09-20T19:47:56+00:00
Queens|31-25|28 ROAD,ok,4006190140,4008647,"31-25 28 ROAD, Astoria, NY, USA",0.8,fallback,31-25,28 ROAD,2026-09-20T19:47:56+00:00
Queens|31-28|NORTHERN BOULEVARD,ok,4002390111,4543421,"31-28 NORTHERN BOULEVARD, Long Island City, NY, USA",0.8,fallback,31-28,NORTHERN BOULEVARD,2026-09-20T19:47:56+00:00
Queens|32-11|DOUGLAS ROAD,ok,4081620120,4000000,"32-11 DOUGLAS ROAD, Little Neck, NY, USA",0.8,fallback,32-11,DOUGLAS ROAD,2026-09-20T19:47:56+00:00
Queens|32-18|34 STREET,ok,4006210043,4008773,"32-18 34 STREET, Astoria, NY, USA",0.8,fallback,32-18,34 STREET,2026-09-20T19:47:56+00:00
Queens|32-20|34 STREET,ok,4006210044,4008774,"32-20 34 STREET, Astoria, NY, USA",0.8,fallback,32-20,34 STREET,2026-09-20T19:47:56+00:00
Queens|32-20|STEINWAY STREET,ok,4006560044,4010412,"32-20 STEINWAY STREET, Astoria, NY, USA",0.8,fallback,32-20,STEINWAY STREET,2026-09-20T19:47:56+00:00
Queens|32-37|LINDEN PLACE,ok,4049520001,4000000,"32-37 LINDEN PLACE, Flushing, NY, USA",0.8,fallback,32-37,LINDEN PLACE,2026-09-20T19:47:56+00:00
Queens|32-45|112 STREET,ok,4017067501,4594919,"32-45 112 STREET, East Elmhurst, NY, USA",0.8,fallback,32-45,112 STREET,2026-09-20T19:47:56+00:00
Queens|32-57|38 STREET,ok,4006560015,4618339,"32-57 38 STREET, Astoria, NY, USA",0.8,fallback,32-57,38 STREET,2026-09-20T19:47:56+00:00
Queens|32-58|105 STREET,ok,4016997501,4617794,"32-58 105 STREET, East Elmhurst, NY, USA",0.8,fallback,32-58,105 STREET,2026-09-20T19:47:56+00:00
Queens|321|BERT ROAD,ok,4153040004,4594879,"321 BERT ROAD, Broad Channel, NY, USA",0.8,fallback,321,BERT ROAD,2026-09-20T19:47:56+00:00
Queens|33-02|30 AVENUE,ok,4006250042,4009030,"33-02 30 AVENUE, Astoria, NY, USA",0.8,fallback,33-02,30 AVENUE,2026-09-20T19:47:57+00:00
Queens|33-02|SKILLMAN AVENUE,ok,4002410001,4003418,"33-02 SKILLMAN AVENUE, Sunnyside, NY, USA",0.8,fallback,33-02,SKILLMAN AVENUE,2026-09-20T19:47:57+00:00
Queens|33-13|98 STREET,ok,4017130062,4042478,"33-13 98 STREET, North Corona, NY, USA",0.8,fallback,33-13,98 STREET,2026-09-20T19:47:57+00:00
Queens|33-25|PARSONS BOULEVARD,ok,4049820004,4112700,"33-25 PARSONS BOULEVARD, Flushing, NY, USA",0.8,fallback,33-25,PARSONS BOULEVARD,2026-09-20T19:47:57+00:00
Queens|33-32|73 STREET,ok,4012450021,4028610,"33-32 73 STREET, Jackson Heights, NY, USA",0.8,fallback,33-32,73 STREET,2026-09-20T19:47:57+00:00
Queens|33-59|FARRINGTON STREET,ok,4049500011,4112003,"33-59 FARRINGTON STREET, Flushing, NY, USA",0.8,fallback,33-59,FARRINGTON STREET,2026-09-20T19:47:57+00:00
Queens|3304|93 STREET,ok,4014400001,4431415,"3304 93 STREET, Jackson Heights, NY, USA",0.8,fallback,3304,93 STREET,2026-09-20T19:51:14+00:00
Queens|3305|92 STREET,ok,4014400001,4431412,"3305 92 STREET, Jackson Heights, NY, USA",0.8,fallback,3305,92 STREET,2026-09-20T19:51:14+00:00
Queens|331|ST NICHOLAS AVENUE,ok,4034480008,4619873,"331 SAINT NICHOLAS AVENUE, Ridgewood, NY, USA",0.8,fallback,331,SAINT NICHOLAS AVENUE,2026-09-20T19:51:14+00:00
Queens|3324|93 STREET,ok,4014400001,4431416,"3324 93 STREET, Jackson Heights, NY, USA",0.8,fallback,3324,93 STREET,2026-09-20T19:51:14+00:00
Queens|3325|92 STREET,ok,4014400001,4431413,"3325 92 STREET, Jackson Heights, NY, USA",0.8,fallback,3325,92 STREET,2026-09-20T19:47:57+00:00
Queens|3344|93 STREET,ok,4014400001,4431417,"3344 93 STREET, Jackson Heights, NY, USA",0.8,fallback,3344,93 STREET,2026-09-20T19:47:57+00:00
Queens|3345|92 STREET,ok,4014400001,4431414,"3345 92 STREET, Jackson Heights, NY, USA",0.8,fallback,3345,92 STREET,2026-09-20T19:51:14+00:00
Queens|34-00|BORDEN AVENUE,ok,4003060019,4003650,"34-00 BORDEN AVENUE, Long Island City, NY, USA",0.8,fallback,34-00,BORDEN AVENUE,2026-09-20T19:47:57+00:00
Queens|34-07|148 STREET,ok,4049970021,4113098,"34-07 148 STREET, Flushing, NY, USA",0.8,fallback,34-07,148 STREET,2026-09-20T19:47:57+00:00
Queens|34-12|112 STREET,ok,4017550014,4043769,"34-12 112 STREET, North Corona, NY, USA",0.8,fallback,34-12,112 STREET,2026-09-20T19:47:57+00:00
Queens|34-20|112 STREET,ok,4017550020,4043772,"34-20 112 STREET, North Corona, NY, USA",0.8,fallback,34-20,112 STREET,2026-09-20T19:47:57+00:00
Queens|34-32|LEAVITT STREET,mismatch,,,"34-43 LEAVITT STREET, Flushing, NY, USA",,,34-43,LEAVITT STREET,2026-09-20T19:47:57+00:00
Queens|34-33|32 STREET,ok,4006090015,4008189,"34-33 32 STREET, Astoria, NY, USA",0.8,fallback,34-33,32 STREET,2026-09-20T19:47:58+00:00
Queens|34-41|85 STREET,ok,4014460045,4035593,"34-41 85 STREET, Jackson Heights, NY, USA",0.8,fallback,34-41,85 STREET,2026-09-20T19:47:58+00:00
Queens|34-49|107 STREET,ok,4017490066,4542765,"34-49 107 STREET, North Corona, NY, USA",0.8,fallback,34-49,107 STREET,2026-09-20T19:47:58+00:00
Queens|34-50|28 STREET,ok,4005830001,4007257,"34-50 28 STREET, Long Island City, NY, USA",0.8,fallback,34-50,28 STREET,2026-09-20T19:47:58+00:00
Queens|34-93|27 STREET,mismatch,,,"47-93 27 STREET, Long Island City, NY, USA",,,47-93,27 STREET,2026-09-20T19:47:58+00:00
Queens|35-01|36 AVENUE,ok,4006390001,4623341,"35-01 36 AVENUE, Astoria, NY, USA",0.8,fallback,35-01,36 AVENUE,2026-09-20T19:47:58+00:00
Queens|35-17|31 AVENUE,ok,4006500002,4009892,"35-17 31 AVENUE, Astoria, NY, USA",0.8,fallback,35-17,31 AVENUE,2026-09-20T19:47:58+00:00
Queens|35-20|146 STREET,ok,4050037503,4618853,"35-20 146 STREET, Flushing, NY, USA",0.8,fallback,35-20,146 STREET,2026-09-20T19:47:58+00:00
Queens|35-20|LEAVITT STREET,ok,4049600028,4623807,"35-20 LEAVITT STREET, Flushing, NY, USA",0.8,fallback,35-20,LEAVITT STREET,2026-09-20T19:47:58+00:00
Queens|35-30|81 STREET,ok,4012800012,4029674,"35-30 81 STREET, Jackson Heights, NY, USA",0.8,fallback,35-30,81 STREET,2026-09-20T19:47:58+00:00
Queens|35-34|102 STREET,ok,4017420020,4043289,"35-34 102 STREET, North Corona, NY, USA",0.8,fallback,35-34,102 STREET,2026-09-20T19:47:58+00:00
Queens|35-47|72 STREET,ok,4012720053,4029543,"35-47 72 STREET, Jackson Heights, NY, USA",0.8,fallback,35-47,72 STREET,2026-09-20T19:47:58+00:00
Queens|35-55|165 STREET,ok,4052890014,4119605,"35-55 165 STREET, Flushing, NY, USA",0.8,fallback,35-55,165 STREET,2026-09-20T19:47:58+00:00
Queens|36-08|24 AVENUE,ok,4008170014,4000000,"36-08 24 AVENUE, Astoria, NY, USA",0.8,fallback,36-08,24 AVENUE,2026-09-20T19:47:58+00:00
Queens|36-24|169 STREET,ok,4052950012,4119737,"36-24 169 STREET, Flushing, NY, USA",0.8,fallback,36-24,169 STREET,2026-09-20T19:47:58+00:00
Queens|36-43|31 STREET,ok,4006000008,4000000,"36-43 31 STREET, Long Island City, NY, USA",0.8,fallback,36-43,31 STREET,2026-09-20T19:47:59+00:00
Queens|36-45|PRINCE STREET,ok,4049710001,4618583,"36-45 PRINCE STREET, Flushing, NY, USA",0.8,fallback,36-45,PRINCE STREET,2026-09-20T19:47:59+00:00
Queens|37-10|114 STREET,ok,4017820019,4044891,"37-10 114 STREET, North Corona, NY, USA",0.8,fallback,37-10,114 STREET,2026-09-20T19:47:59+00:00
Queens|37-13|65 STREET,ok,4012200011,4028028,"37-13 65 STREET, Woodside, NY, USA",0.8,fallback,37-13,65 STREET,2026-09-20T19:47:59+00:00
Queens|37-27|12 STREET,ok,4003620009,4000000,"37-27 12 STREET, Long Island City, NY, USA",0.8,fallback,37-27,12 STREET,2026-09-20T19:47:59+00:00
Queens|37-38|102 STREET,ok,4017670025,4044153,"37-38 102 STREET, North Corona, NY, USA",0.8,fallback,37-38,102 STREET,2026-09-20T19:47:59+00:00
Queens|37-38|78 STREET,ok,4012880027,4029895,"37-38 78 STREET, Jackson Heights, NY, USA",0.8,fallback,37-38,78 STREET,2026-09-20T19:47:59+00:00
Queens|37-50|75 STREET,ok,4012850063,4029836,"37-50 75 STREET, Jackson Heights, NY, USA",0.8,fallback,37-50,75 STREET,2026-09-20T19:47:59+00:00
Queens|37-51|75 STREET,ok,4012860011,4029842,"37-51 75 STREET, Jackson Heights, NY, USA",0.8,fallback,37-51,75 STREET,2026-09-20T19:47:59+00:00
Queens|37-56|75 STREET,ok,4012850067,4029838,"37-56 75 STREET, Jackson Heights, NY, USA",0.8,fallback,37-56,75 STREET,2026-09-20T19:47:59+00:00
Queens|3709|COLLEGE POINT BOULEVARD,ok,4049727505,4620808,"3709 COLLEGE POINT BOULEVARD, Flushing, NY, USA",0.8,fallback,3709,COLLEGE POINT BOULEVARD,2026-09-20T19:47:59+00:00
Queens|38-04|11 STREET,ok,4004740031,4619694,"38-04 11 STREET, Long Island City, NY, USA",0.8,fallback,38-04,11 STREET,2026-09-20T19:47:59+00:00
Queens|38-30|149 PLACE,ok,4050280038,4113991,"38-30 149 PLACE, Flushing, NY, USA",0.8,fallback,38-30,149 PLACE,2026-09-20T19:47:59+00:00
Queens|39-10|MAIN STREET,ok,4049760052,4112328,"39-10 MAIN STREET, Flushing, NY, USA",0.8,fallback,39-10,MAIN STREET,2026-09-20T19:47:59+00:00
Queens|39-19|GREENPOINT AVENUE,ok,4002060034,4002923,"39-19 GREENPOINT AVENUE, Sunnyside, NY, USA",0.8,fallback,39-19,GREENPOINT AVENUE,2026-09-20T19:47:59+00:00
Queens|4-19|BEACH 138 STREET,mismatch,,,"138 BEACH 4 STREET, Far Rockaway, NY, USA",,,138,BEACH 4 STREET,2026-09-20T19:48:00+00:00
Queens|4-44|47 ROAD,ok,4000190021,4594828,"4-44 47 ROAD, Long Island City, NY, USA",0.8,fallback,4-44,47 ROAD,2026-09-20T19:51:14+00:00
Queens|4-50|47 ROAD,ok,4000190025,4594829,"4-50 47 ROAD, Long Island City, NY, USA",0.8,fallback,4-50,47 ROAD,2026-09-20T19:48:00+00:00
Queens|40-10|99 STREET,ok,4016070001,4607476,"40-10 99 STREET, South Corona, NY, USA",0.8,fallback,40-10,99 STREET,2026-09-20T19:48:00+00:00
Queens|40-23|MAIN STREET,ok,4050190004,4113545,"40-23 MAIN STREET, Flushing, NY, USA",0.8,fallback,40-23,MAIN STREET,2026-09-20T19:48:00+00:00
Queens|40-29|235 STREET,ok,4080990061,4454885,"40-29 235 STREET, Douglaston, NY, USA",0.8,fallback,40-29,235 STREET,2026-09-20T19:48:00+00:00
Queens|41-06|34 AVENUE,ok,4006740017,4010927,"41-06 34 AVENUE, Long Island City, NY, USA",0.8,fallback,41-06,34 AVENUE,2026-09-20T19:48:00+00:00
Queens|41-06|34 STREET,mismatch,,,"41-06 34 AVENUE, Long Island City, NY, USA",,,41-06,34 AVENUE,2026-09-20T19:51:14+00:00
Queens|41-12|69 STREET,ok,4013080036,4607263,"41-12 69 STREET, Woodside, NY, USA",0.8,fallback,41-12,69 STREET,2026-09-20T19:48:00+00:00
Queens|41-17|UNION STREET,ok,4050460049,4312193,"41-17 UNION STREET, Flushing, NY, USA",0.8,fallback,41-17,UNION STREET,2026-09-20T19:48:00+00:00
Queens|41-18|CRESCENT STREET,ok,4004140035,4005003,"41-18 CRESCENT STREET, Long Island City, NY, USA",0.8,fallback,41-18,CRESCENT STREET,2026-09-20T19:48:00+00:00
Queens|41-18|HEIGHT STREET,mismatch,,,"18-41 41 STREET, Astoria, NY, USA",,,18-41,41 STREET,2026-09-20T19:48:00+00:00
Queens|41-19|FORLEY STREET,ok,4015120051,4037337,"41-19 FORLEY STREET, Elmhurst, NY, USA",0.8,fallback,41-19,FORLEY STREET,2026-09-20T19:48:00+00:00
Queens|41-30|66 STREET,ok,4012980075,4030239,"41-30 66 STREET, Woodside, NY, USA",0.8,fallback,41-30,66 STREET,2026-09-20T19:48:00+00:00
Queens|41-62|BOWNE STREET,ok,4051817503,4618566,"41-62 BOWNE STREET, Flushing, NY, USA",0.8,fallback,41-62,BOWNE STREET,2026-09-20T19:48:00+00:00
Queens|42-02|CRESCENT STREET,ok,4004247501,4005063,"42-02 CRESCENT STREET, Long Island City, NY, USA",0.8,fallback,42-02,CRESCENT STREET,2026-09-20T19:48:00+00:00
Queens|42-08|UNION STREET,ok,4051800041,4116930,"42-08 UNION STREET, Flushing, NY, USA",0.8,fallback,42-08,UNION STREET,2026-09-20T19:48:00+00:00
Queens|42-13|BOWNE STREET,ok,4051840066,4117134,"42-13 BOWNE STREET, Flushing, NY, USA",0.8,fallback,42-13,BOWNE STREET,2026-09-20T19:48:00+00:00
Queens|42-20|27 STREET,ok,4004230029,4617821,"42-20 27 STREET, Long Island City, NY, USA",0.8,fallback,42-20,27 STREET,2026-09-20T19:48:01+00:00
Queens|42-43|KETCHAM STREET,ok,4015070077,4037270,"42-43 KETCHAM STREET, Elmhurst, NY, USA",0.8,fallback,42-43,KETCHAM STREET,2026-09-20T19:48:01+00:00
Queens|42-50|65 PLACE,ok,4013420021,4000000,"42-50 65 PLACE, Woodside, NY, USA",0.8,fallback,42-50,65 PLACE,2026-09-20T19:48:01+00:00
Queens|42-68|79 STREET,ok,4015240040,4037944,"42-68 79 STREET, Elmhurst, NY, USA",0.8,fallback,42-68,79 STREET,2026-09-20T19:48:01+00:00
Queens|429|BEACH 28 STREET,ok,4157930013,4619214,"429 BEACH 28 STREET, Far Rockaway, NY, USA",0.8,fallback,429,BEACH 28 STREET,2026-09-20T19:51:14+00:00
Queens|43-14|QUEENS STREET,ok,4002660027,4000000,"43-14 QUEENS STREET, Long Island City, NY, USA",0.8,fallback,43-14,QUEENS STREET,2026-09-20T19:48:01+00:00
Queens|43-31|44 STREET,ok,4001610013,4001910,"43-31 44 STREET, Sunnyside, NY, USA",0.8,fallback,43-31,44 STREET,2026-09-20T19:48:01+00:00
Queens|431|BEACH 28 STREET,ok,4157930012,4619213,"431 BEACH 28 STREET, Far Rockaway, NY, USA",0.8,fallback,431,BEACH 28 STREET,2026-09-20T19:51:14+00:00
Queens|4340|NORTHERN BOULEVARD,ok,4001430500,4430172,"4340 NORTHERN BOULEVARD, Long Island City, NY, USA",0.8,fallback,4340,NORTHERN BOULEVARD,2026-09-20T19:48:01+00:00
Queens|435|BEACH 28 STREET,ok,4157930010,4619212,"435 BEACH 28 STREET, Far Rockaway, NY, USA",0.8,fallback,435,BEACH 28 STREET,2026-09-20T19:51:14+00:00
Queens|435|BEACH 43 STREET,ok,4159650100,4302236,"435 BEACH 43 STREET, Edgemere, NY, USA",0.8,fallback,435,BEACH 43 STREET,2026-09-20T19:48:01+00:00
Queens|436|BEACH 29 STREET,ok,4157930050,4619215,"436 BEACH 29 STREET, Far Rockaway, NY, USA",0.8,fallback,436,BEACH 29 STREET,2026-09-20T19:51:14+00:00
Queens|437|BEACH 28 STREET,ok,4157930009,4619211,"437 BEACH 28 STREET, Far Rockaway, NY, USA",0.8,fallback,437,BEACH 28 STREET,2026-09-20T19:48:01+00:00
Queens|45-30|163 STREET,ok,4054410055,4123272,"45-30 163 STREET, Flushing, NY, USA",0.8,fallback,45-30,163 STREET,2026-09-20T19:48:01+00:00
Queens|45-37|211 STREET,ok,4073140004,4618380,"45-37 211 STREET, Bayside, NY, USA",0.8,fallback,45-37,211 STREET,2026-09-20T19:48:01+00:00
Queens|455|ONDERDONK AVENUE,ok,4034030009,4081279,"455 ONDERDONK AVENUE, Ridgewood, NY, USA",0.8,fallback,455,ONDERDONK AVENUE,2026-09-20T19:48:01+00:00
Queens|465|BEACH 62 STREET,ok,4160150050,4000000,"465 BEACH 62 STREET, Arverne, NY, USA",0.8,fallback,465,BEACH 62 STREET,2026-09-20T19:48:02+00:00
Queens|47-10|10 STREET,mismatch,,,"37-47 10 STREET, Long Island City, NY, USA",,,37-47,10 STREET,2026-09-20T19:48:02+00:00
Queens|47-11|90 STREET,ok,4015860010,4000000,"47-11 90 STREET, Elmhurst, NY, USA",0.8,fallback,47-11,90 STREET,2026-09-20T19:48:02+00:00
Queens|47-11|AUSTELL PLACE,ok,4000970004,4000740,"47-11 AUSTELL PLACE, Long Island City, NY, USA",0.8,fallback,47-11,AUSTELL PLACE,2026-09-20T19:48:02+00:00
Queens|47-31|99 STREET,ok,4019260032,4047341,"47-31 99 STREET, South Corona, NY, USA",0.8,fallback,47-31,99 STREET,2026-09-20T19:48:02+00:00
Queens|48-01|25 AVENUE,ok,4007460006,4014063,"48-01 25 AVENUE, Astoria, NY, USA",0.8,fallback,48-01,25 AVENUE,2026-09-20T19:48:02+00:00
Queens|48-04|GLENWOOD STREET,ok,4082630049,4000000,"48-04 GLENWOOD STREET, Little Neck, NY, USA",0.8,fallback,48-04,GLENWOOD STREET,2026-09-20T19:48:02+00:00
Queens|49-02|21 STREET,ok,4000620030,4000520,"49-02 21 STREET, Long Island City, NY, USA",0.8,fallback,49-02,21 STREET,2026-09-20T19:48:02+00:00
Queens|49-02|5 STREET,ok,4000170001,4625206,"49-02 5 STREET, Long Island City, NY, USA",0.8,fallback,49-02,5 STREET,2026-09-20T19:48:02+00:00
Queens|4|BROADWAY,ok,4142340552,4000000,"4 BROADWAY, Howard Beach, NY, USA",0.8,fallback,4,BROADWAY,2026-09-20T19:47:59+00:00
Queens|5-22|49 AVENUE,ok,4000320035,4623858,"5-22 49 AVENUE, Long Island City, NY, USA",0.8,fallback,5-22,49 AVENUE,2026-09-20T19:48:02+00:00
Queens|50-05|31 AVENUE,ok,4007520001,4014094,"50-05 31 AVENUE, Astoria, NY, USA",0.8,fallback,50-05,31 AVENUE,2026-09-20T19:48:02+00:00
Queens|50-07|5 AVENUE,mismatch,,,"50-07 5 STREET, Long Island City, NY, USA",,,50-07,5 STREET,2026-09-20T19:48:02+00:00
Queens|50-07|5 STREET,ok,4000337504,4000000,"50-07 5 STREET, Long Island City, NY, USA",0.8,fallback,50-07,5 STREET,2026-09-20T19:48:02+00:00
Queens|50-09|217 STREET,ok,4074010005,4159119,"50-09 217 STREET, Bayside, NY, USA",0.8,fallback,50-09,217 STREET,2026-09-20T19:48:03+00:00
Queens|50-16|96 STREET,ok,4018870038,4046733,"50-16 96 STREET, South Corona, NY, USA",0.8,fallback,50-16,96 STREET,2026-09-20T19:48:03+00:00
Queens|51-03|VAN DAM STREET,ok,4003050017,4003637,"51-03 VAN DAM STREET, Long Island City, NY, USA",0.8,fallback,51-03,VAN DAM STREET,2026-09-20T19:48:03+00:00
Queens|51-28|CODWISE PLACE,mismatch,,,"51-51 CODWISE PLACE, Elmhurst, NY, USA",,,51-51,CODWISE PLACE,2026-09-20T19:48:03+00:00
Queens|51-59|GORSLINE STREET,ok,4024710061,4057090,"51-59 GORSLINE STREET, Elmhurst, NY, USA",0.8,fallback,51-59,GORSLINE STREET,2026-09-20T19:48:03+00:00
Queens|52-01|102 STREET,ok,4019330052,4047546,"52-01 102 STREET, South Corona, NY, USA",0.8,fallback,52-01,102 STREET,2026-09-20T19:48:03+00:00
Queens|52-03|CENTER BOULEVARD,ok,4000067504,4618318,"52-03 CENTER BOULEVARD, Long Island City, NY, USA",0.8,fallback,52-03,CENTER BOULEVARD,2026-09-20T19:48:03+00:00
Queens|52-09|31 PLACE,ok,4003010024,4619363,"52-09 31 PLACE, Long Island City, NY, USA",0.8,fallback,52-09,31 PLACE,2026-09-20T19:48:03+00:00
Queens|52-12|72 PLACE,ok,4024830061,4057617,"52-12 72 PLACE, Maspeth, NY, USA",0.8,fallback,52-12,72 PLACE,2026-09-20T19:48:03+00:00
Queens|53-01|HASPEL STREET,ok,4028770009,4065329,"53-01 HASPEL STREET, Elmhurst, NY, USA",0.8,fallback,53-01,HASPEL STREET,2026-09-20T19:48:03+00:00
Queens|53-15|QUEENS BOULEVARD,ok,4013220039,4453815,"53-15 QUEENS BOULEVARD, Woodside, NY, USA",0.8,fallback,53-15,QUEENS BOULEVARD,2026-09-20T19:48:03+00:00
Queens|53-16|103 STREET,ok,4019410067,4047715,"53-16 103 STREET, South Corona, NY, USA",0.8,fallback,53-16,103 STREET,2026-09-20T19:48:03+00:00
Queens|53-24|35 STREET,ok,4002970035,4003575,"53-24 35 STREET, Long Island City, NY, USA",0.8,fallback,53-24,35 STREET,2026-09-20T19:48:04+00:00
Queens|54-17|ANDREWS AVENUE,ok,4026390063,4059327,"54-17 ANDREWS AVENUE, Maspeth, NY, USA",0.8,fallback,54-17,ANDREWS AVENUE,2026-09-20T19:48:04+00:00
Queens|54-75|ALMEDA AVENUE,ok,4160020001,4436446,"54-75 ALMEDA AVENUE, Edgemere, NY, USA",0.8,fallback,54-75,ALMEDA AVENUE,2026-09-20T19:48:04+00:00
Queens|54-81|ALMEDA AVENUE,ok,4160020001,4436447,"54-81 ALMEDA AVENUE, Edgemere, NY, USA",0.8,fallback,54-81,ALMEDA AVENUE,2026-09-20T19:51:14+00:00
Queens|55-11|90 STREET,mismatch,,,"55-03 90 STREET, Elmhurst, NY, USA",,,55-03,90 STREET,2026-09-20T19:48:04+00:00
Queens|56-11|136 STREET,ok,4051200042,4115329,"56-11 136 STREET, Flushing, NY, USA",0.8,fallback,56-11,136 STREET,2026-09-20T19:48:04+00:00
Queens|57-07|SHORE FRONT PARKWAY,ok,4159260001,4312847,"57-07 SHORE FRONT PARKWAY, Arverne, NY, USA",0.8,fallback,57-07,SHORE FRONT PARKWAY,2026-09-20T19:48:04+00:00
Queens|57-15|255 STREET,ok,4083450025,4172887,"57-15 255 STREET, Little Neck, NY, USA",0.8,fallback,57-15,255 STREET,2026-09-20T19:48:04+00:00
Queens|57-20|PENROD STREET,ok,4019510044,4048031,"57-20 PENROD STREET, South Corona, NY, USA",0.8,fallback,57-20,PENROD STREET,2026-09-20T19:48:04+00:00
Queens|57-28|2 STREET,ok,4000067503,4000000,"57-28 2 STREET, Long Island City, NY, USA",0.8,fallback,57-28,2 STREET,2026-09-20T19:48:04+00:00
Queens|57-41|GRANGER STREET,ok,4019510010,4048009,"57-41 GRANGER STREET, South Corona, NY, USA",0.8,fallback,57-41,GRANGER STREET,2026-09-20T19:48:04+00:00
Queens|58-02|LAUREL HILL BOULEVARD,ok,4023420009,4458441,"58-02 LAUREL HILL BOULEVARD, Maspeth, NY, USA",0.8,fallback,58-02,LAUREL HILL BOULEVARD,2026-09-20T19:48:04+00:00
Queens|58-62|262 STREET,mismatch,,,"58-18 262 STREET, Little Neck, NY, USA",,,58-18,262 STREET,2026-09-20T19:48:04+00:00
Queens|59-20|BORDEN AVENUE,ok,4026570050,4623420,"59-20 BORDEN AVENUE, Maspeth, NY, USA",0.8,fallback,59-20,BORDEN AVENUE,2026-09-20T19:48:04+00:00
Queens|59-41|MAURICE AVENUE,ok,4026570060,4059719,"59-41 MAURICE AVENUE, Maspeth, NY, USA",0.8,fallback,59-41,MAURICE AVENUE,2026-09-20T19:48:04+00:00
Queens|60-18|56 AVENUE,ok,4027030093,4060361,"60-18 56 AVENUE, Maspeth, NY, USA",0.8,fallback,60-18,56 AVENUE,2026-09-20T19:48:05+00:00
Queens|60-32|78 AVENUE,ok,4035820019,4086485,"60-32 78 AVENUE, Fresh Pond, NY, USA",0.8,fallback,60-32,78 AVENUE,2026-09-20T19:48:05+00:00
Queens|61-04|31 AVENUE,ok,4011370022,4548230,"61-04 31 AVENUE, Woodside, NY, USA",0.8,fallback,61-04,31 AVENUE,2026-09-20T19:48:05+00:00
Queens|61-15|97 STREET,ok,4020820107,4050412,"61-15 97 STREET, Rego Park, NY, USA",0.8,fallback,61-15,97 STREET,2026-09-20T19:48:05+00:00
Queens|61-25|98 STREET,ok,4020930001,4431961,"61-25 98 STREET, Rego Park, NY, USA",0.8,fallback,61-25,98 STREET,2026-09-20T19:48:05+00:00
Queens|61-56|56 DRIVE,ok,4027110071,4060614,"61-56 56 DRIVE, Maspeth, NY, USA",0.8,fallback,61-56,56 DRIVE,2026-09-20T19:48:05+00:00
Queens|62-27|108 STREET,ok,4021590002,4432109,"62-27 108 STREET, Forest Hills, NY, USA",0.8,fallback,62-27,108 STREET,2026-09-20T19:48:05+00:00
Queens|62-71|WOODHAVEN BOULEVARD,ok,4031080164,4073083,"62-71 WOODHAVEN BOULEVARD, Rego Park, NY, USA",0.8,fallback,62-71,WOODHAVEN BOULEVARD,2026-09-20T19:48:05+00:00
Queens|623|BEACH 67 STREET,ok,4160280060,4615391,"623 BEACH 67 STREET, Arverne, NY, USA",0.8,fallback,623,BEACH 67 STREET,2026-09-20T19:48:05+00:00
Queens|63-15|136 STREET,ok,4063950008,4139904,"63-15 136 STREET, Flushing, NY, USA",0.8,fallback,63-15,136 STREET,2026-09-20T19:48:05+00:00
Queens|63-21|ALDERTON STREET,ok,4031030076,4072824,"63-21 ALDERTON STREET, Rego Park, NY, USA",0.8,fallback,63-21,ALDERTON STREET,2026-09-20T19:48:05+00:00
Queens|63-31|WETHEROLE STREET,ok,4030930068,4072423,"63-31 WETHEROLE STREET, Rego Park, NY, USA",0.8,fallback,63-31,WETHEROLE STREET,2026-09-20T19:48:05+00:00
Queens|64-11|WOODSIDE AVENUE,ok,4012960072,4030138,"64-11 WOODSIDE AVENUE, Woodside, NY, USA",0.8,fallback,64-11,WOODSIDE AVENUE,2026-09-20T19:48:05+00:00
Queens|64-56|ADMIRAL AVENUE,ok,4036080082,4087442,"64-56 ADMIRAL AVENUE, Middle Village, NY, USA",0.8,fallback,64-56,ADMIRAL AVENUE,2026-09-20T19:48:05+00:00
Queens|6425|CENTRAL AVENUE,ok,4036410018,4088392,"6425 CENTRAL AVENUE, Fresh Pond, NY, USA",0.8,fallback,6425,CENTRAL AVENUE,2026-09-20T19:48:06+00:00
Queens|65-08|AUSTIN STREET,ok,4031040277,4072932,"65-08 AUSTIN STREET, Rego Park, NY, USA",0.8,fallback,65-08,AUSTIN STREET,2026-09-20T19:48:06+00:00
Queens|65-61|SAUNDERS STREET,ok,4030860040,4072164,"65-61 SAUNDERS STREET, Rego Park, NY, USA",0.8,fallback,65-61,SAUNDERS STREET,2026-09-20T19:48:06+00:00
Queens|66-17|AUSTIN STREET,ok,4031560098,4074647,"66-17 AUSTIN STREET, Rego Park, NY, USA",0.8,fallback,66-17,AUSTIN STREET,2026-09-20T19:48:06+00:00
Queens|66-28|53 ROAD,ok,4024030015,4000000,"66-28 53 ROAD, Maspeth, NY, USA",0.8,fallback,66-28,53 ROAD,2026-09-20T19:48:06+00:00
Queens|66-50|FOREST AVENUE,ok,4034900001,4083511,"66-50 FOREST AVENUE, Ridgewood, NY, USA",0.8,fallback,66-50,FOREST AVENUE,2026-09-20T19:48:06+00:00
Queens|67-22|170 STREET,ok,4069230045,4149600,"67-22 170 STREET, Flushing, NY, USA",0.8,fallback,67-22,170 STREET,2026-09-20T19:48:06+00:00
Queens|68-01|QUEENS BOULEVARD,ok,4013480053,4031840,"68-01 QUEENS BOULEVARD, Woodside, NY, USA",0.8,fallback,68-01,QUEENS BOULEVARD,2026-09-20T19:48:06+00:00
Queens|68-04|TIDES ROAD,mismatch,,,"68-04 59 ROAD, Maspeth, NY, USA",,,68-04,59 ROAD,2026-09-20T19:48:06+00:00
Queens|69-11|GROTON STREET,ok,4032160056,4077002,"69-11 GROTON STREET, Forest Hills, NY, USA",0.8,fallback,69-11,GROTON STREET,2026-09-20T19:48:06+00:00
Queens|69-18|60 DRIVE,ok,4028380003,4063940,"69-18 60 DRIVE, Maspeth, NY, USA",0.8,fallback,69-18,60 DRIVE,2026-09-20T19:48:06+00:00
Queens|69-52|181 STREET,ok,4071330031,4153525,"69-52 181 STREET, Fresh Meadows, NY, USA",0.8,fallback,69-52,181 STREET,2026-09-20T19:48:06+00:00
Queens|7-50|75 STREET,mismatch,,,"50 75 STREET, Brooklyn, NY, USA",,,50,75 STREET,2026-09-20T19:48:06+00:00
Queens|70-27|QUEENS MIDTOWN EXPRESSWAY,ok,4027990133,4000000,"70-27 QUEENS MIDTOWN EXPRESSWAY, Maspeth, NY, USA",0.8,fallback,70-27,QUEENS MIDTOWN EXPRESSWAY,2026-09-20T19:48:06+00:00
Queens|71-02|MYRTLE AVENUE,ok,4037090023,4437872,"71-02 MYRTLE AVENUE, Fresh Pond, NY, USA",0.8,fallback,71-02,MYRTLE AVENUE,2026-09-20T19:48:06+00:00
Queens|71-15|BEACH CHANNEL DRIVE,ok,4160830037,4303321,"71-15 BEACH CHANNEL DRIVE, Arverne, NY, USA",0.8,fallback,71-15,BEACH CHANNEL DRIVE,2026-09-20T19:48:07+00:00
Queens|71-60|170 STREET,ok,4069570073,4150451,"71-60 170 STREET, Flushing, NY, USA",0.8,fallback,71-60,170 STREET,2026-09-20T19:48:07+00:00
Queens|72-35|BROADWAY,ok,4012830027,4029775,"72-35 BROADWAY, Jackson Heights, NY, USA",0.8,fallback,72-35,BROADWAY,2026-09-20T19:48:07+00:00
Queens|73-07|WOODSIDE AVENUE,ok,4013130068,4030727,"73-07 WOODSIDE AVENUE, Woodside, NY, USA",0.8,fallback,73-07,WOODSIDE AVENUE,2026-09-20T19:48:07+00:00
Queens|74-04|65 STREET,ok,4035990033,4087182,"74-04 65 STREET, Fresh Pond, NY, USA",0.8,fallback,74-04,65 STREET,2026-09-20T19:48:07+00:00
Queens|74-24|ALMEDA AVENUE,ok,4160620034,4303178,"74-24 ALMEDA AVENUE, Arverne, NY, USA",0.8,fallback,74-24,ALMEDA AVENUE,2026-09-20T19:48:07+00:00
Queens|7424|ALMEDA AVENUE,ok,4160620034,4303178,"7424 ALMEDA AVENUE, Arverne, NY, USA",0.8,fallback,7424,ALMEDA AVENUE,2026-09-20T19:48:07+00:00
Queens|746-07|70 STREET,mismatch,,,"70-07 70 STREET, Fresh Pond, NY, USA",,,70-07,70 STREET,2026-09-20T19:48:07+00:00
Queens|75-20|BLAKE AVENUE,ok,4113550006,4000000,"75-20 BLAKE AVENUE, Howard Beach, NY, USA",0.8,fallback,75-20,BLAKE AVENUE,2026-09-20T19:48:07+00:00
Queens|75-51|MAIN STREET,mismatch,,,"75 MAIN STREET, New York, NY, USA",,,75,MAIN STREET,2026-09-20T19:48:07+00:00
Queens|75-60|188 STREET,ok,4072040033,4155030,"75-60 188 STREET, Fresh Meadows, NY, USA",0.8,fallback,75-60,188 STREET,2026-09-20T20:11:01+00:00
Queens|76-03|BLAKE AVENUE,mismatch,,,"76-07 BLAKE AVENUE, Howard Beach, NY, USA",,,76-07,BLAKE AVENUE,2026-09-20T19:48:07+00:00
Queens|76-04|57 ROAD,ok,4028160062,4063107,"76-04 57 ROAD, Elmhurst, NY, USA",0.8,fallback,76-04,57 ROAD,2026-09-20T19:48:07+00:00
Queens|76-07|BLAKE AVENUE,ok,4113380015,4000000,"76-07 BLAKE AVENUE, Howard Beach, NY, USA",0.8,fallback,76-07,BLAKE AVENUE,2026-09-20T19:48:07+00:00
Queens|76-09C|BLAKE AVENUE,mismatch,,,"76-09 BLAKE AVENUE, Howard Beach, NY, USA",,,76-09,BLAKE AVENUE,2026-09-20T19:48:07+00:00
Queens|76-10|BLAKE AVENUE,mismatch,,,"10 BLAKE AVENUE, Brooklyn, NY, USA",,,10,BLAKE AVENUE,2026-09-20T19:48:08+00:00
Queens|76-12|BLAKE AVENUE,mismatch,,,"12 BLAKE AVENUE, Brooklyn, NY, USA",,,12,BLAKE AVENUE,2026-09-20T19:48:08+00:00
Queens|76-20|BLAKE AVENUE,mismatch,,,"20 BLAKE AVENUE, Brooklyn, NY, USA",,,20,BLAKE AVENUE,2026-09-20T19:48:08+00:00
Queens|77-16|168 STREET,ok,4070030011,4151750,"77-16 168 STREET, Flushing, NY, USA",0.8,fallback,77-16,168 STREET,2026-09-20T19:48:08+00:00
Queens|77-21|KEY FOREST LANE,mismatch,,,"77-21 KEW FOREST LANE, Forest Hills, NY, USA",,,77-21,KEW FOREST LANE,2026-09-20T19:48:08+00:00
Queens|78-01|149 AVENUE,mismatch,,,"78-09 149 AVENUE, Howard Beach, NY, USA",,,78-09,149 AVENUE,2026-09-20T19:48:08+00:00
Queens|78-05|149 AVENUE,ok,4113840032,4000000,"78-05 149 AVENUE, Howard Beach, NY, USA",0.8,fallback,78-05,149 AVENUE,2026-09-20T19:48:08+00:00
Queens|78-09|149 AVENUE,ok,4113840029,4245805,"78-09 149 AVENUE, Howard Beach, NY, USA",0.8,fallback,78-09,149 AVENUE,2026-09-20T19:48:08+00:00
Queens|78-15|149 AVENUE,mismatch,,,"78-09 149 AVENUE, Howard Beach, NY, USA",,,78-09,149 AVENUE,2026-09-20T19:48:08+00:00
Queens|78-16|COOPER AVENUE,ok,4038030014,4092399,"78-16 COOPER AVENUE, Fresh Pond, NY, USA",0.8,fallback,78-16,COOPER AVENUE,2026-09-20T19:48:08+00:00
Queens|80-05|CROSS ISLAND PARKWAY,ok,4078990001,4165629,"80-05 CROSS ISLAND PARKWAY, Bellerose, NY, USA",0.8,fallback,80-05,CROSS ISLAND PARKWAY,2026-09-20T19:48:08+00:00
Queens|80-15|188 STREET,ok,4072660056,4617946,"80-15 188 STREET, Fresh Meadows, NY, USA",0.8,fallback,80-15,188 STREET,2026-09-20T19:48:08+00:00
Queens|80-15|18TTH STREET,mismatch,,,"80-15 217 STREET, Hollis Hills, NY, USA",,,80-15,217 STREET,2026-09-20T19:48:08+00:00
Queens|80-62|253 STREET,mismatch,,,"149-80 253 STREET, Rosedale, NY, USA",,,149-80,253 STREET,2026-09-20T19:48:08+00:00
Queens|80-79|TRYON PLACE,ok,4072340011,4155624,"80-79 TRYON PLACE, Jamaica Estates, NY, USA",0.8,fallback,80-79,TRYON PLACE,2026-09-20T19:48:08+00:00
Queens|81-19|102 ROAD,ok,4090820166,4188894,"81-19 102 ROAD, Ozone Park, NY, USA",0.8,fallback,81-19,102 ROAD,2026-09-20T19:48:08+00:00
Queens|81-34|170 STREET,ok,4070300022,4152316,"81-34 170 STREET, Jamaica Estates, NY, USA",0.8,fallback,81-34,170 STREET,2026-09-20T19:48:09+00:00
Queens|82-01|251 STREET,ok,4085830001,4175022,"82-01 251 STREET, Bellerose, NY, USA",0.8,fallback,82-01,251 STREET,2026-09-20T19:48:09+00:00
Queens|82-24|135 STREET,ok,4096600135,4206528,"82-24 135 STREET, Briarwood, NY, USA",0.8,fallback,82-24,135 STREET,2026-09-20T19:48:09+00:00
Queens|83-01|35 AVENUE,ok,4014440032,4035531,"83-01 35 AVENUE, Jackson Heights, NY, USA",0.8,fallback,83-01,35 AVENUE,2026-09-20T19:48:09+00:00
Queens|83-05|116 STREET,ok,4033210374,4000000,"83-05 116 STREET, Kew Gardens, NY, USA",0.8,fallback,83-05,116 STREET,2026-09-20T19:48:09+00:00
Queens|83-08|GRAND AVENUE,ok,4029020004,4066017,"83-08 GRAND AVENUE, Elmhurst, NY, USA",0.8,fallback,83-08,GRAND AVENUE,2026-09-20T19:48:09+00:00
Queens|83-23|265 STREET,ok,4087770048,4179553,"83-23 265 STREET, Floral Park, NY, USA",0.8,fallback,83-23,265 STREET,2026-09-20T19:48:09+00:00
Queens|84-06|159 STREET,ok,4097890020,4209470,"84-06 159 STREET, Jamaica Hills, NY, USA",0.8,fallback,84-06,159 STREET,2026-09-20T19:48:09+00:00
Queens|84-44|121 STREET,ok,4092360026,4192936,"84-44 121 STREET, Kew Gardens, NY, USA",0.8,fallback,84-44,121 STREET,2026-09-20T19:48:09+00:00
Queens|84-58|162 STREET,ok,4097850022,4209382,"84-58 162 STREET, Jamaica Hills, NY, USA",0.8,fallback,84-58,162 STREET,2026-09-20T19:48:09+00:00
Queens|85-06|52 AVENUE,ok,4028760009,4065293,"85-06 52 AVENUE, Elmhurst, NY, USA",0.8,fallback,85-06,52 AVENUE,2026-09-20T19:48:09+00:00
Queens|85-100|MARENGO STREET,mismatch,,,"86-100 MARENGO STREET, Terrace Heights, NY, USA",,,86-100,MARENGO STREET,2026-09-20T19:48:09+00:00
Queens|85-15|89 AVENUE,ok,4089200026,4183784,"85-15 89 AVENUE, Woodhaven, NY, USA",0.8,fallback,85-15,89 AVENUE,2026-09-20T19:48:09+00:00
Queens|85-30|101 STREET,ok,4091770047,4191303,"85-30 101 STREET, Richmond Hill, NY, USA",0.8,fallback,85-30,101 STREET,2026-09-20T19:48:09+00:00
Queens|86-16|94 STREET,ok,4088820017,4182415,"86-16 94 STREET, Woodhaven, NY, USA",0.8,fallback,86-16,94 STREET,2026-09-20T19:48:09+00:00
Queens|86-18|58 AVENUE,ok,4028720015,4065216,"86-18 58 AVENUE, Elmhurst, NY, USA",0.8,fallback,86-18,58 AVENUE,2026-09-20T19:48:10+00:00
Queens|86-31|102 ROAD,ok,4090880027,4189048,"86-31 102 ROAD, Ozone Park, NY, USA",0.8,fallback,86-31,102 ROAD,2026-09-20T19:48:10+00:00
Queens|86-52|WOODHAVEN BOULEVARD,ok,4030150032,4070122,"86-52 WOODHAVEN BOULEVARD, Middle Village, NY, USA",0.8,fallback,86-52,WOODHAVEN BOULEVARD,2026-09-20T19:48:10+00:00
Queens|86-86|MIDLAND PARKWAY,ok,4099380065,4530976,"86-86 MIDLAND PARKWAY, Jamaica Estates, NY, USA",0.8,fallback,86-86,MIDLAND PARKWAY,2026-09-20T19:48:10+00:00
Queens|87-03|148 STREET,ok,4097050003,4311783,"87-03 148 STREET, Briarwood, NY, USA",0.8,fallback,87-03,148 STREET,2026-09-20T19:48:10+00:00
Queens|87-03|32 AVENUE,ok,4013990037,4033932,"87-03 32 AVENUE, East Elmhurst, NY, USA",0.8,fallback,87-03,32 AVENUE,2026-09-20T19:48:10+00:00
Queens|87-37|PALERMO STREET,ok,4105090052,4439753,"87-37 PALERMO STREET, Terrace Heights, NY, USA",0.8,fallback,87-37,PALERMO STREET,2026-09-20T19:48:10+00:00
Queens|87-37|PALMETTO STREET,mismatch,,,"60-37 PALMETTO STREET, Ridgewood, NY, USA",,,60-37,PALMETTO STREET,2026-09-20T19:48:10+00:00
Queens|88-02|199 STREET,ok,4104930061,4223449,"88-02 199 STREET, Hollis, NY, USA",0.8,fallback,88-02,199 STREET,2026-09-20T19:48:10+00:00
Queens|88-12|QUEENS BOULEVARD,ok,4028540021,4064726,"88-12 QUEENS BOULEVARD, Elmhurst, NY, USA",0.8,fallback,88-12,QUEENS BOULEVARD,2026-09-20T19:48:10+00:00
Queens|88-30|54 AVENUE,ok,4018400011,4625759,"88-30 54 AVENUE, Elmhurst, NY, USA",0.8,fallback,88-30,54 AVENUE,2026-09-20T19:48:10+00:00
Queens|88-34|54 AVENUE,ok,4018400013,4045371,"88-34 54 AVENUE, Elmhurst, NY, USA",0.8,fallback,88-34,54 AVENUE,2026-09-20T19:48:10+00:00
Queens|89-15|PARSONS BOULEVARD,ok,4097580006,4208859,"89-15 PARSONS BOULEVARD, Jamaica, NY, USA",0.8,fallback,89-15,PARSONS BOULEVARD,2026-09-20T19:48:10+00:00
Queens|89-25|190 STREET,ok,4104520001,4222178,"89-25 190 STREET, Hollis, NY, USA",0.8,fallback,89-25,190 STREET,2026-09-20T19:48:10+00:00
Queens|89-28|138 PLACE,ok,4099740020,4213677,"89-28 138 PLACE, Jamaica, NY, USA",0.8,fallback,89-28,138 PLACE,2026-09-20T19:48:11+00:00
Queens|89-52|70 ROAD,ok,4038950031,4095245,"89-52 70 ROAD, Forest Hills, NY, USA",0.8,fallback,89-52,70 ROAD,2026-09-20T19:48:11+00:00
Queens|90-06|MERRICK BOULEVARD,mismatch,,,"90-24 MERRICK BOULEVARD, Jamaica, NY, USA",,,90-24,MERRICK BOULEVARD,2026-09-20T19:48:11+00:00
Queens|90-20|191 STREET,ok,4104460020,4438804,"90-20 191 STREET, Hollis, NY, USA",0.8,fallback,90-20,191 STREET,2026-09-20T19:48:11+00:00
Queens|90-39|83 AVENUE,ok,4038820004,4000000,"90-39 83 AVENUE, Forest Hills, NY, USA",0.8,fallback,90-39,83 AVENUE,2026-09-20T19:48:11+00:00
Queens|91-01|120 STREET,ok,4093520063,4196722,"91-01 120 STREET, Richmond Hill, NY, USA",0.8,fallback,91-01,120 STREET,2026-09-20T19:48:11+00:00
Queens|91-22|175 STREET,ok,4098090074,4537580,"91-22 175 STREET, Jamaica, NY, USA",0.8,fallback,91-22,175 STREET,2026-09-20T19:48:11+00:00
Queens|92-12|101 AVENUE,ok,4090990005,4000000,"92-12 101 AVENUE, Ozone Park, NY, USA",0.8,fallback,92-12,101 AVENUE,2026-09-20T19:48:11+00:00
Queens|92-32|UNION HALL STREET,ok,4101010027,4215619,"92-32 UNION HALL STREET, Jamaica, NY, USA",0.8,fallback,92-32,UNION HALL STREET,2026-09-20T19:48:11+00:00
Queens|93-06|224 STREET,ok,4107440025,4000000,"93-06 224 STREET, Queens Village, NY, USA",0.8,fallback,93-06,224 STREET,2026-09-20T19:48:11+00:00
Queens|93-20|50 AVENUE,ok,4018660017,4046100,"93-20 50 AVENUE, Elmhurst, NY, USA",0.8,fallback,93-20,50 AVENUE,2026-09-20T19:48:11+00:00
Queens|94-16|54 AVENUE,ok,4018940002,4046881,"94-16 54 AVENUE, Elmhurst, NY, USA",0.8,fallback,94-16,54 AVENUE,2026-09-20T19:48:11+00:00
Queens|94-22|50 AVENUE,ok,4018840008,4046610,"94-22 50 AVENUE, Elmhurst, NY, USA",0.8,fallback,94-22,50 AVENUE,2026-09-20T19:48:11+00:00
Queens|94-30|59 AVENUE,ok,4019127501,4433107,"94-30 59 AVENUE, Elmhurst, NY, USA",0.8,fallback,94-30,59 AVENUE,2026-09-20T19:48:11+00:00
Queens|9423|40 ROAD,ok,4015890101,4039653,"9423 40 ROAD, Elmhurst, NY, USA",0.8,fallback,9423,40 ROAD,2026-09-20T19:48:11+00:00
Queens|95-01|NORTHERN BOULEVARD,ok,4014250039,4034949,"95-01 NORTHERN BOULEVARD, East Elmhurst, NY, USA",0.8,fallback,95-01,NORTHERN BOULEVARD,2026-09-20T19:48:11+00:00
Queens|95-25|WALTHAM STREET,ok,4100260034,4620992,"95-25 WALTHAM STREET, Jamaica, NY, USA",0.8,fallback,95-25,WALTHAM STREET,2026-09-20T19:48:12+00:00
Queens|95-29|124 STREET,ok,4094630030,4199830,"95-29 124 STREET, Richmond Hill, NY, USA",0.8,fallback,95-29,124 STREET,2026-09-20T19:48:12+00:00
Queens|95-35|150 ROAD,ok,4115490016,4000000,"95-35 150 ROAD, Ozone Park, NY, USA",0.8,fallback,95-35,150 ROAD,2026-09-20T19:48:12+00:00
Queens|96-43|CORONA AVENUE,ok,4016210019,4040554,"96-43 CORONA AVENUE, South Corona, NY, USA",0.8,fallback,96-43,CORONA AVENUE,2026-09-20T19:48:12+00:00
Queens|97-11|SUTPHIN BOULEVARD,ok,4100310010,4623127,"97-11 SUTPHIN BOULEVARD, Jamaica, NY, USA",0.8,fallback,97-11,SUTPHIN BOULEVARD,2026-09-20T19:48:12+00:00
Queens|98-01|101 AVENUE,ok,4090750158,4188707,"98-01 101 AVENUE, Ozone Park, NY, USA",0.8,fallback,98-01,101 AVENUE,2026-09-20T19:48:12+00:00
Staten Island|102|DRUMGOOLE ROAD EAST,mismatch,,,"538 EAST DRUMGOOLE ROAD, Staten Island, NY, USA",,,538,EAST DRUMGOOLE ROAD,2026-09-20T19:48:12+00:00
Staten Island|108|SHARPE AVENUE,ok,5010840131,5025568,"108 SHARPE AVENUE, Staten Island, NY, USA",0.8,fallback,108,SHARPE AVENUE,2026-09-20T19:48:12+00:00
Staten Island|123|PEARE PLACE,ok,5063520031,5081723,"123 PEARE PLACE, Staten Island, NY, USA",0.8,fallback,123,PEARE PLACE,2026-09-20T19:48:12+00:00
Staten Island|131|ST MARK'S PLACE,mismatch,,,"8524 131 STREET, Richmond Hill, NY, USA",,,8524,131 STREET,2026-09-20T19:51:15+00:00
Staten Island|135|FREEBORN STREET,ok,5037900049,5000000,"135 FREEBORN STREET, Staten Island, NY, USA",0.8,fallback,135,FREEBORN STREET,2026-09-20T19:48:12+00:00
Staten Island|14-28|PINSON STREET,mismatch,,,"14-28 PINSON STREET, Bayswater, NY, USA",,,14-28,PINSON STREET,2026-09-20T19:48:12+00:00
Staten Island|14|OXFORD PLACE,ok,5001150054,5002738,"14 OXFORD PLACE, Staten Island, NY, USA",0.8,fallback,14,OXFORD PLACE,2026-09-20T19:48:12+00:00
Staten Island|154|ELVIN STREET,ok,5007520089,5019064,"154 ELVIN STREET, Staten Island, NY, USA",0.8,fallback,154,ELVIN STREET,2026-09-20T19:48:13+00:00
Staten Island|154|HILLSIDE AVENUE,ok,5006210021,5016001,"154 HILLSIDE AVENUE, Staten Island, NY, USA",0.8,fallback,154,HILLSIDE AVENUE,2026-09-20T19:48:13+00:00
Staten Island|1595|FOREST AVENUE,ok,5010650001,5025213,"1595 FOREST AVENUE, Staten Island, NY, USA",0.8,fallback,1595,FOREST AVENUE,2026-09-20T19:48:13+00:00
Staten Island|1700|FOREST AVENUE,ok,5014760047,5029200,"1700 FOREST AVENUE, Staten Island, NY, USA",0.8,fallback,1700,FOREST AVENUE,2026-09-20T19:48:13+00:00
Staten Island|18B|SNEDEN AVENUE,ok,5062440025,5174469,"18B SNEDEN AVENUE, Staten Island, NY, USA",0.8,fallback,18B,SNEDEN AVENUE,2026-09-20T19:48:13+00:00
Staten Island|18|ANDROS AVENUE,ok,5012380055,5028070,"18 ANDROS AVENUE, Staten Island, NY, USA",0.8,fallback,18,ANDROS AVENUE,2026-09-20T19:48:13+00:00
Staten Island|193|GREENLEAF AVENUE,ok,5003510001,5009610,"193 GREENLEAF AVENUE, Staten Island, NY, USA",0.8,fallback,193,GREENLEAF AVENUE,2026-09-20T19:48:13+00:00
Staten Island|1984|RICHMOND ROAD,ok,5035640009,5051259,"1984 RICHMOND ROAD, Staten Island, NY, USA",0.8,fallback,1984,RICHMOND ROAD,2026-09-20T19:48:13+00:00
Staten Island|19|KEATING STREET,ok,5066710114,5149272,"19 KEATING STREET, Staten Island, NY, USA",0.8,fallback,19,KEATING STREET,2026-09-20T19:48:13+00:00
Staten Island|205|GRANITE AVENUE,mismatch,,,"205D GRANITE AVENUE, Staten Island, NY, USA",,,205D,GRANITE AVENUE,2026-09-20T19:48:13+00:00
Staten Island|2060|RICHMOND TERRACE,ok,5010730070,5107039,"2060 RICHMOND TERRACE, Staten Island, NY, USA",0.8,fallback,2060,RICHMOND TERRACE,2026-09-20T19:48:13+00:00
Staten Island|206|HAMILTON AVENUE,ok,5000320041,5000650,"206 HAMILTON AVENUE, Staten Island, NY, USA",0.8,fallback,206,HAMILTON AVENUE,2026-09-20T19:48:13+00:00
Staten Island|209|PARK AVENUE,ok,5010210001,5125874,"209 PARK AVENUE, Staten Island, NY, USA",0.8,fallback,209,PARK AVENUE,2026-09-20T19:51:15+00:00
Staten Island|2111|RICHMOND TERRACE,ok,5010680072,5107019,"2111 RICHMOND TERRACE, Staten Island, NY, USA",0.8,fallback,2111,RICHMOND TERRACE,2026-09-20T19:48:13+00:00
Staten Island|22246|FORREST AVENUE,mismatch,,,"22246 DAVENPORT AVENUE, Queens Village, NY, USA",,,22246,DAVENPORT AVENUE,2026-09-20T19:48:14+00:00
Staten Island|2259|RICHMOND AVENUE,ok,5023800080,5000000,"2259 RICHMOND AVENUE, Staten Island, NY, USA",0.8,fallback,2259,RICHMOND AVENUE,2026-09-20T19:51:15+00:00
Staten Island|2333|FOREST AVENUE,ok,5012700006,5169468,"2333 FOREST AVENUE, Staten Island, NY, USA",0.8,fallback,2333,FOREST AVENUE,2026-09-20T19:48:14+00:00
Staten Island|2506|HYLAN BOULEVARD,ok,5039600002,5055368,"2506 HYLAN BOULEVARD, Staten Island, NY, USA",0.8,fallback,2506,HYLAN BOULEVARD,2026-09-20T19:48:14+00:00
Staten Island|2542-2546|ARTHUR KILL ROAD,mismatch,,,"2546 ARTHUR KILL ROAD, Staten Island, NY, USA",,,2546,ARTHUR KILL ROAD,2026-09-20T19:48:14+00:00
Staten Island|2542|ARTHUR KILL AVENUE,mismatch,,,"2542 ARTHUR KILL ROAD, Staten Island, NY, USA",,,2542,ARTHUR KILL ROAD,2026-09-20T19:48:14+00:00
Staten Island|2604|RICHMOND TERRACE,ok,5011510027,5090045,"2604 RICHMOND TERRACE, Staten Island, NY, USA",0.8,fallback,2604,RICHMOND TERRACE,2026-09-20T19:48:14+00:00
Staten Island|2643|RICHMOND AVENUE,ok,5024000020,5170602,"2643 RICHMOND AVENUE, Staten Island, NY, USA",0.8,fallback,2643,RICHMOND AVENUE,2026-09-20T19:48:14+00:00
Staten Island|2670|HYLAND BOULEVARD,mismatch,,,"2670 HYLAN BOULEVARD, Staten Island, NY, USA",,,2670,HYLAN BOULEVARD,2026-09-20T19:48:14+00:00
Staten Island|26|SEA BREEZE LANE,ok,5078600018,5094627,"26 SEA BREEZE LANE, Staten Island, NY, USA",0.8,fallback,26,SEA BREEZE LANE,2026-09-20T19:48:14+00:00
Staten Island|3012|RICHMOND ROAD,ok,5043020093,5107629,"3012 RICHMOND ROAD, Staten Island, NY, USA",0.8,fallback,3012,RICHMOND ROAD,2026-09-20T19:48:14+00:00
Staten Island|314|FINGERBOARD ROAD,ok,5030850008,5000000,"314 FINGERBOARD ROAD, Staten Island, NY, USA",0.8,fallback,314,FINGERBOARD ROAD,2026-09-20T19:48:14+00:00
Staten Island|335|OTIS AVENUE,ok,5039050017,5055356,"335 OTIS AVENUE, Staten Island, NY, USA",0.8,fallback,335,OTIS AVENUE,2026-09-20T19:48:14+00:00
Staten Island|34|ROE STREET,ok,5002110056,5005647,"34 ROE STREET, Staten Island, NY, USA",0.8,fallback,34,ROE STREET,2026-09-20T19:48:14+00:00
Staten Island|3555|VICTORY BOULEVARD,ok,5021620192,5036682,"3555 VICTORY BOULEVARD, Staten Island, NY, USA",0.8,fallback,3555,VICTORY BOULEVARD,2026-09-20T19:48:14+00:00
Staten Island|355|BARD AVENUE,ok,5001020001,5106523,"355 BARD AVENUE, Staten Island, NY, USA",0.8,fallback,355,BARD AVENUE,2026-09-20T19:48:14+00:00
Staten Island|35|STARLIGHT ROAD,ok,5006300119,5016168,"35 STARLIGHT ROAD, Staten Island, NY, USA",0.8,fallback,35,STARLIGHT ROAD,2026-09-20T19:48:14+00:00
Staten Island|375|ALTER AVENUE,ok,5033730016,5049893,"375 ALTER AVENUE, Staten Island, NY, USA",0.8,fallback,375,ALTER AVENUE,2026-09-20T19:48:15+00:00
Staten Island|400|LAKE AVENUE,ok,5011830033,5027065,"400 LAKE AVENUE, Staten Island, NY, USA",0.8,fallback,400,LAKE AVENUE,2026-09-20T19:48:15+00:00
Staten Island|402-406|SLATER BOULEVARD,mismatch,,,"406 SLATER BOULEVARD, Staten Island, NY, USA",,,406,SLATER BOULEVARD,2026-09-20T19:48:15+00:00
Staten Island|413|WESTERVELT AVENUE,ok,5000250004,5000445,"413 WESTERVELT AVENUE, Staten Island, NY, USA",0.8,fallback,413,WESTERVELT AVENUE,2026-09-20T19:48:15+00:00
Staten Island|4308|RICHMOND AVENUE,ok,5053480059,5069166,"4308 RICHMOND AVENUE, Staten Island, NY, USA",0.8,fallback,4308,RICHMOND AVENUE,2026-09-20T19:48:15+00:00
Staten Island|445|CASTLETON AVENUE,ok,5001000100,5002227,"445 CASTLETON AVENUE, Staten Island, NY, USA",0.8,fallback,445,CASTLETON AVENUE,2026-09-20T19:48:15+00:00
Staten Island|45|LITTLE CLOVE ROAD,ok,5006620029,5016649,"45 LITTLE CLOVE ROAD, Staten Island, NY, USA",0.8,fallback,45,LITTLE CLOVE ROAD,2026-09-20T19:48:15+00:00
Staten Island|45|WAVERLY PLACE,ok,5006350001,5170701,"45 WAVERLY PLACE, Staten Island, NY, USA",0.8,fallback,45,WAVERLY PLACE,2026-09-20T19:48:15+00:00
Staten Island|47|GARIBALDI AVENUE,ok,5040860013,5169537,"47 GARIBALDI AVENUE, Staten Island, NY, USA",0.8,fallback,47,GARIBALDI AVENUE,2026-09-20T19:48:15+00:00
Staten Island|48|CRESCENT AVENUE,ok,5000280059,5000520,"48 CRESCENT AVENUE, Staten Island, NY, USA",0.8,fallback,48,CRESCENT AVENUE,2026-09-20T19:48:15+00:00
Staten Island|4949|ARTHUR KILL ROAD,ok,5076320001,5000000,"4949 ARTHUR KILL ROAD, Staten Island, NY, USA",0.8,fallback,4949,ARTHUR KILL ROAD,2026-09-20T19:48:15+00:00
Staten Island|4|MILLBANK ROAD,mismatch,,,"4 HIGHLAND ROAD, Staten Island, NY, USA",,,4,HIGHLAND ROAD,2026-09-20T19:48:15+00:00
Staten Island|521|VAN DUZER STREET,ok,5005440096,5014134,"521 VAN DUZER STREET, Staten Island, NY, USA",0.8,fallback,521,VAN DUZER STREET,2026-09-20T19:48:15+00:00
Staten Island|572|VILLA AVENUE,ok,5011410125,5026432,"572 VILLA AVENUE, Staten Island, NY, USA",0.8,fallback,572,VILLA AVENUE,2026-09-20T19:48:15+00:00
Staten Island|58|CEDAR CLIFF ROAD,ok,5006180369,5089811,"58 CEDAR CLIFF ROAD, Staten Island, NY, USA",0.8,fallback,58,CEDAR CLIFF ROAD,2026-09-20T19:48:15+00:00
Staten Island|59|ST MARY'S AVENUE,ok,5028460232,5042639,"59 ST MARY'S AVENUE, Staten Island, NY, USA",1,exact,59,ST MARY'S AVENUE,2026-09-20T19:48:16+00:00
Staten Island|5|DALMERE ROAD,mismatch,,,"5 DENT ROAD, Staten Island, NY, USA",,,5,DENT ROAD,2026-09-20T19:48:15+00:00
Staten Island|61|ELLIS STREET,ok,5079910055,5103684,"61 ELLIS STREET, Staten Island, NY, USA",0.8,fallback,61,ELLIS STREET,2026-09-20T19:48:16+00:00
Staten Island|67|SHERMAN AVENUE,ok,5000240030,5000425,"67 SHERMAN AVENUE, Staten Island, NY, USA",0.8,fallback,67,SHERMAN AVENUE,2026-09-20T19:48:16+00:00
Staten Island|682|FOREST AVENUE,ok,5003000108,5008070,"682 FOREST AVENUE, Staten Island, NY, USA",0.8,fallback,682,FOREST AVENUE,2026-09-20T19:48:16+00:00
Staten Island|73|BARKER STREET,ok,5001970020,5005237,"73 BARKER STREET, Staten Island, NY, USA",0.8,fallback,73,BARKER STREET,2026-09-20T19:48:16+00:00
Staten Island|76|FRANKLIN AVENUE,ok,5000660158,5106503,"76 FRANKLIN AVENUE, Staten Island, NY, USA",0.8,fallback,76,FRANKLIN AVENUE,2026-09-20T19:51:15+00:00
Staten Island|788|FOREST AVENUE,ok,5003000058,5000000,"788 FOREST AVENUE, Staten Island, NY, USA",0.8,fallback,788,FOREST AVENUE,2026-09-20T19:48:16+00:00
Staten Island|90|ROMA AVENUE,ok,5040770001,5056714,"90 ROMA AVENUE, Staten Island, NY, USA",0.8,fallback,90,ROMA AVENUE,2026-09-20T19:48:16+00:00
Staten Island|920|HYLAN BOULEVARD,ok,5032660009,5047954,"920 HYLAN BOULEVARD, Staten Island, NY, USA",0.8,fallback,920,HYLAN BOULEVARD,2026-09-20T19:48:16+00:00
Staten Island|92|ALASKA STREET,ok,5001970080,5134440,"92 ALASKA STREET, Staten Island, NY, USA",0.8,fallback,92,ALASKA STREET,2026-09-20T19:48:16+00:00
Staten Island|95|BEECHWOOD PLACE,ok,5003480023,5009523,"95 BEECHWOOD PLACE, Staten Island, NY, USA",0.8,fallback,95,BEECHWOOD PLACE,2026-09-20T19:48:16+00:00
Staten Island|964|RICHMOND AVENUE,ok,5017040060,5033701,"964 RICHMOND AVENUE, Staten Island, NY, USA",0.8,fallback,964,RICHMOND AVENUE,2026-09-20T19:48:16+00:00
Staten Island|96|CLIFTON AVENUE,ok,5028500018,5106273,"96 CLIFTON AVENUE, Staten Island, NY, USA",0.8,fallback,96,CLIFTON AVENUE,2026-09-20T19:48:16+00:00
