pops_id,borough,address_normalized,building_name,bbl,bin,latitude,longitude,pops_type,year_established,required_hours,required_size,required_amenities,other_requirements,confirmed_pops_violation_count,post_2017_dob_enforcement_count,property_only_action_count,needs_review_count,any_linked_bulletin_action_count,confirmed_penalties_total,latest_enforcement_date,latest_enforcement_date_precision,enforcement_ids_confirmed,comptroller_2017_inspected,comptroller_2017_compliant,comptroller_2017_findings,comptroller_2017_audit_row,comptroller_2017_match_confidence,evidence_note
K010001,Brooklyn,334 WALLABOUT STREET,Pfizer Sites Development,3022657501,3000000,40.70116,-73.948665,Public Access Area,,,,,,0,0,0,0,0,0,,,,False,,,,,Bulletins highlight selected enforcement only; a zero count is not evidence of compliance.
K010002,Brooklyn,25 KENT AVENUE,,3022820001,3425961,40.722954,-73.957804,Publicly Accessible Open Space,,,,,,0,0,0,0,0,0,,,,False,,,,,Bulletins highlight selected enforcement only; a zero count is not evidence of compliance.
K010003,Brooklyn,316 KENT AVENUE,Domino Sugar Factory,3024147503,3335796,40.714449,-73.96743,Public Access Area,,,,,,0,0,2,2,2,0,,,,False,,,,,Bulletins highlight selected enforcement only; a zero count is not evidence of compliance.
K020001,Brooklyn,130 LIVINGSTON STREET,Livingston Plaza,3001630001,3319419,40.690409,-73.988771,Plaza,1991,24 Hours,Plaza 19201.00 sf,Lighting; Litter Receptacles; Other Required; Planting; Seating; Trees on Street,decorative pavement near intersection of Boerem Place and Livingston Street,0,0,0,0,0,0,,,,True,construction,,327.0,high,Bulletins highlight selected enforcement only; a zero count is not evidence of compliance.
K020002,Brooklyn,350 JAY STREET,Renaissance Plaza,3001407501,3000259,40.693812,-73.987992,Plaza and Plaza Connected Open Space; Urban Plaza,1998,24 Hours,Urban Plaza 28805.00 sf,Lighting; Litter Receptacles; Planting; Plaque/Sign; Retail Frontage; Seating; Trees on Street; Trees within Space,,0,0,1,1,1,0,,,,True,no,,328.0,high,Bulletins highlight selected enforcement only; a zero count is not evidence of compliance.
K020003,Brooklyn,1 METROTECH CENTER,,3001470004,3319418,40.693222,-73.986719,Commons and Public Areas,1990,24 Hours,Commons and Public Areas 0.00 sf,Artwork; Drinking Fountain; Lighting; Litter Receptacles; Other Required; Planting; Plaque/Sign; Seating; Subway; Trees on Street; Trees within Space,"Jay Plaza: newsstand, trellis; security",2,2,0,0,2,10000,2022-10,bulletin_month,EA-201901-d5abdc5f8d;EA-202210-09ae48b095,True,no,,329.0,low,Bulletins highlight selected enforcement only; a zero count is not evidence of compliance.
K020006,Brooklyn,111 LIVINGSTON STREET,,3002660001,3002555,40.691476,-73.989806,Plaza,1969,24 Hours,Plaza 9920.00 sf,None,,0,0,0,0,0,0,,,,False,,,,,Bulletins highlight selected enforcement only; a zero count is not evidence of compliance.
K020007,Brooklyn,230 ASHLAND PLACE,Forte,3020957502,3393804,40.688253,-73.978636,Residential Plaza,2007,24 Hours,Residential Plaza 3960.00 sf,Bicycle Parking; Drinking Fountain; Lighting; Litter Receptacles; Other Required; Planting; Plaque/Sign; Seating; Trees on Street; Trees within Space,adjacent wall of Brooklyn Academy of Music covered in planting,0,0,0,0,0,0,,,,True,no,,330.0,high,Bulletins highlight selected enforcement only; a zero count is not evidence of compliance.
K020008,Brooklyn,343 GOLD STREET,Avalon Fort Greene,3020490002,3393888,40.694078,-73.982885,Residential Plaza,2008,24 Hours,Residential Plaza 18699.00 sf,Bicycle Parking; Drinking Fountain; Lighting; Litter Receptacles; Planting; Plaque/Sign; Seating; Trees on Street; Trees within Space,,0,0,0,0,0,0,,,,True,yes,,331.0,high,Bulletins highlight selected enforcement only; a zero count is not evidence of compliance.
K020009,Brooklyn,203 JAY STREET,,3001077501,3426023,40.698099,-73.986566,Public Plaza,,24 Hours,Public Plaza 10405.00 sf,Artwork; Bicycle Parking; Drinking Fountain; Food Service; Litter Receptacles; Planting; Plaque/Sign; Seating; Trees on Street; Trees within Space,,0,0,0,0,0,0,,,,False,,,,,Bulletins highlight selected enforcement only; a zero count is not evidence of compliance.
K020010,Brooklyn,620 FULTON STREET,,3021080001,3424471,40.687418,-73.977918,Public Plaza,2017,24 Hours,Public Plaza 2768.00 sf,Bicycle Parking; Drinking Fountain; Lighting; Litter Receptacles; Planting; Plaque/Sign; Retail Frontage; Seating; Trees within Space,,0,0,0,0,0,0,,,,False,,,,,Bulletins highlight selected enforcement only; a zero count is not evidence of compliance.
K020011,Brooklyn,90 SANDS STREET,,3000870009,3000179,40.699584,-73.987158,Plaza,1996,24 Hours,Plaza 7672.25 sf,,,0,0,0,0,0,0,,,,False,,,,,Bulletins highlight selected enforcement only; a zero count is not evidence of compliance.
K020012,Brooklyn,286 ASHLAND PLACE,BAM South,3021107501,3428715,40.686202,-73.978499,Public Open Space,,,,,,0,0,0,0,0,0,,,,False,,,,,Bulletins highlight selected enforcement only; a zero count is not evidence of compliance.
K040001,Brooklyn,54 NOLL STREET,54 Noll Street / One Bushwick,3031520001,3418158,40.700345,-73.933709,Public Access Area,,Restricted Hours,,Bicycle Parking; Lighting; Litter Receptacles; Planting; Plaque/Sign; Seating; Trees within Space,,0,0,0,0,0,0,,,,False,,,,,Bulletins highlight selected enforcement only; a zero count is not evidence of compliance.
K130001,Brooklyn,2121 BOARDWALK WEST,Seaside Park & Community Arts Center,3070710142,3426960,40.572811,-73.98806,Open-Air Auditorium; Public Open Space,,,,,,0,0,0,0,0,0,,,,False,,,,,Bulletins highlight selected enforcement only; a zero count is not evidence of compliance.
K150001,Brooklyn,1809 EMMONS AVENUE,,3087737501,3247051,40.583936,-73.950173,'Plaza',,,,,,1,1,0,0,1,10000,2024-08,bulletin_month,EA-202408-91b61ec0ba,False,,,,,Bulletins highlight selected enforcement only; a zero count is not evidence of compliance.
M010002,Manhattan,101 BARCLAY STREET,,1001280002,1001416,40.71451,-74.012236,Pedestrian Easement; Public Lobby,1983,24 Hours,Pedestrian Easement 0.00 sf; Public Lobby 0.00 sf,None; Trees on Street; Trees within Space,,0,0,1,1,1,0,,,,True,no,"[p.21] Zoning Resolution. By failing to perform pro-active inspections, DOB has allowed non-compliance to continue for years without consequence. The POPS location at 101 Barclay Street in Manhattan is one example of a POPS location where no signage or amenities are required but where public access has been denied and no complaints have been made to DOB. The photograph below shows that POPS location as closed to the public. The property owne || [p.22] ibited from further entry into the building’s lobby, notwithstanding the fact that it is a POPS location and so a public space. Privately Owned Public Space at 101 Barclay Street At the time of the auditors visit to the location on July 20, 2016, building security informed the auditors that this lobby has been closed to the public for at least 15 years and is only open to Bank of New York staff. Auditors were not allowed to take any f || [p.23] prominently posted on the door that stated that the lobby is private property and intended for use only by employees and invited guests. However, the owner of 101 Barclay Street in Manhattan received a permit allowing modification of height and setback regulations in the building in exchange for providing a public lobby. While the owner has failed to provide the required public lobby, DOB has not issued any violations. Without schedu",1.0,high,Bulletins highlight selected enforcement only; a zero count is not evidence of compliance.
M010003,Manhattan,130 LIBERTY STREET,One Bankers Trust Plaza,1000540001,1000000,40.709616,-74.013389,Arcade; Elevated Plaza; Elevated Shopping Way; Pedestrian Bridge; Pedestrian Connection; Plaza; Shopping Arcade,1973,24 Hours; Restricted Hours,Arcade 7175.00 sf; Elevated Plaza 0.00 sf; Elevated Shopping Way 0.00 sf; Pedestrian Bridge 0.00 sf; Pedestrian Connection 0.00 sf; Plaza 7623.00 sf; Shopping Arcade 0.00 sf,Climate Control; Escalator; None; Other Required; Planting; Retail Frontage; Seating; Trees within Space; Water Feature,2 kiosks; Pedestrian Underpass between One Liberty Plaza and World Trade Center extending from the northwest corner of Church and Cortlandt Streets westward under Church Street,0,0,0,0,0,0,,,,True,construction,,2.0,high,Bulletins highlight selected enforcement only; a zero count is not evidence of compliance.
M010004,Manhattan,1 LIBERTY PLAZA,One Liberty Plaza,1000627501,1001068,40.709216,-74.011257,Open Area; Plaza,1972,24 Hours,Open Area 0.00 sf; Plaza 30361.50 sf,Artwork; Lighting; None; Planting; Plaque/Sign; Seating; Subway; Tables; Trees within Space,,0,0,0,0,0,0,,,,True,no,,3.0,high,Bulletins highlight selected enforcement only; a zero count is not evidence of compliance.
M010005,Manhattan,140 BROADWAY,,1000480001,1001027,40.70865,-74.010117,Plaza,1965,24 Hours,Plaza 15924.30 sf,None,,0,0,0,0,0,0,,,,True,no,,4.0,high,Bulletins highlight selected enforcement only; a zero count is not evidence of compliance.
M010006,Manhattan,33 MAIDEN LANE,Two Federal Reserve Plaza,1000670023,1001109,40.709123,-74.00848,Covered Pedestrian Space; Public Pedestrian Circulation Area,1984,24 Hours; Restricted Hours,Covered Pedestrian Space 4441.00 sf; Public Pedestrian Circulation Area 935.00 sf,Escalator; Lighting; Retail Frontage; Seating; Subway; Trees within Space,,0,0,0,0,0,0,,,,True,yes,,5.0,high,Bulletins highlight selected enforcement only; a zero count is not evidence of compliance.
M010007,Manhattan,100 WILLIAM STREET,,1000680036,1001116,40.708346,-74.007199,Covered Pedestrian Space,1973,Restricted Hours,Covered Pedestrian Space 5242.00 sf,Lighting; Plaque/Sign; Retail Frontage; Seating,,1,1,0,0,1,5000,2022-10,bulletin_month,EA-202210-28a638e125,True,no,,6.0,high,Bulletins highlight selected enforcement only; a zero count is not evidence of compliance.
M010008,Manhattan,200 WATER STREET,,1000750001,1001163,40.70741,-74.004736,Arcade; Plaza,1971,24 Hours,Arcade 3222.00 sf; Plaza 4010.00 sf,Artwork; Litter Receptacles; None; Planting; Plaque/Sign; Seating; Tables; Trees within Space,,0,0,0,0,0,0,,,,True,no,,7.0,high,Bulletins highlight selected enforcement only; a zero count is not evidence of compliance.
M010009,Manhattan,180 WATER STREET,,1000700032,1001134,40.706996,-74.005544,Arcade; Plaza,1969,24 Hours,Arcade 2404.41 sf; Plaza 3949.00 sf,None,,0,0,0,0,0,0,,,,True,construction,,8.0,high,Bulletins highlight selected enforcement only; a zero count is not evidence of compliance.
M010010,Manhattan,88 PINE STREET,Wall Street Plaza,1000380017,1000876,40.705662,-74.006168,Special Permit Plaza,1971,24 Hours,Special Permit Plaza 9907.00 sf,Artwork; Planting; Seating; Subway; Trees within Space; Water Feature,,0,0,0,0,0,0,,,,True,no,,9.0,high,Bulletins highlight selected enforcement only; a zero count is not evidence of compliance.
M010011,Manhattan,180 MAIDEN LANE,,1000370023,1000874,40.705269,-74.005515,Enclosed Public Space; Outdoor Public Space,1982,24 Hours; Restricted Hours,Enclosed Public Space 14442.00 sf; Outdoor Public Space 6678.00 sf,Artwork; Climate Control; Drinking Fountain; Escalator; Food Service; Litter Receptacles; Other Required; Planting; Plaque/Sign; Programs; Restrooms; Retail Frontage; Seating; Tables; Trees within Space,"4,839 sf open exhibit area, 858 sf enclosed exhibit area, 365 sf",0,0,0,0,0,0,,,,True,no,,11.0,high,Bulletins highlight selected enforcement only; a zero count is not evidence of compliance.
M010012,Manhattan,110 WALL STREET,,1000370008,1000872,40.70491,-74.006355,Arcade,1964,24 Hours,Arcade 3613.00 sf,None,,0,0,0,0,0,0,,,,True,construction,,12.0,high,Bulletins highlight selected enforcement only; a zero count is not evidence of compliance.
M010013,Manhattan,100 WALL STREET,,1000380001,1000875,40.705244,-74.006755,Arcade; Plaza,1969,24 Hours,Arcade 2518.00 sf; Plaza 5933.20 sf,None,,0,0,0,0,0,0,,,,True,no,,13.0,high,Bulletins highlight selected enforcement only; a zero count is not evidence of compliance.
M010014,Manhattan,95 WALL STREET,,1000330011,1000864,40.704676,-74.007581,Arcade; Plaza,1969,24 Hours,Arcade 2446.00 sf; Plaza 1963.00 sf,None,,0,0,1,1,1,0,,,,True,yes,,14.0,high,Bulletins highlight selected enforcement only; a zero count is not evidence of compliance.
M010015,Manhattan,111 WALL STREET,,1000350010,1000868,40.704265,-74.006997,Arcade; Plaza,1967,,Arcade 4589.00 sf; Plaza 10883.00 sf,,,0,0,1,1,1,0,,,,True,yes,,15.0,high,Bulletins highlight selected enforcement only; a zero count is not evidence of compliance.
M010016,Manhattan,77 WATER STREET,,1000330001,1000863,40.704226,-74.008198,Arcade; Plaza,1970,24 Hours,Arcade 10335.00 sf; Plaza 4956.00 sf,None,,0,0,0,0,0,0,,,,True,yes,,16.0,high,Bulletins highlight selected enforcement only; a zero count is not evidence of compliance.
M010017,Manhattan,86 WATER STREET,10 Hanover Square,1000310001,1000859,40.704569,-74.008858,Plaza,1971,24 Hours,Plaza 3416.00 sf,None,,0,0,0,0,0,0,,,,True,no,,17.0,high,Bulletins highlight selected enforcement only; a zero count is not evidence of compliance.
M010018,Manhattan,40 BROAD STREET,,1000247501,1078985,40.706021,-74.011787,Arcade; Urban Plaza,1983,24 Hours,Arcade 745.00 sf; Urban Plaza 1498.74 sf,Lighting; Litter Receptacles; None; Planting; Seating; Trees on Street; Trees within Space,,1,1,0,0,1,10000,2021-09,bulletin_month,EA-202109-629ef6950b,True,construction,,18.0,high,Bulletins highlight selected enforcement only; a zero count is not evidence of compliance.
M010019,Manhattan,55 BROAD STREET,,1000250001,1000821,40.705277,-74.011047,Arcade,1966,24 Hours,Arcade 4089.00 sf,None,,0,0,0,0,0,0,,,,True,no,,19.0,high,Bulletins highlight selected enforcement only; a zero count is not evidence of compliance.
M010020,Manhattan,55 BROADWAY,1 Exchange Plaza,1000200016,1000807,40.706855,-74.013024,Other Public Access Areas; Urban Plaza,1983,24 Hours,Other Public Access Areas 0.00 sf; Urban Plaza 1726.00 sf,Escalator; Lighting; Litter Receptacles; Planting; Plaque/Sign; Retail Frontage; Seating; Tables,,1,1,0,0,1,5000,2020-09,bulletin_month,EA-202009-375640534f,True,no,,20.0,high,Bulletins highlight selected enforcement only; a zero count is not evidence of compliance.
M010021,Manhattan,52 BROADWAY,,1000220028,1000814,40.706485,-74.012274,Through Block Arcade Equivalent,1983,Restricted Hours,Through Block Arcade Equivalent 4841.00 sf,Artwork; Escalator; Lighting; Planting; Retail Frontage,,0,0,0,0,0,0,,,,True,no,,21.0,high,Bulletins highlight selected enforcement only; a zero count is not evidence of compliance.
M010022,Manhattan,45 BROADWAY,45 Broadway Atrium,1000200009,1000804,40.706542,-74.013266,Arcade; Shopping Arcade,1983,24 Hours,Arcade 1983.00 sf; Shopping Arcade 81.68 sf,Escalator; Subway,,1,1,0,0,1,5000,2024-04,bulletin_month,EA-202404-5cd8f6e9ad,True,no,,22.0,high,Bulletins highlight selected enforcement only; a zero count is not evidence of compliance.
M010023,Manhattan,90 WASHINGTON STREET,,1000170029,1000793,40.708074,-74.01485,Plaza,1968,24 Hours,Plaza 8789.00 sf,Bicycle Parking; Lighting; Planting; Plaque/Sign; Seating; Trees within Space,,0,0,0,0,0,0,,,,True,no,,23.0,high,Bulletins highlight selected enforcement only; a zero count is not evidence of compliance.
M010024,Manhattan,7 HANOVER SQUARE,100 Pearl Street,1000307501,1000855,40.704056,-74.009659,Arcade; Through Block Arcade,1983,24 Hours; Restricted Hours,Arcade 5349.06 sf; Through Block Arcade 7467.13 sf,Climate Control; Lighting; None; Planting; Plaque/Sign; Retail Frontage; Seating; Tables,,0,0,0,0,0,0,,,,True,no,,24.0,high,Bulletins highlight selected enforcement only; a zero count is not evidence of compliance.
M010025,Manhattan,55 WATER STREET,,1000327501,1083346,40.703183,-74.009154,Arcade; Elevated Plaza; Plaza,1970,24 Hours; Closing for Events; Restricted Hours,Arcade 10254.00 sf; Elevated Plaza 41485.00 sf; Plaza 33307.00 sf,Escalator; Food Service; Lighting; None; Other Required; Planting; Plaque/Sign; Programs; Retail Frontage; Seating; Tables; Trees within Space,"Elevated Plaza: stairs connecting to street level on Water Street and South Street events platform, stair balconies, viewing platform, boardwalk, support space and illuminated beacon; rebuilding and maintenance of adjacent Jeannette Park (now Vietnam Veterans Plaza) to the west as an urban park with landscaping, seating, and lighting",0,0,0,0,0,0,,,,True,no,,25.0,high,Bulletins highlight selected enforcement only; a zero count is not evidence of compliance.
M010026,Manhattan,125 BROAD STREET,2 New York Plaza,1000057501,1000006,40.702266,-74.010607,Arcade; Plaza,1970,24 Hours,Arcade 3656.00 sf; Plaza 21009.00 sf,Plaque/Sign,,0,0,0,0,0,0,,,,True,yes,,26.0,high,Bulletins highlight selected enforcement only; a zero count is not evidence of compliance.
M010027,Manhattan,115 BROAD STREET,4 New York Plaza,1000050010,1000007,40.702777,-74.010722,Arcade; Plaza,1968,24 Hours,Arcade 3124.00 sf; Plaza 7573.00 sf,Lighting; Litter Receptacles; None; Planting; Plaque/Sign; Seating; Tables; Trees within Space,,0,0,0,0,0,0,,,,True,no,,27.0,high,Bulletins highlight selected enforcement only; a zero count is not evidence of compliance.
M010028,Manhattan,85 BROAD STREET,Goldman Sachs,1000290001,1066031,40.703993,-74.011054,Arcade; Publicly Accessible Lobby; Sidewalk Widening; Urban Plaza,1983,24 Hours; Restricted Hours,Arcade 12930.00 sf; Publicly Accessible Lobby 0.00 sf; Sidewalk Widening 3600.00 sf; Urban Plaza 9630.00 sf,Lighting; Litter Receptacles; Other Required; Plaque/Sign; Retail Frontage; Seating; Trees on Street; Trees within Space,"signage and display methods used to identify the historical significance of the site, approved by the Landmarks Preservation Commission and the City Planning Commission",0,0,0,0,0,0,,,,True,no,,28.0,high,Bulletins highlight selected enforcement only; a zero count is not evidence of compliance.
M010029,Manhattan,1 NEW YORK PLAZA,,1000047501,1000005,40.702153,-74.012021,Arcade; Plaza,1967,24 Hours,Arcade 4721.20 sf; Plaza 35264.00 sf,None,,0,0,0,0,0,0,,,,True,construction,,29.0,high,Bulletins highlight selected enforcement only; a zero count is not evidence of compliance.
M010030,Manhattan,1 STATE STREET,1 State Street Plaza,1000090001,1000018,40.70276,-74.013301,Arcade; Plaza,1970,24 Hours,Arcade 731.00 sf; Plaza 8976.80 sf,None,,0,0,0,0,0,0,,,,True,construction,,30.0,high,Bulletins highlight selected enforcement only; a zero count is not evidence of compliance.
M010031,Manhattan,17 STATE STREET,,1000090014,1000020,40.702892,-74.013878,Arcade; Public Exhibit Space; Sidewalk Widening; Urban Plaza,1987,24 Hours,Arcade 6198.00 sf; Public Exhibit Space 0.00 sf; Sidewalk Widening 1715.00 sf; Urban Plaza 6272.00 sf,Lighting; Litter Receptacles; None; Other Required; Planting; Plaque/Sign; Seating; Tables; Trees on Street; Trees within Space,Public Exhibit Space: archaeological exhibit space designed by Milton Glaser,1,1,0,0,1,4000,2018-07,bulletin_month,EA-201807-a79d37d758,True,no,,31.0,high,Bulletins highlight selected enforcement only; a zero count is not evidence of compliance.
M010032,Manhattan,1 BATTERY PARK PLAZA,,1000090029,1000021,40.703347,-74.01373,Plaza,1969,24 Hours,Plaza 16337.00 sf,None,,0,0,0,0,0,0,,,,True,yes,,32.0,high,Bulletins highlight selected enforcement only; a zero count is not evidence of compliance.
M010033,Manhattan,160 WATER STREET,,1000700043,1001135,40.706804,-74.005879,Arcade; Plaza,1970,24 Hours,Arcade 2575.25 sf; Plaza 2962.31 sf,Lighting; Litter Receptacles; Planting; Plaque/Sign; Seating; Trees within Space,,0,0,0,0,0,0,,,,True,no,,33.0,high,Bulletins highlight selected enforcement only; a zero count is not evidence of compliance.
M010034,Manhattan,32 OLD SLIP,Financial Square,1000350001,1000867,40.703809,-74.007693,Arcade; Sidewalk Widening; Urban Plaza,1987,24 Hours,Arcade 12004.25 sf; Sidewalk Widening 1406.00 sf; Urban Plaza 5887.00 sf,Lighting; Litter Receptacles; Other Required; Plaque/Sign; Seating; Subway; Trees on Street; Trees within Space,"improvements to city-owned property on Old Slip to create a ""Piazza"" with 1,292.43 sf planting, 10 trees, 30 1964 World's Fair benches, 12 wood and stone backless benches, lighting, 1 fountain, a heritage trail sign featuring police museum and history, and 6 litter receptacles",0,0,0,0,0,0,,,,True,no,,34.0,high,Bulletins highlight selected enforcement only; a zero count is not evidence of compliance.
M010037,Manhattan,388 GREENWICH STREET,Salomon Smith Barney,1002160001,1082816,40.720865,-74.011003,Plaza; Public Plaza,1986,24 Hours,Plaza 22906.00 sf; Public Plaza 22787.00 sf,Bicycle Parking; Drinking Fountain; Lighting; Litter Receptacles; Planting; Plaque/Sign; Retail Frontage; Seating; Tables; Trees on Street; Trees within Space,,0,0,1,1,1,0,,,,True,construction,,35.0,high,Bulletins highlight selected enforcement only; a zero count is not evidence of compliance.
M010038,Manhattan,10 LIBERTY STREET,Liberty Tower,1000420022,1086256,40.707363,-74.008195,Pedestrian Circulation Space; Urban Plaza,2002,24 Hours,Pedestrian Circulation Space 0.00 sf; Urban Plaza 4856.00 sf,Bicycle Parking; Drinking Fountain; Lighting; Litter Receptacles; None; Planting; Plaque/Sign; Retail Frontage; Seating; Tables; Trees on Street; Trees within Space; Water Feature,,0,0,0,0,0,0,,,,True,yes,,36.0,high,Bulletins highlight selected enforcement only; a zero count is not evidence of compliance.
M010040,Manhattan,59 MAIDEN LANE,,1000670001,1079043,40.708659,-74.007982,Arcade; Plaza,1965,24 Hours,Arcade 4904.00 sf; Plaza 27700.87 sf,None,,0,0,0,0,0,0,,,,True,yes,,37.0,high,Bulletins highlight selected enforcement only; a zero count is not evidence of compliance.
M010041,Manhattan,175 WATER STREET,,1000717501,1001137,40.706362,-74.005129,Open Pedestrian Area; Special Permit Arcade,1984,24 Hours,Open Pedestrian Area 0.00 sf; Special Permit Arcade 0.00 sf,Other Required; Planting; Retail Frontage; Trees within Space,paving Front and Fletcher Streets in a manner consistent with South Street Seaport area,0,0,0,0,0,0,,,,True,no,,38.0,high,Bulletins highlight selected enforcement only; a zero count is not evidence of compliance.
M010042,Manhattan,17 BATTERY PLACE,,1000157501,1082634,40.7056,-74.015837,Arcade; Plaza,1972,24 Hours,Arcade 6472.00 sf; Plaza 11534.37 sf,Drinking Fountain; Lighting; Litter Receptacles; None; Planting; Plaque/Sign; Seating; Tables; Trees within Space,,0,0,1,1,1,0,,,,True,no,,39.0,high,Bulletins highlight selected enforcement only; a zero count is not evidence of compliance.
M010043,Manhattan,40 RECTOR STREET,,1000557501,1088750,40.708631,-74.014659,Plaza,1971,24 Hours,Plaza 1420.31 sf,None,,0,0,0,0,0,0,,,,True,no,,40.0,high,Bulletins highlight selected enforcement only; a zero count is not evidence of compliance.
M010044,Manhattan,1 WALL STREET,Bank of New York,1000237501,1000815,40.707121,-74.01183,Plaza,1964,24 Hours,Plaza 4618.50 sf,None,,0,0,2,2,2,0,,,,True,construction,,41.0,high,Bulletins highlight selected enforcement only; a zero count is not evidence of compliance.
M010045,Manhattan,75 WALL STREET,Barclays Bank,1000317501,1085950,40.705041,-74.008119,Arcade; Non-Bonused Public Open Space; Urban Plaza,1987,24 Hours,Arcade 5179.25 sf; Non-Bonused Public Open Space 0.00 sf; Urban Plaza 7017.50 sf,Bicycle Parking; None; Planting; Plaque/Sign; Seating; Tables; Trees on Street; Trees within Space; Water Feature,,0,0,0,0,0,0,,,,True,no,,42.0,high,Bulletins highlight selected enforcement only; a zero count is not evidence of compliance.
M010046,Manhattan,60 WALL STREET,J.P. Morgan,1000400003,1001004,40.706241,-74.008505,Arcade; Covered Pedestrian Space,1989,24 Hours; Closing for Events; Restricted Hours,Arcade 5346.00 sf; Covered Pedestrian Space 11150.10 sf,Artwork; Climate Control; Escalator; Food Service; Lighting; Litter Receptacles; None; Planting; Plaque/Sign; Restrooms; Retail Frontage; Seating; Subway; Tables; Trees within Space; Water Feature,,0,0,1,1,1,0,,,,True,no,,43.0,high,Bulletins highlight selected enforcement only; a zero count is not evidence of compliance.
M010047,Manhattan,55 CHURCH STREET,Millenium Hilton Hotel,1000800004,1075702,40.71114,-74.010244,Sidewalk Widening; Urban Plaza,1991,24 Hours,Sidewalk Widening 604.10 sf; Urban Plaza 4803.60 sf,Lighting; Litter Receptacles; Planting; Plaque/Sign; Seating; Trees on Street; Trees within Space,,0,0,0,0,0,0,,,,True,no,,44.0,high,Bulletins highlight selected enforcement only; a zero count is not evidence of compliance.
M010048,Manhattan,105 DUANE STREET,Tribeca Tower,1001510001,1001650,40.71582,-74.005977,Residential Plaza,1989,24 Hours,Residential Plaza 11587.49 sf,Bicycle Parking; Drinking Fountain; Lighting; Litter Receptacles; Planting; Plaque/Sign; Seating; Tables; Trees within Space; Water Feature,,0,0,0,0,0,0,,,,True,construction,,45.0,high,Bulletins highlight selected enforcement only; a zero count is not evidence of compliance.
M010049,Manhattan,15 CLIFF STREET,,1000767501,1085931,40.708374,-74.005634,Urban Plaza,2001,24 Hours,Urban Plaza 3565.00 sf,Bicycle Parking; Lighting; Litter Receptacles; Planting; Plaque/Sign; Retail Frontage; Seating; Trees on Street; Trees within Space,,0,0,0,0,0,0,,,,True,no,,46.0,high,Bulletins highlight selected enforcement only; a zero count is not evidence of compliance.
M010050,Manhattan,2 GOLD STREET,Two Gold,1000690018,1087146,40.70741,-74.006932,Urban Plaza,2005,24 Hours,Urban Plaza 8130.00 sf,Artwork; Lighting; Litter Receptacles; Planting; Plaque/Sign; Retail Frontage; Seating; Tables; Trees within Space,,1,1,0,0,1,12500,2023-03,bulletin_month,EA-202303-371d84cb16,True,no,"[p.26] us no violation was warranted, when in fact the location was a POPS. In one case, a complaint was received on September 21, 2015 that an urban plaza located at 2 Gold Street in Manhattan had no times of public access posted for the plaza. The complainant reported being told to leave the plaza by the manager of a restaurant located at 2 Gold Street. On January 27, 2016 a DOB inspector recorded the disposition as “complaint unsubst || [p.26] Manhattan had no times of public access posted for the plaza. The complainant reported being told to leave the plaza by the manager of a restaurant located at 2 Gold Street. On January 27, 2016 a DOB inspector recorded the disposition as “complaint unsubstantiated based on department records.” The comment underneath the disposition was “No Privately Owned Public Space @ Premise.” However, according to DCP’s Public Space Records, || [p.26] department records.” The comment underneath the disposition was “No Privately Owned Public Space @ Premise.” However, according to DCP’s Public Space Records, 2 Gold Street is indeed a POPS with an Urban Plaza that was built in 2005.9 The required amenities include seating, artwork, planting and 3 informational plaques. The inspector was apparently unaware that the POPS existed. Our inspection of this site on July 12, 2016 (see",47.0,high,Bulletins highlight selected enforcement only; a zero count is not evidence of compliance.
M010051,Manhattan,123 WASHINGTON STREET,W Downtown Hotel & Residences,1000537502,1088442,40.709161,-74.013714,Urban Plaza,2010,24 Hours,Urban Plaza 5978.00 sf,Lighting; Litter Receptacles; Other Required; Planting; Plaque/Sign; Retail Frontage; Seating; Tables; Trees on Street; Trees within Space,kiosk provided,1,1,0,0,1,5000,2023-02,bulletin_month,EA-202302-e8f46ebff9,True,no,,48.0,high,Bulletins highlight selected enforcement only; a zero count is not evidence of compliance.
M010052,Manhattan,50 WEST STREET,,1000177501,1090192,40.707761,-74.014994,Public Open Space,2014,24 Hours,Public Open Space 0.00 sf,Lighting; Litter Receptacles; Planting; Plaque/Sign; Retail Frontage; Seating; Trees within Space,,0,0,0,0,0,0,,,,False,,,,,Bulletins highlight selected enforcement only; a zero count is not evidence of compliance.
M010053,Manhattan,8 SPRUCE STREET,New York by Gehry,1001007502,1087485,40.71097,-74.005677,Non-Bonused Open Area; Porte Cochere; Urban Plaza,2011,24 Hours,Non-Bonused Open Area 0.00 sf; Porte Cochere 0.00 sf; Urban Plaza 15533.00 sf,Bicycle Parking; Lighting; Litter Receptacles; None; Planting; Plaque/Sign; Seating; Tables; Trees on Street; Trees within Space; Water Feature,,0,0,0,0,0,0,,,,True,no,,49.0,high,Bulletins highlight selected enforcement only; a zero count is not evidence of compliance.
M010054,Manhattan,99 CHURCH STREET,30 Park Place,1001237502,1089428,40.712776,-74.009036,Public Plaza,2017,24 Hours,Public Plaza 8403.00 sf,Bicycle Parking; Drinking Fountain; Lighting; Litter Receptacles; Planting; Plaque/Sign; Retail Frontage; Seating; Tables; Trees within Space; Water Feature,,0,0,0,0,0,0,,,,False,,,,,Bulletins highlight selected enforcement only; a zero count is not evidence of compliance.
M010055,Manhattan,33 BEEKMAN STREET,,1000927501,1089833,40.710451,-74.00597,Public Plaza,2016,24 Hours,Public Plaza 3012.00 sf,Bicycle Parking; Drinking Fountain; Lighting; Litter Receptacles; Planting; Plaque/Sign; Retail Frontage; Seating; Tables; Trees on Street; Trees within Space,,0,0,0,0,0,0,,,,False,,,,,Bulletins highlight selected enforcement only; a zero count is not evidence of compliance.
M010056,Manhattan,43 PARK PLACE,,1001260008,1090860,40.713726,-74.009794,Public Access Area; Public Plaza,,24 Hours,Public Access Area 0.00 sf; Public Plaza 2866.92 sf,Bicycle Parking; Drinking Fountain; Lighting; Litter Receptacles; None; Other Required; Planting; Plaque/Sign; Retail Frontage; Seating; Tables; Trees on Street; Trees within Space; Water Feature,"glass pavers, greenwall",0,0,1,1,1,0,,,,False,,,,,Bulletins highlight selected enforcement only; a zero count is not evidence of compliance.
M010057,Manhattan,111 MURRAY STREET,One Eleven Murray Street,1001427503,1089698,40.715408,-74.012593,Public Plaza,,24 Hours,Public Plaza 10599.00 sf,Artwork; Bicycle Parking; Drinking Fountain; Lighting; Litter Receptacles; Planting; Plaque/Sign; Retail Frontage; Seating; Tables; Trees on Street; Trees within Space; Water Feature,,0,0,0,0,0,0,,,,False,,,,,Bulletins highlight selected enforcement only; a zero count is not evidence of compliance.
M010058,Manhattan,375 PEARL STREET,Verizon Building,1001137501,1001389,40.710907,-74.001176,Arcade; Plaza,1971,24 Hours,Arcade 0.00 sf; Plaza 19500.00 sf,Bicycle Parking; Drinking Fountain; Food Service; Lighting; Litter Receptacles; None; Other Required; Planting; Plaque/Sign; Seating; Tables; Trees on Street; Trees within Space,Light Sculpture,0,0,0,0,0,0,,,,True,construction,,50.0,high,Bulletins highlight selected enforcement only; a zero count is not evidence of compliance.
M010059,Manhattan,376 BROADWAY,Mandarin Plaza,1001727501,1001866,40.717714,-74.002814,Residential Plaza,1990,24 Hours,Residential Plaza 3752.00 sf,Bicycle Parking; Drinking Fountain; Lighting; Litter Receptacles; Other Required; Planting; Plaque/Sign; Seating; Trees on Street; Trees within Space,1 unenclosed pavilion,0,0,0,0,0,0,,,,True,no,,51.0,high,Bulletins highlight selected enforcement only; a zero count is not evidence of compliance.
M010060,Manhattan,130 WILLIAM STREET,,1000777501,1090562,40.709112,-74.006345,Public Plaza,,24 Hours,Public Plaza 5317.00 sf,Bicycle Parking; Drinking Fountain; Lighting; Litter Receptacles; Planting; Plaque/Sign; Retail Frontage; Seating; Tables; Trees within Space,,0,0,0,0,0,0,,,,False,,,,,Bulletins highlight selected enforcement only; a zero count is not evidence of compliance.
M010061,Manhattan,95 SOUTH STREET,Pier 17,1000730010,1090548,40.705442,-74.001482,Public Access Area,,,,,,0,0,0,0,0,0,,,,False,,,,,Bulletins highlight selected enforcement only; a zero count is not evidence of compliance.
M020001,Manhattan,60 EAST 8 STREET,Georgetown Plaza,1005487501,1080855,40.730499,-73.993076,Plaza,1966,24 Hours,Plaza 10975.00 sf,None,,0,0,0,0,0,0,,,,True,yes,,52.0,high,Bulletins highlight selected enforcement only; a zero count is not evidence of compliance.
M020002,Manhattan,300 MERCER STREET,,1005480070,1008840,40.730071,-73.993444,Arcade; Plaza,1974,24 Hours,Arcade 2185.70 sf; Plaza 11459.00 sf,None,,0,0,0,0,0,0,,,,True,yes,,53.0,high,Bulletins highlight selected enforcement only; a zero count is not evidence of compliance.
M020003,Manhattan,375 HUDSON STREET,Saatchi & Saatchi,1005990064,1010379,40.728482,-74.007923,Arcade; Plaza,1987,24 Hours,Arcade 2454.30 sf; Plaza 13163.87 sf,None,,0,0,0,0,0,0,,,,True,yes,,54.0,high,Bulletins highlight selected enforcement only; a zero count is not evidence of compliance.
M020004,Manhattan,99 JANE STREET,,1006427502,1085734,40.738442,-74.008596,Park,1999,Restricted Hours,Park 7000.00 sf,Lighting; Litter Receptacles; Planting; Plaque/Sign; Seating; Trees within Space; Water Feature,,0,0,0,0,0,0,,,,True,no,,55.0,high,Bulletins highlight selected enforcement only; a zero count is not evidence of compliance.
M020006,Manhattan,246 SPRING STREET,The Dominick,1004917503,1088431,40.725306,-74.005408,Arcade; Urban Plaza,2010,24 Hours,Arcade 8616.00 sf; Urban Plaza 1731.00 sf,Lighting; Litter Receptacles; None; Other Required; Planting; Plaque/Sign; Retail Frontage; Seating; Tables; Trees on Street; Trees within Space,green screen,0,0,0,0,0,0,,,,True,yes,,56.0,high,Bulletins highlight selected enforcement only; a zero count is not evidence of compliance.
M020007,Manhattan,26 ASTOR PLACE,Astor Place,1005447502,1087152,40.729513,-73.991236,Residential Plaza; Unbonused Open Space,2005,24 Hours,Residential Plaza 4498.00 sf; Unbonused Open Space 0.00 sf,Bicycle Parking; Drinking Fountain; Lighting; Litter Receptacles; None; Planting; Plaque/Sign; Seating; Tables; Trees within Space,,0,0,0,0,0,0,,,,True,yes,"[p.8] n New York City.2 Below is an example of one of the many POPS in New York City, as seen in a photograph taken on July 13, 2016. Privately Owned Public Space at 26 Astor Place, Manhattan Two different City agencies oversee aspects of developers’ compliance with their POPS agreements: the New York City Department of Buildings and the New York City Department of City Planning. Among other things, DOB enforces the City’s Building Code",57.0,high,Bulletins highlight selected enforcement only; a zero count is not evidence of compliance.
M020011,Manhattan,133 BLEECKER STREET,NYU Core,1005330001,1077835,40.728076,-73.997197,Public Access Area,,,,,,0,0,0,0,0,0,,,,False,,,,,Bulletins highlight selected enforcement only; a zero count is not evidence of compliance.
M020012,Manhattan,181 MERCER STREET,,1005240066,1090263,40.726794,-73.997954,Pedestrian Circulation Space; Public Plaza,,,,,,0,0,0,0,0,0,,,,False,,,,,Bulletins highlight selected enforcement only; a zero count is not evidence of compliance.
M030001,Manhattan,51 ASTOR PLACE,,1005540035,1089443,40.730068,-73.990168,Open Space,2012,24 Hours,Open Space 0.00 sf,Artwork; Bicycle Parking; Lighting; Litter Receptacles; Planting; Plaque/Sign; Seating; Trees within Space,,0,0,0,0,0,0,,,,True,yes,,58.0,high,Bulletins highlight selected enforcement only; a zero count is not evidence of compliance.
M030002,Manhattan,189 BOWERY,citizenM Bowery,1004250004,1090576,40.720604,-73.993499,Public Plaza,2018,24 Hours,Public Plaza 3383.30 sf,Artwork; Bicycle Parking; Drinking Fountain; Lighting; Litter Receptacles; Planting; Plaque/Sign; Retail Frontage; Seating; Tables; Trees on Street; Trees within Space,,0,0,0,0,0,0,,,,False,,,,,Bulletins highlight selected enforcement only; a zero count is not evidence of compliance.
M040001,Manhattan,555 WEST 57 STREET,BMW,1010867502,1027072,40.770402,-73.990491,Arcade; Plaza,1971,24 Hours,Arcade 9061.00 sf; Plaza 14359.00 sf,None,,1,1,0,0,1,12000,2022-08,bulletin_month,EA-202208-3b32cdbe85,True,yes,,59.0,high,Bulletins highlight selected enforcement only; a zero count is not evidence of compliance.
M040002,Manhattan,347 WEST 57 STREET,Colonnade,1010487501,1026058,40.767961,-73.984574,Plaza,1976,24 Hours,Plaza 2150.00 sf,None,,1,1,0,0,1,12800,2018-10,bulletin_month,EA-201810-e6aba99655,True,no,,60.0,high,Bulletins highlight selected enforcement only; a zero count is not evidence of compliance.
M040003,Manhattan,322 WEST 57 STREET,Sheffield,1010477503,1025450,40.766825,-73.984238,Arcade; Plaza,1978,24 Hours; Restricted Hours,Arcade 3499.69 sf; Plaza 30629.69 sf,Artwork; Bicycle Parking; Drinking Fountain; Food Service; Lighting; Litter Receptacles; None; Other Required; Planting; Plaque/Sign; Seating; Tables; Trees on Street; Trees within Space; Water Feature,"Plaza (on Ninth Avenue): 2,020 sf lawn, play equipment",0,0,0,0,0,0,,,,True,no,,61.0,high,Bulletins highlight selected enforcement only; a zero count is not evidence of compliance.
M040004,Manhattan,825 8 AVENUE,One Worldwide Plaza,1010400029,1076203,40.76223,-73.986943,Elliptical Arcades; Plaza; Subway Access Areas,1989,24 Hours; Restricted Hours,Elliptical Arcades 0.00 sf; Plaza 26806.00 sf; Subway Access Areas 0.00 sf,Bicycle Parking; Drinking Fountain; Escalator; Food Service; Lighting; Litter Receptacles; Other Required; Planting; Plaque/Sign; Programs; Restrooms; Retail Frontage; Seating; Subway; Tables; Trees on Street; Trees within Space; Water Feature,Plaza: pavilion on West 49th Street side of Plaza providing access for disabled persons to movies,1,1,0,0,1,5000,2023-06,bulletin_month,EA-202306-fb3e4697ce,True,no,,62.0,high,Bulletins highlight selected enforcement only; a zero count is not evidence of compliance.
M040007,Manhattan,330 WEST 56 STREET,,1010460047,1025442,40.766509,-73.985054,Arcade; Plaza,1974,24 Hours,Arcade 4898.00 sf; Plaza 2603.00 sf,None,,0,0,0,0,0,0,,,,True,no,,63.0,high,Bulletins highlight selected enforcement only; a zero count is not evidence of compliance.
M040008,Manhattan,1000 10 AVENUE,St. Luke's-Roosevelt Hospital Center,1010680001,1082718,40.769696,-73.986888,Public Open Space,1990,Restricted Hours,Public Open Space 13266.00 sf,Lighting; Litter Receptacles; Planting; Plaque/Sign; Seating; Trees on Street; Trees within Space,,0,0,0,0,0,0,,,,True,yes,,64.0,high,Bulletins highlight selected enforcement only; a zero count is not evidence of compliance.
M040009,Manhattan,650 WEST 42 STREET,River Place,1010890001,1085803,40.761271,-74.000466,Major Public Open Space; Public Open Space,1999,Restricted Hours,Major Public Open Space 0.00 sf; Public Open Space 0.00 sf,Drinking Fountain; Food Service; Lighting; Litter Receptacles; Other Required; Planting; Plaque/Sign; Retail Frontage; Seating; Tables; Trees on Street; Trees within Space,"dog run, pavilion in the northern corner; 1 play area",0,0,0,0,0,0,,,,False,,,,,Bulletins highlight selected enforcement only; a zero count is not evidence of compliance.
M040010,Manhattan,585 8 AVENUE,,1007620038,1090194,40.755262,-73.991731,Public Plaza,2013,24 Hours,Public Plaza 2220.00 sf,Bicycle Parking; Drinking Fountain; Lighting; Litter Receptacles; Planting; Plaque/Sign; Retail Frontage; Seating; Tables; Trees on Street; Trees within Space,,0,0,0,0,0,0,,,,False,,,,,Bulletins highlight selected enforcement only; a zero count is not evidence of compliance.
M040011,Manhattan,525 8 AVENUE,,1007600039,1085726,40.753821,-73.992669,Public Plaza,2019,24 Hours,Public Plaza 2408.50 sf,Bicycle Parking; Drinking Fountain; Lighting; Litter Receptacles; Planting; Plaque/Sign; Retail Frontage; Seating; Tables; Trees within Space,,0,0,0,0,0,0,,,,False,,,,,Bulletins highlight selected enforcement only; a zero count is not evidence of compliance.
M040012,Manhattan,76 11 AVENUE,HFZ Plaza,1006897501,1089807,40.7447,-74.00742,At-Grade Plaza,,,,,,0,0,0,0,0,0,,,,False,,,,,Bulletins highlight selected enforcement only; a zero count is not evidence of compliance.
M040013,Manhattan,501 WEST 52 STREET,Clinton Green,1010810029,1081740,40.766241,-73.991004,Linear Open Space; Open Space,,,,,,0,0,0,0,0,0,,,,False,,,,,Bulletins highlight selected enforcement only; a zero count is not evidence of compliance.
M040014,Manhattan,545 WEST 30 STREET,Hudson Yards Eastern Rail Yards Subarea A1,1007027502,1091045,40.753267,-74.002841,'Covered Pedestrian Space'; Public Access Area,,,,Plaque/Sign,,0,0,1,1,1,0,,,,False,,,,,Bulletins highlight selected enforcement only; a zero count is not evidence of compliance.
M040015,Manhattan,450 WEST 33 STREET,,1007297503,1089695,40.753045,-73.999448,Public Access Area,,,,,,0,0,0,0,0,0,,,,False,,,,,Bulletins highlight selected enforcement only; a zero count is not evidence of compliance.
M040016,Manhattan,401 WEST 31 STREET,Hudson Yards / Manhattan West (Subarea B2),1007297505,1089694,40.752087,-73.997957,Art Plaza; Central Plaza; Entry Plaza,,,,,,0,0,0,0,0,0,,,,False,,,,,Bulletins highlight selected enforcement only; a zero count is not evidence of compliance.
M050002,Manhattan,36 CENTRAL PARK SOUTH,Park Lane Hotel,1012740011,1035251,40.764811,-73.97538,Arcade; Plaza,1971,24 Hours,Arcade 2098.00 sf; Plaza 1958.00 sf,None; Trees on Street,,0,0,0,0,0,0,,,,True,yes,,65.0,high,Bulletins highlight selected enforcement only; a zero count is not evidence of compliance.
M050003,Manhattan,767 5 AVENUE,General Motors Building,1012940001,1036082,40.763609,-73.972435,Arcade; Plaza,1968,24 Hours,Arcade 1971.00 sf; Plaza 19730.00 sf,Artwork; Lighting; Litter Receptacles; None; Planting; Plaque/Sign; Retail Frontage; Seating; Tables; Trees within Space; Water Feature,,0,0,0,0,0,0,,,,True,no,,66.0,high,Bulletins highlight selected enforcement only; a zero count is not evidence of compliance.
M050004,Manhattan,500 PARK AVENUE,500 Park Tower,1012940037,1036084,40.762894,-73.970356,Arcade; Sidewalk Widening; Urban Plaza,1984,24 Hours,Arcade 2695.00 sf; Sidewalk Widening 1173.40 sf; Urban Plaza 1479.00 sf,Lighting; None; Planting; Plaque/Sign; Retail Frontage; Trees on Street,,0,0,0,0,0,0,,,,True,yes,,67.0,high,Bulletins highlight selected enforcement only; a zero count is not evidence of compliance.
M050005,Manhattan,499 PARK AVENUE,,1013130004,1037164,40.76254,-73.969605,Glass-Enclosed Urban Plaza Equivalent; Open Urban Plaza Equivalent; Sidewalk Widening Equivalent; Through Block Arcade Equivalent,1980,24 Hours,Glass-Enclosed Urban Plaza Equivalent 1450.00 sf; Open Urban Plaza Equivalent 525.00 sf; Sidewalk Widening Equivalent 487.00 sf; Through Block Arcade Equivalent 1540.00 sf,Lighting; None; Plaque/Sign; Seating; Trees within Space,,0,0,0,0,0,0,,,,True,yes,,68.0,high,Bulletins highlight selected enforcement only; a zero count is not evidence of compliance.
M050006,Manhattan,110 EAST 59 STREET,,1013130005,1037165,40.762219,-73.969317,Arcade; Plaza (in C5-3); Plaza (in C6-4),1968,24 Hours,Arcade 4210.00 sf; Plaza (in C5-3) 4786.00 sf; Plaza (in C6-4) 398.00 sf,None,,0,0,0,0,0,0,,,,True,yes,,69.0,high,Bulletins highlight selected enforcement only; a zero count is not evidence of compliance.
M050007,Manhattan,115 EAST 57 STREET,Galleria,1013127501,1036926,40.761711,-73.969757,Covered Pedestrian Space,1974,Restricted Hours,Covered Pedestrian Space 7419.29 sf,Climate Control; Lighting; Other Required; Planting; Plaque/Sign; Programs; Retail Frontage; Seating; Tables; Trees within Space; Water Feature,skylight,0,0,0,0,0,0,,,,True,no,,70.0,high,Bulletins highlight selected enforcement only; a zero count is not evidence of compliance.
M050008,Manhattan,9 WEST 57 STREET,Solow,1012730022,1035071,40.763886,-73.974991,Arcade; Plaza,1972,24 Hours,Arcade 10970.90 sf; Plaza 17596.90 sf,None,,0,0,0,0,0,0,,,,True,no,,71.0,high,Bulletins highlight selected enforcement only; a zero count is not evidence of compliance.
M050009,Manhattan,58 WEST 58 STREET,,1012737501,1035078,40.764458,-73.976351,Arcade; Plaza,1968,24 Hours,Arcade 1500.00 sf; Plaza 4918.48 sf,None,,0,0,0,0,0,0,,,,True,no,,72.0,high,Bulletins highlight selected enforcement only; a zero count is not evidence of compliance.
M050010,Manhattan,211 WEST 56 STREET,Carnegie Mews,1010280017,1024894,40.765474,-73.98147,Plaza,1976,24 Hours,Plaza 4773.50 sf,Other Required; Planting,access ramp from West 56th Street to Plaza,0,0,0,0,0,0,,,,True,construction,,73.0,high,Bulletins highlight selected enforcement only; a zero count is not evidence of compliance.
M050011,Manhattan,888 7 AVENUE,,1010280029,1024895,40.765361,-73.980881,Plaza,1970,24 Hours,Plaza 12317.00 sf,None,,0,0,0,0,0,0,,,,True,yes,,82.0,high,Bulletins highlight selected enforcement only; a zero count is not evidence of compliance.
M050012,Manhattan,118 WEST 57 STREET,Le Parker Meridien Hotel,1010090019,1023455,40.764263,-73.978481,Plaza; Through Block Arcade,1979,24 Hours; Restricted Hours,Plaza 3000.00 sf; Through Block Arcade 6820.00 sf,Artwork; Lighting; Other Required; Planting; Plaque/Sign; Retail Frontage; Seating; Tables; Trees within Space,skylight above middle portion,0,0,0,0,0,0,,,,True,no,,84.0,high,Bulletins highlight selected enforcement only; a zero count is not evidence of compliance.
M050013,Manhattan,40 WEST 57 STREET,,1012720063,1035057,40.763549,-73.976359,Plaza; Through Block Arcade,1972,24 Hours; Restricted Hours,Plaza 5183.74 sf; Through Block Arcade 4366.12 sf,Lighting; Planting,,0,0,0,0,0,0,,,,True,yes,,85.0,high,Bulletins highlight selected enforcement only; a zero count is not evidence of compliance.
M050014,Manhattan,725 5 AVENUE,Trump Tower,1012927501,1035794,40.762311,-73.973894,Covered Pedestrian Space; Landscaped Terraces; Passageway,1983,Closing for Events; Restricted Hours,Covered Pedestrian Space 6626.00 sf; Landscaped Terraces 6336.00 sf; Passageway 0.00 sf,Climate Control; Elevator; Escalator; Lighting; Litter Receptacles; Other Required; Planting; Plaque/Sign; Restrooms; Retail Frontage; Seating; Tables; Trees within Space; Water Feature,"Landscaped Terrace (Fifth Floor), Passageway: multiple pedestrian connections to Niketown; skylight",0,0,0,0,0,0,,,,True,no,,86.0,high,Bulletins highlight selected enforcement only; a zero count is not evidence of compliance.
M050015,Manhattan,590 MADISON AVENUE,,1012920015,1035778,40.762105,-73.973042,Arcade; Covered Pedestrian Space; Seating Area; Through Block Arcade; Urban Plaza,1982,24 Hours; Closing for Events; Restricted Hours,Arcade 1851.00 sf; Covered Pedestrian Space 8261.00 sf; Seating Area 0.00 sf; Through Block Arcade 4669.00 sf; Urban Plaza 1821.00 sf,Artwork; Food Service; Lighting; Litter Receptacles; None; Other Required; Plaque/Sign; Retail Frontage; Seating; Tables; Trees on Street; Trees within Space; Water Feature,access from 8:00 am to 10:00 pm from Through Block Arcade to passageway connecting to adjacent Trump Tower and to Fifth Avenue,0,0,0,0,0,0,,,,True,yes,,87.0,high,Bulletins highlight selected enforcement only; a zero count is not evidence of compliance.
M050016,Manhattan,450 PARK AVENUE,,1012920037,1035780,40.761495,-73.971328,Plaza,1971,24 Hours,Plaza 3900.00 sf,Lighting; Other Required; Planting; Seating; Trees on Street; Water Feature,access from Plaza to lobby,0,0,0,0,0,0,,,,True,no,,88.0,high,Bulletins highlight selected enforcement only; a zero count is not evidence of compliance.
M050017,Manhattan,230 WEST 27 STREET,,1007760055,1014237,40.747028,-73.995362,Plaza,1974,24 Hours,Plaza 3093.64 sf,None,,1,1,0,0,1,10000,2023-01,bulletin_month,EA-202301-4e14bbe5b2,True,yes,,89.0,high,Bulletins highlight selected enforcement only; a zero count is not evidence of compliance.
M050018,Manhattan,550 MADISON AVENUE,Sony,1012910010,1035769,40.761462,-73.973504,Arcade; Covered Pedestrian Space,1983,24 Hours; Closing for Events; Restricted Hours,Arcade 3542.00 sf; Covered Pedestrian Space 10164.00 sf,Climate Control; Food Service; Lighting; Litter Receptacles; Other Required; Plaque/Sign; Restrooms; Retail Frontage; Seating; Tables; Trees on Street; Trees within Space,"10,600 sf exhibit area (Sony Wonder) required to be open Tuesday through Saturday, 9:30 am to 5:00 pm; 70-seat assembly space within the exhibit area available for use by the city's non-profit community for meetings when not in use by Sony Wonder; access to and from Covered Pedestrian Space and Madison Avenue through Sony office building lobby; mobile vendor cart of approximately 65 sf to sell merchandise and/or food",0,0,0,0,0,0,,,,True,no,,90.0,high,Bulletins highlight selected enforcement only; a zero count is not evidence of compliance.
M050019,Manhattan,1370 6 AVENUE,1370 Avenue of the Americas,1012710071,1034855,40.763275,-73.977471,Plaza,1971,24 Hours,Plaza 4449.00 sf,Lighting; Planting; Plaque/Sign; Seating,,0,0,0,0,0,0,,,,True,no,,91.0,high,Bulletins highlight selected enforcement only; a zero count is not evidence of compliance.
M050020,Manhattan,230 WEST 55 STREET,La Premiere,1010267502,1078861,40.764686,-73.982694,Residential Plaza,1979,Restricted Hours,Residential Plaza 5215.00 sf,Artwork; Bicycle Parking; Drinking Fountain; Lighting; Litter Receptacles; Planting; Plaque/Sign; Seating; Trees on Street; Trees within Space,,0,0,0,0,0,0,,,,True,no,,92.0,high,Bulletins highlight selected enforcement only; a zero count is not evidence of compliance.
M050021,Manhattan,1345 6 AVENUE,Alliance Capital,1010070029,1083719,40.763064,-73.979254,Plaza,1968,24 Hours,Plaza 30171.00 sf,Artwork; Bicycle Parking; Drinking Fountain; Lighting; Litter Receptacles; Planting; Plaque/Sign; Seating; Tables; Trees within Space; Water Feature,,1,1,1,1,2,5000,2023-11,bulletin_month,EA-202311-c8fe24e364,True,no,,93.0,high,Bulletins highlight selected enforcement only; a zero count is not evidence of compliance.
M050022,Manhattan,1350 6 AVENUE,Men's Apparel,1012700071,1034815,40.762575,-73.977778,Plaza,1966,24 Hours,Plaza 5879.50 sf,None,,0,0,0,0,0,0,,,,True,yes,,94.0,high,Bulletins highlight selected enforcement only; a zero count is not evidence of compliance.
M050024,Manhattan,535 MADISON AVENUE,Warburg Dillon Read,1012900021,1035747,40.76043,-73.973277,Arcade; Urban Plaza,1982,24 Hours,Arcade 1700.00 sf; Urban Plaza 4869.30 sf,Artwork; Bicycle Parking; Food Service; Lighting; Litter Receptacles; Planting; Plaque/Sign; Retail Frontage; Seating; Tables; Trees on Street; Trees within Space,,0,0,0,0,0,0,,,,True,no,,95.0,high,Bulletins highlight selected enforcement only; a zero count is not evidence of compliance.
M050025,Manhattan,520 MADISON AVENUE,,1012890014,1035727,40.760258,-73.974476,Sidewalk Widening; Urban Plaza,1982,24 Hours,Sidewalk Widening 5353.00 sf; Urban Plaza 2610.00 sf,Lighting; Litter Receptacles; Planting; Plaque/Sign; Retail Frontage; Seating; Tables; Trees on Street; Trees within Space; Water Feature,,0,0,0,0,0,0,,,,True,no,,96.0,high,Bulletins highlight selected enforcement only; a zero count is not evidence of compliance.
M050026,Manhattan,1330 6 AVENUE,,1012690001,1034522,40.761966,-73.978478,Plaza,1965,24 Hours,Plaza 6312.00 sf,Artwork; Lighting; Litter Receptacles; Planting; Plaque/Sign; Retail Frontage; Seating; Tables,,0,0,0,0,0,0,,,,True,yes,,97.0,high,Bulletins highlight selected enforcement only; a zero count is not evidence of compliance.
M050027,Manhattan,825 7 AVENUE,Tower 53,1010067501,1023166,40.762998,-73.981279,Plaza,1967,24 Hours,Plaza 2554.70 sf,None,,0,0,0,0,0,0,,,,True,no,,98.0,high,Bulletins highlight selected enforcement only; a zero count is not evidence of compliance.
M050028,Manhattan,1700 BROADWAY,,1010250025,1024836,40.763512,-73.982272,Plaza,1968,24 Hours,Plaza 8241.00 sf,Bicycle Parking; Lighting; Litter Receptacles; Other Required; Planting; Plaque/Sign; Seating; Tables; Trees within Space,green screen,0,0,0,0,0,0,,,,True,no,,99.0,high,Bulletins highlight selected enforcement only; a zero count is not evidence of compliance.
M050029,Manhattan,810 7 AVENUE,,1010240038,1024828,40.762913,-73.982525,Plaza,1970,24 Hours,Plaza 6575.00 sf,Litter Receptacles; Other Required; Planting; Plaque/Sign; Seating; Trees within Space,trellised arcade in Plaza along West 53rd Street,0,0,0,0,0,0,,,,True,yes,,100.0,high,Bulletins highlight selected enforcement only; a zero count is not evidence of compliance.
M050030,Manhattan,1301 6 AVENUE,,1010050029,1023161,40.761768,-73.980027,Arcade; Plaza,1964,24 Hours,Arcade 6274.00 sf; Plaza 18376.07 sf,None,,0,0,0,0,0,0,,,,True,yes,,101.0,high,Bulletins highlight selected enforcement only; a zero count is not evidence of compliance.
M050031,Manhattan,51 WEST 52 STREET,CBS,1012680001,1081406,40.761227,-73.978746,Plaza,1965,24 Hours,Plaza 10731.60 sf,None,,0,0,0,0,0,0,,,,True,no,,102.0,high,Bulletins highlight selected enforcement only; a zero count is not evidence of compliance.
M050032,Manhattan,10 EAST 53 STREET,HarperCollins,1012880007,1035709,40.759813,-73.975317,Plaza; Through Block Arcade,1971,24 Hours; Restricted Hours,Plaza 2890.00 sf; Through Block Arcade 3723.50 sf,Artwork; Bicycle Parking; Climate Control; Lighting; Litter Receptacles; Other Required; Planting; Plaque/Sign; Retail Frontage; Seating; Tables; Trees on Street,"12' 5"" x 12' 8"" green screen, 2 brushed stainless steel canopies",0,0,0,0,0,0,,,,True,no,,103.0,high,Bulletins highlight selected enforcement only; a zero count is not evidence of compliance.
M050033,Manhattan,55 EAST 52 STREET,Park Avenue Plaza,1012880027,1083869,40.759124,-73.973671,Through Block Arcade,1979,Restricted Hours,Through Block Arcade 13000.00 sf,Artwork; Bicycle Parking; Climate Control; Drinking Fountain; Food Service; Lighting; Litter Receptacles; Other Required; Planting; Plaque/Sign; Restrooms; Retail Frontage; Seating; Tables; Trees within Space; Water Feature,"skylight, glass crystal detail and lighting on east wall, 8 transparent glass floor to ceiling columns",0,0,0,0,0,0,,,,True,no,,104.0,high,Bulletins highlight selected enforcement only; a zero count is not evidence of compliance.
M050034,Manhattan,345 PARK AVENUE,,1013060001,1036460,40.757754,-73.972426,Plaza,1968,24 Hours,Plaza 24928.00 sf,None,,0,0,0,0,0,0,,,,True,yes,,105.0,high,Bulletins highlight selected enforcement only; a zero count is not evidence of compliance.
M050035,Manhattan,645 5 AVENUE,Olympic Tower,1012877501,1035481,40.759199,-73.976086,Covered Pedestrian Space,1974,Restricted Hours,Covered Pedestrian Space 8681.00 sf,Artwork; Climate Control; Elevator; Food Service; Lighting; Other Required; Planting; Plaque/Sign; Programs; Restrooms; Retail Frontage; Seating; Tables; Trees within Space; Water Feature,"public stair between ground and lower level, 41,013 sf of extra Use Group F Retail Space in the building, 507 sf museum display space on street level, informational desk, WiFi, skylight, telephones, museum shop at lower level foyer",0,0,0,0,0,0,,,,True,no,,106.0,high,Bulletins highlight selected enforcement only; a zero count is not evidence of compliance.
M050036,Manhattan,650 5 AVENUE,,1012670041,1034517,40.75977,-73.976804,Cellar Floor Public Space; Covered Pedestrian Space,1977,Restricted Hours,Cellar Floor Public Space 0.00 sf; Covered Pedestrian Space 3363.00 sf,Climate Control; Escalator; Lighting; Litter Receptacles; Other Required; Planting; Plaque/Sign; Retail Frontage; Seating; Tables; Trees within Space,"pedestrian bridge over Cellar Floor Public Space; Cellar Floor Public Space, Covered Pedestrian Space: stone and granite paving; stone and granite paving",0,0,0,0,0,0,,,,True,yes,,107.0,high,Bulletins highlight selected enforcement only; a zero count is not evidence of compliance.
M050037,Manhattan,1285 6 AVENUE,PaineWebber,1010040029,1023158,40.761165,-73.980533,Pedestrian Circulation Space; Sidewalk Widening; Through Block Galleria; Urban Plaza,1984,24 Hours; Restricted Hours,Pedestrian Circulation Space 0.00 sf; Sidewalk Widening 0.00 sf; Through Block Galleria 8185.96 sf; Urban Plaza 9944.10 sf,Artwork; Drinking Fountain; Escalator; Lighting; Litter Receptacles; None; Planting; Plaque/Sign; Retail Frontage; Seating; Tables; Trees on Street; Trees within Space; Water Feature,,0,0,0,0,0,0,,,,True,no,,108.0,high,Bulletins highlight selected enforcement only; a zero count is not evidence of compliance.
M050038,Manhattan,1633 BROADWAY,Paramount Plaza,1010220043,1024812,40.762107,-73.984702,Special Permit Arcade; Special Permit Plaza; Underground Concourse,1971,24 Hours,Special Permit Arcade 8033.20 sf; Special Permit Plaza 23666.00 sf; Underground Concourse 6420.00 sf,Bicycle Parking; Lighting; Litter Receptacles; Other Required; Planting; Plaque/Sign; Retail Frontage; Seating; Subway; Tables; Trees within Space,"2 legitimate theaters (one of 1,600 to 1,800 seats and one of 350 to 650 seats)",0,0,0,0,0,0,,,,True,construction,,109.0,high,Bulletins highlight selected enforcement only; a zero count is not evidence of compliance.
M050039,Manhattan,457 MADISON AVENUE,New York Palace Hotel,1012860053,1035466,40.758249,-73.975,Courtyard,1978,24 Hours,Courtyard 5914.30 sf,Litter Receptacles; Other Required; Planting; Plaque/Sign; Programs; Seating; Water Feature,"through block pedestrian circulation through hotel lobby from East 50th and 51st Streets and Madison Avenue entrances, available at least Monday through Friday, 7:30 am to 9:00 pm, excluding holidays",0,0,0,0,0,0,,,,True,no,,110.0,high,Bulletins highlight selected enforcement only; a zero count is not evidence of compliance.
M050040,Manhattan,560 LEXINGTON AVENUE,,1013050013,1036451,40.756859,-73.97264,Arcade; Covered Pedestrian Space; Public Access Area,1981,24 Hours,Arcade 2421.00 sf; Covered Pedestrian Space 3489.00 sf; Public Access Area 0.00 sf,Artwork; Lighting; Litter Receptacles; Planting; Plaque/Sign; Retail Frontage; Seating; Subway; Tables; Trees on Street; Trees within Space,,0,0,0,0,0,0,,,,True,no,,111.0,high,Bulletins highlight selected enforcement only; a zero count is not evidence of compliance.
M050041,Manhattan,437 MADISON AVENUE,,1012850021,1035455,40.75737,-73.975394,Arcade; Plaza,1968,24 Hours,Arcade 1160.00 sf; Plaza 11385.00 sf,Bicycle Parking; Drinking Fountain; Lighting; Litter Receptacles; None; Planting; Plaque/Sign; Retail Frontage; Seating; Tables; Trees on Street; Trees within Space,,0,0,1,1,1,0,,,,True,no,,112.0,high,Bulletins highlight selected enforcement only; a zero count is not evidence of compliance.
M050042,Manhattan,1251 6 AVENUE,1251 Avenue of the Americas,1010027501,1022706,40.759971,-73.981612,Plaza,1970,24 Hours,Plaza 29819.90 sf,None,,0,0,0,0,0,0,,,,True,yes,,113.0,high,Bulletins highlight selected enforcement only; a zero count is not evidence of compliance.
M050043,Manhattan,1221 6 AVENUE,McGraw-Hill,1010010029,1022693,40.759381,-73.982067,Plaza; Sunken Plaza,1971,24 Hours,Plaza 28613.17 sf; Sunken Plaza 0.00 sf,Bicycle Parking; Lighting; Litter Receptacles; Planting; Plaque/Sign; Retail Frontage; Seating; Subway; Tables; Trees within Space,,0,0,0,0,0,0,,,,True,no,,114.0,high,Bulletins highlight selected enforcement only; a zero count is not evidence of compliance.
M050045,Manhattan,280 PARK AVENUE,,1012840033,1035441,40.756418,-73.975094,Plaza,1968,24 Hours,Plaza 17603.00 sf,Bicycle Parking; Drinking Fountain; Food Service; Lighting; Litter Receptacles; Planting; Plaque/Sign; Retail Frontage; Seating; Tables; Trees on Street; Trees within Space,,0,0,0,0,0,0,,,,True,no,,115.0,high,Bulletins highlight selected enforcement only; a zero count is not evidence of compliance.
M050046,Manhattan,299 PARK AVENUE,Westvaco,1013030001,1036223,40.756014,-73.974138,Arcade; Plaza,1967,24 Hours,Arcade 578.30 sf; Plaza 15313.00 sf,None,,0,0,0,0,0,0,,,,True,yes,,116.0,high,Bulletins highlight selected enforcement only; a zero count is not evidence of compliance.
M050047,Manhattan,1211 6 AVENUE,1211 Avenue of the Americas,1010000029,1022678,40.758664,-73.982399,Plaza; Subway Concourse; Through Block Arcade,1973,24 Hours,Plaza 21872.00 sf; Subway Concourse 0.00 sf; Through Block Arcade 5579.27 sf,Escalator; Lighting; None; Retail Frontage; Subway,,0,0,0,0,0,0,,,,True,yes,,117.0,high,Bulletins highlight selected enforcement only; a zero count is not evidence of compliance.
M050048,Manhattan,1185 6 AVENUE,Stevens Tower,1009990029,1083717,40.757899,-73.982519,Basement Concourse; Landscaped Pedestrian Plaza; Special Permit Plaza,1970,24 Hours,Basement Concourse 0.00 sf; Landscaped Pedestrian Plaza 9991.29 sf; Special Permit Plaza 6138.08 sf,Escalator; Food Service; Lighting; Other Required; Planting; Seating; Subway; Tables; Trees within Space; Water Feature,legitimate theater of 300 to 450 seats below grade and accessed from the Landscaped Pedestrian Plaza,0,0,0,0,0,0,,,,True,no,,118.0,high,Bulletins highlight selected enforcement only; a zero count is not evidence of compliance.
M050049,Manhattan,575 5 AVENUE,,1012827501,1035407,40.756268,-73.978242,Covered Pedestrian Space,1983,Restricted Hours,Covered Pedestrian Space 3442.00 sf,Artwork; Climate Control; Drinking Fountain; Food Service; Lighting; Planting; Plaque/Sign; Restrooms; Retail Frontage; Seating; Tables,,0,0,0,0,0,0,,,,True,no,,119.0,high,Bulletins highlight selected enforcement only; a zero count is not evidence of compliance.
M050050,Manhattan,245 PARK AVENUE,,1013010001,1036205,40.754626,-73.974723,Arcade; Plaza,1966,24 Hours,Arcade 10401.75 sf; Plaza 19137.80 sf,Bicycle Parking; Lighting; Litter Receptacles; None; Planting; Plaque/Sign; Seating; Tables,,0,0,0,0,0,0,,,,True,no,,120.0,high,Bulletins highlight selected enforcement only; a zero count is not evidence of compliance.
M050051,Manhattan,10 EAST 29 STREET,Madison Belvedere,1008580008,1087326,40.744642,-73.986214,Residential Plaza,1998,Restricted Hours,Residential Plaza 12699.00 sf,Bicycle Parking; Drinking Fountain; Lighting; Litter Receptacles; Other Required; Planting; Plaque/Sign; Seating; Tables; Trees on Street; Trees within Space,Primary Space: steel pipe colored landscape feature,1,1,0,0,1,5000,2019-12,bulletin_month,EA-201912-a9e72ace8a,False,,,,,Bulletins highlight selected enforcement only; a zero count is not evidence of compliance.
M050052,Manhattan,1166 6 AVENUE,,1012617501,1071414,40.75682,-73.981851,Arcade; Plaza; Through Block Plaza,1972,24 Hours; Restricted Hours,Arcade 4750.00 sf; Plaza 5759.50 sf; Through Block Plaza 17035.00 sf,Artwork; Bicycle Parking; Drinking Fountain; Lighting; Litter Receptacles; Other Required; Planting; Plaque/Sign; Seating; Tables; Trees on Street; Trees within Space; Water Feature,florist or food concession adjacent to the Through Block Plaza,0,0,0,0,0,0,,,,True,no,,121.0,high,Bulletins highlight selected enforcement only; a zero count is not evidence of compliance.
M050053,Manhattan,1515 BROADWAY,One Astor Place,1010160036,1024714,40.757929,-73.986439,Pedestrian Thoroughfare; Shubert Alley,1971,24 Hours,Pedestrian Thoroughfare 0.00 sf; Shubert Alley 0.00 sf,None,,0,0,0,0,0,0,,,,True,yes,,122.0,high,Bulletins highlight selected enforcement only; a zero count is not evidence of compliance.
M050054,Manhattan,1155 6 AVENUE,,1009970029,1022631,40.756672,-73.98336,Arcade; Sidewalk Widening; Urban Plaza,1983,24 Hours,Arcade 1460.00 sf; Sidewalk Widening 3714.00 sf; Urban Plaza 4258.00 sf,Bicycle Parking; Drinking Fountain; Lighting; Litter Receptacles; None; Planting; Plaque/Sign; Retail Frontage; Seating; Trees on Street; Trees within Space,,0,0,0,0,0,0,,,,True,construction,,123.0,high,Bulletins highlight selected enforcement only; a zero count is not evidence of compliance.
M050055,Manhattan,1133 6 AVENUE,,1009960029,1080824,40.756057,-73.983866,Plaza,1969,24 Hours,Plaza 5177.00 sf,Litter Receptacles; Planting; Plaque/Sign; Seating,,0,0,0,0,0,0,,,,True,yes,,124.0,high,Bulletins highlight selected enforcement only; a zero count is not evidence of compliance.
M050057,Manhattan,1114 6 AVENUE,Grace,1012580009,1034196,40.754825,-73.982848,Arcade; Plaza,1971,24 Hours,Arcade 3710.00 sf; Plaza 19659.59 sf,Bicycle Parking; Drinking Fountain; Lighting; Litter Receptacles; None; Planting; Plaque/Sign; Retail Frontage; Seating; Tables; Trees within Space,,0,0,0,0,0,0,,,,True,no,"[p.23] ed on May 9, 2012 in which the complainant stated that barriers of obstruction were erected around one of two cafes in the Plaza portion of the POPS located at 1114 Sixth Avenue in Manhattan. These barriers created private 7DOB inspectors did not inspect the remaining 9 complaints but rather referred to the disposition of other complaints that were investigated at the same locations. Office of New York City Comptroller Scott M. Strin || [p.24] mplaint because the weather would have been more appropriate for having a barrier enclosing outdoor seating for the restaurant. Privately Owned Public Space at 1114 Sixth Avenue dated July 13, 2016 In addition, an August 2014 photo of the site taken from Google Maps (below) shows the same barriers around the seating. Office of New York City Comptroller Scott M. Stringer SR16-102A 21 || [p.25] locations were impermissibly closed during the weekend or at night. For example, DOB received a complaint on December 7, 2013 stating that the plaza located at 1114 Sixth Avenue in Manhattan had a sign stating it was open 24 hours and no times when it would be closed. The complainant reported being denied access on a weekend by a security guard who stated that the POPS was not open on weekends. On Monday, December 16, 2013, a DOB ins",125.0,high,Bulletins highlight selected enforcement only; a zero count is not evidence of compliance.
M050058,Manhattan,6 EAST 43 STREET,Emigrant Savings Bank,1012770008,1035347,40.753507,-73.979798,Plaza,1968,24 Hours,Plaza 1524.96 sf,None,,0,0,0,0,0,0,,,,True,yes,,126.0,high,Bulletins highlight selected enforcement only; a zero count is not evidence of compliance.
M050059,Manhattan,120 PARK AVENUE,Philip Morris,1012760033,1035334,40.751928,-73.978305,Arcade; Covered Pedestrian Space,1982,24 Hours; Restricted Hours,Arcade 4081.00 sf; Covered Pedestrian Space 5102.50 sf,Artwork; Climate Control; Escalator; Food Service; Lighting; Other Required; Planting; Plaque/Sign; Programs; Restrooms; Retail Frontage; Seating; Subway; Tables; Trees within Space,special exhibition area adjacent to Covered Pedestrian Space used by Whitney Museum of American Art with changing exhibits about six times a year,0,0,0,0,0,0,,,,True,no,,127.0,high,Bulletins highlight selected enforcement only; a zero count is not evidence of compliance.
M050060,Manhattan,1095 6 AVENUE,Bell Atlantic,1009947501,1087119,40.754754,-73.985006,Special Permit Plaza; Subway Concourse,1971,24 Hours,Special Permit Plaza 17034.18 sf; Subway Concourse 0.00 sf,Artwork; Bicycle Parking; Drinking Fountain; Lighting; Litter Receptacles; Planting; Plaque/Sign; Programs; Seating; Subway; Tables; Trees on Street; Trees within Space,,0,0,0,0,0,0,,,,True,no,,128.0,high,Bulletins highlight selected enforcement only; a zero count is not evidence of compliance.
M050061,Manhattan,101 PARK AVENUE,,1012950001,1036144,40.750874,-73.977756,Arcade; Sidewalk Widening; Urban Plaza,1983,24 Hours,Arcade 855.00 sf; Sidewalk Widening 1722.43 sf; Urban Plaza 13874.00 sf,Artwork; Lighting; Litter Receptacles; Plaque/Sign; Retail Frontage; Seating; Trees on Street; Trees within Space; Water Feature,,0,0,1,1,1,0,,,,True,no,,129.0,high,Bulletins highlight selected enforcement only; a zero count is not evidence of compliance.
M050062,Manhattan,445 5 AVENUE,Fifth Avenue Tower,1008697501,1017603,40.751588,-73.981752,Urban Plaza,1985,24 Hours,Urban Plaza 2263.00 sf,Lighting; Litter Receptacles; Other Required; Planting; Plaque/Sign; Retail Frontage; Seating; Trees on Street; Trees within Space; Water Feature,colonnade,1,1,0,0,1,10000,2022-12,bulletin_month,EA-202212-c8b50ced5a,True,no,,130.0,high,Bulletins highlight selected enforcement only; a zero count is not evidence of compliance.
M050063,Manhattan,1411 BROADWAY,World Apparel Center,1008150001,1015275,40.754194,-73.987566,Arcade; Plaza,1968,24 Hours,Arcade 1119.00 sf; Plaza 14851.00 sf,Artwork; Bicycle Parking; Drinking Fountain; Lighting; Litter Receptacles; Planting; Plaque/Sign; Retail Frontage; Seating; Tables; Trees on Street; Trees within Space,,0,0,0,0,0,0,,,,True,no,,131.0,high,Bulletins highlight selected enforcement only; a zero count is not evidence of compliance.
M050064,Manhattan,1 PENNSYLVANIA PLAZA,One Penn Plaza,1007830070,1014387,40.751263,-73.992374,Arcade; Plaza,1972,24 Hours,Arcade 3822.00 sf; Plaza 50095.50 sf,Artwork; Bicycle Parking; Drinking Fountain; Lighting; Litter Receptacles; Plaque/Sign; Retail Frontage; Seating; Tables; Trees within Space,,0,0,1,1,1,0,,,,True,no,,132.0,high,Bulletins highlight selected enforcement only; a zero count is not evidence of compliance.
M050065,Manhattan,3 PARK AVENUE,Three Park Avenue,1008897501,1087537,40.746511,-73.981075,Arcade; Plaza,1974,24 Hours,Arcade 2761.00 sf; Plaza 8862.00 sf,None,,0,0,1,1,1,0,,,,True,no,,133.0,high,Bulletins highlight selected enforcement only; a zero count is not evidence of compliance.
M050066,Manhattan,475 PARK AVENUE SOUTH,,1008870095,1018471,40.745402,-73.982089,Arcade; Plaza,1969,24 Hours,Arcade 1542.75 sf; Plaza 6424.50 sf,None,,0,0,0,0,0,0,,,,True,construction,,134.0,high,Bulletins highlight selected enforcement only; a zero count is not evidence of compliance.
M050067,Manhattan,1250 BROADWAY,,1008330011,1015805,40.747774,-73.987874,Arcade; Plaza,1968,24 Hours,Arcade 1035.72 sf; Plaza 8562.55 sf,Bicycle Parking; Drinking Fountain; Lighting; Litter Receptacles; None; Planting; Plaque/Sign; Retail Frontage; Seating; Trees on Street; Trees within Space,,0,0,0,0,0,0,,,,True,yes,,135.0,high,Bulletins highlight selected enforcement only; a zero count is not evidence of compliance.
M050068,Manhattan,2 PENNSYLVANIA PLAZA,Two Penn Plaza/Madison Square Garden,1007810002,1083026,40.749981,-73.992132,Plaza (C6-2); Plaza (C6-4),1967,24 Hours,Plaza (C6-2) 18124.40 sf; Plaza (C6-4) 0.00 sf,None,,0,0,1,1,1,0,,,,True,yes,,136.0,high,Bulletins highlight selected enforcement only; a zero count is not evidence of compliance.
M050069,Manhattan,41 MADISON AVENUE,New York Merchandise Mart,1008550037,1016749,40.742383,-73.986269,Arcade; Plaza,1972,24 Hours,Arcade 571.95 sf; Plaza 4785.00 sf,Lighting; Litter Receptacles; Planting; Plaque/Sign; Seating,,0,0,0,0,0,0,,,,True,construction,,137.0,high,Bulletins highlight selected enforcement only; a zero count is not evidence of compliance.
M050070,Manhattan,5 EAST 22 STREET,Madison Green,1008517501,1016304,40.740794,-73.988889,Residential Plaza,1983,Restricted Hours,Residential Plaza 13142.53 sf,Artwork; Bicycle Parking; Drinking Fountain; Lighting; Litter Receptacles; Planting; Plaque/Sign; Seating; Trees on Street; Trees within Space,,0,0,0,0,0,0,,,,True,no,,138.0,high,Bulletins highlight selected enforcement only; a zero count is not evidence of compliance.
M050071,Manhattan,108 5 AVENUE,,1008177501,1015318,40.737289,-73.993043,Residential Plaza,1986,24 Hours,Residential Plaza 1979.00 sf,Artwork; Bicycle Parking; Drinking Fountain; Lighting; Litter Receptacles; Planting; Plaque/Sign; Retail Frontage; Seating; Trees on Street; Trees within Space; Water Feature,,0,0,0,0,0,0,,,,True,no,"[p.19] The photographs below taken on July 13, 2016 of the POPS location at 108 Fifth Avenue reflect those non-complying conditions found by the auditors that existed even after the owner was cited for non-compliance and paid a fine. Privately Owned Public Space at 108 Fifth Avenue Office of New York City Comptroller Scott M. Stringer SR16-102A 16 || [p.19] non-complying conditions found by the auditors that existed even after the owner was cited for non-compliance and paid a fine. Privately Owned Public Space at 108 Fifth Avenue Office of New York City Comptroller Scott M. Stringer SR16-102A 16",139.0,high,Bulletins highlight selected enforcement only; a zero count is not evidence of compliance.
M050072,Manhattan,50 LEXINGTON AVENUE,,1008800019,1018071,40.740536,-73.984335,Public Access Areas; Residential Plaza,1987,24 Hours,Public Access Areas 4304.50 sf; Residential Plaza 0.00 sf,Bicycle Parking; Drinking Fountain; Lighting; Litter Receptacles; Other Required; Planting; Plaque/Sign; Seating; Trees on Street; Trees within Space,Primary Space: 157 sf entry pavilion,0,0,0,0,0,0,,,,True,no,,140.0,high,Bulletins highlight selected enforcement only; a zero count is not evidence of compliance.
M050074,Manhattan,156 WEST 56 STREET,CitySpire,1010087503,1076177,40.764241,-73.979745,Building Entrance Recess Area; Through Block Connection,1987,24 Hours; Restricted Hours,Building Entrance Recess Area 682.54 sf; Through Block Connection 3842.08 sf,Climate Control; Lighting; Other Required; Plaque/Sign,display windows and exhibition area,0,0,0,0,0,0,,,,True,yes,,141.0,high,Bulletins highlight selected enforcement only; a zero count is not evidence of compliance.
M050075,Manhattan,135 WEST 52 STREET,Flatotel,1010057501,1023160,40.762046,-73.980893,Through Block Galleria,1985,Restricted Hours,Through Block Galleria 6450.23 sf,Drinking Fountain; Lighting; Litter Receptacles; Planting; Plaque/Sign; Seating; Water Feature,,0,0,0,0,0,0,,,,True,construction,,142.0,high,Bulletins highlight selected enforcement only; a zero count is not evidence of compliance.
M050076,Manhattan,712 5 AVENUE,,1012710038,1077363,40.762294,-73.975103,Access Area; Exhibit Area; Pedestrian Circulation Space,1989,24 Hours; Restricted Hours,Access Area 0.00 sf; Exhibit Area 0.00 sf; Pedestrian Circulation Space 0.00 sf,Elevator; Escalator; Lighting; Other Required; Plaque/Sign,"Exhibit Area and Access Area may be relocated from time to time to locations at the rear of the “Fifth Avenue Atrium” and may not be used for any retail sales activities, except that the Exhibit Area may be used for sales of products related to the Lalique Windows; Exhibit Area on the ground floor level of the “Fifth Avenue Atrium” to contain a first-class, educational display and informational materials, prepared by an expert architectural historian, concerning the Lalique windows; Exhibit Area and Access Area may be relocated from time to time to locations at the rear of the “Fifth Avenue Atrium” and may not be used for any retail sales activities, except that the Exhibit Area may be used for sales of products related to the Lalique Windows; no floor-mounted retail display or obstruction shall be installed on the ground floor level of the “Fifth Avenue Atrium” which shall exceed a height measured from the floor of 11 feet 6 inches in the front 27 feet of the “Fifth Avenue Atrium” or a height of 5 feet 6 inches in the remaining 10 feet 3 inches of the “Fifth Avenue Atrium,” except during the holiday season, from Thanksgiving Day through the following January 15th, in order to install a Christmas tree or comparable holiday ornamentation; portions",0,0,0,0,0,0,,,,True,yes,,143.0,high,Bulletins highlight selected enforcement only; a zero count is not evidence of compliance.
M050077,Manhattan,899 7 AVENUE,Carnegie Hall Tower,,,40.765619,-73.979954,Through Block Connection,1988,Restricted Hours,Through Block Connection 3563.00 sf,Climate Control; Lighting; Plaque/Sign,,0,0,0,0,0,0,,,,True,yes,,144.0,high,Bulletins highlight selected enforcement only; a zero count is not evidence of compliance.
M050078,Manhattan,611 5 AVENUE,Saks Tower,1012857501,1081145,40.757966,-73.976816,Building Entrance Recess Area; Special Permit Pedestrian Circulation Sp,1990,24 Hours,Building Entrance Recess Area 174.00 sf; Special Permit Pedestrian Circulation Sp 930.00 sf,Lighting; Other Required; Planting; Plaque/Sign; Seating,"through block public passage connecting East 49th and East 50th Streets, open to the public during the Saks Fifth Avenue department store hours",0,0,0,0,0,0,,,,True,no,,145.0,high,Bulletins highlight selected enforcement only; a zero count is not evidence of compliance.
M050079,Manhattan,135 EAST 57 STREET,,1013120015,1036904,40.761387,-73.969367,Open Park Space; Plaza,1987,24 Hours; Restricted Hours,Open Park Space 2500.00 sf; Plaza 4820.00 sf,Food Service; Lighting; Litter Receptacles; Other Required; Planting; Plaque/Sign; Seating; Tables; Trees within Space; Water Feature,tempietto,1,1,0,0,1,10000,2020-07,bulletin_month,EA-202007-2b1a663ec5,True,no,,146.0,high,Bulletins highlight selected enforcement only; a zero count is not evidence of compliance.
M050081,Manhattan,235 WEST 48 STREET,Ritz,1010200005,1076194,40.760894,-73.986092,Urban Plaza,1989,Restricted Hours,Urban Plaza 6690.42 sf,Artwork; Lighting; Litter Receptacles; Planting; Plaque/Sign; Retail Frontage; Seating; Tables; Trees on Street; Trees within Space; Water Feature,,0,0,0,0,0,0,,,,True,no,,147.0,high,Bulletins highlight selected enforcement only; a zero count is not evidence of compliance.
M050082,Manhattan,420 5 AVENUE,,1008397501,1081017,40.750812,-73.983336,Urban Plaza,1989,24 Hours,Urban Plaza 3765.00 sf,Lighting; Litter Receptacles; Planting; Plaque/Sign; Retail Frontage; Seating; Trees on Street; Trees within Space,,0,0,0,0,0,0,,,,True,yes,,148.0,high,Bulletins highlight selected enforcement only; a zero count is not evidence of compliance.
M050083,Manhattan,1325 6 AVENUE,1325 Avenue of the Americas,1010060013,1076175,40.76288,-73.980702,Through Block Galleria,1989,Restricted Hours,Through Block Galleria 6781.49 sf,Lighting; Litter Receptacles; Other Required; Plaque/Sign; Retail Frontage; Seating; Tables,"skylight over 3,439.68 sf of Through Block Galleria",0,0,0,0,0,0,,,,True,no,,149.0,high,Bulletins highlight selected enforcement only; a zero count is not evidence of compliance.
M050084,Manhattan,1755 BROADWAY,Symphony House,1010287501,1070014,40.765974,-73.982553,Urban Plaza,1987,Restricted Hours,Urban Plaza 4953.89 sf,Lighting; Litter Receptacles; Planting; Plaque/Sign; Retail Frontage; Seating; Trees on Street; Trees within Space,,0,0,0,0,0,0,,,,True,yes,,150.0,high,Bulletins highlight selected enforcement only; a zero count is not evidence of compliance.
M050085,Manhattan,146 WEST 57 STREET,Metropolitan Tower,1010097501,1085969,40.764719,-73.97929,Through Block Connection; Urban Plaza,1986,24 Hours; Restricted Hours,Through Block Connection 0.00 sf; Urban Plaza 4375.00 sf,Lighting; Litter Receptacles; Planting; Plaque/Sign; Retail Frontage; Seating; Trees on Street; Trees within Space,,0,0,0,0,0,0,,,,True,no,,151.0,high,Bulletins highlight selected enforcement only; a zero count is not evidence of compliance.
M050086,Manhattan,65 EAST 55 STREET,Park Avenue Tower,1012910028,1035771,40.760886,-73.972133,Urban Plaza,1985,24 Hours,Urban Plaza 6437.17 sf,Artwork; Bicycle Parking; Drinking Fountain; Lighting; Litter Receptacles; Planting; Plaque/Sign; Retail Frontage; Seating; Trees on Street; Trees within Space,,0,0,0,0,0,0,,,,True,construction,,152.0,high,Bulletins highlight selected enforcement only; a zero count is not evidence of compliance.
M050087,Manhattan,383 MADISON AVENUE,Bear Stearns,1012820021,1035404,40.755469,-73.976726,Building Entrance Recess Area; New North End Access to 47th Street Cro; Off-Street Rail Mass Transit Access; Through Block Connection,1999,24 Hours; Restricted Hours,Building Entrance Recess Area 0.00 sf; New North End Access to 47th Street Cro 707.00 sf; Off-Street Rail Mass Transit Access 5031.00 sf; Through Block Connection 5706.00 sf,Artwork; Escalator; Lighting; Other Required; Planting; Plaque/Sign,stairway connecting Off-Street Rail Mass Transit Access Improvement and New North End Access to 47th Street Cross Passageway; stairway connecting Off-Street Rail Mass Transit Access Improvement and New North End Access to 47th Street Cross Passageway,0,0,0,0,0,0,,,,False,,,,,Bulletins highlight selected enforcement only; a zero count is not evidence of compliance.
M050088,Manhattan,31 WEST 52 STREET,Deutsche Bank,1012687501,1071418,40.760925,-73.978013,Urban Plaza,1985,24 Hours,Urban Plaza 7654.00 sf,Artwork; Lighting; Litter Receptacles; Planting; Plaque/Sign; Retail Frontage; Seating; Trees on Street; Trees within Space,,0,0,0,0,0,0,,,,True,yes,,153.0,high,Bulletins highlight selected enforcement only; a zero count is not evidence of compliance.
M050089,Manhattan,40 EAST 52 STREET,,1012870028,1076267,40.758495,-73.974123,Urban Plaza,1986,24 Hours,Urban Plaza 4124.88 sf,Lighting; Litter Receptacles; Plaque/Sign; Retail Frontage; Seating; Trees on Street; Trees within Space; Water Feature,,0,0,0,0,0,0,,,,True,no,,154.0,high,Bulletins highlight selected enforcement only; a zero count is not evidence of compliance.
M050090,Manhattan,145 WEST 44 STREET,Millennium Broadway,1009970010,1085016,40.757155,-73.984645,Through Block Connection,1990,Restricted Hours,Through Block Connection 3012.00 sf,Lighting; Plaque/Sign,,0,0,0,0,0,0,,,,True,yes,,155.0,high,Bulletins highlight selected enforcement only; a zero count is not evidence of compliance.
M050091,Manhattan,1535 BROADWAY,Marriott Marquis,1010177501,1024727,40.758627,-73.986197,Broadway Plaza; Covered Public Pedestrian Area; Interior Spaces; Shubert Alley Extension,1985,24 Hours; Restricted Hours,Broadway Plaza 4000.00 sf; Covered Public Pedestrian Area 24950.00 sf; Interior Spaces 40300.00 sf; Shubert Alley Extension 4970.00 sf,Climate Control; Elevator; Other Required; Plaque/Sign; Retail Frontage,"imate theater of at least 1,050 seats; not less than $50,000 for renovation of 46th Street theater; entrances from Shubert Alley Extension to hotel lobby and retail above",0,0,0,0,0,0,,,,True,yes,,156.0,high,Bulletins highlight selected enforcement only; a zero count is not evidence of compliance.
M050092,Manhattan,489 5 AVENUE,,1012760004,1076266,40.752999,-73.980759,Arcade,1972,24 Hours,Arcade 510.00 sf,None,,0,0,0,0,0,0,,,,True,yes,,157.0,high,Bulletins highlight selected enforcement only; a zero count is not evidence of compliance.
M050093,Manhattan,407 PARK AVENUE SOUTH,Ascot,1008840001,1018204,40.743374,-73.983627,Residential Plaza,1984,Restricted Hours,Residential Plaza 3686.07 sf,Bicycle Parking; Drinking Fountain; Lighting; Litter Receptacles; Planting; Plaque/Sign; Seating; Trees on Street; Trees within Space,,0,0,0,1,1,0,,,,True,construction,,158.0,high,Bulletins highlight selected enforcement only; a zero count is not evidence of compliance.
M050094,Manhattan,45 EAST 25 STREET,Stanford,1008557501,1016750,40.742024,-73.986164,Plaza,1986,24 Hours,Plaza 2000.40 sf,None,,0,0,0,0,0,0,,,,True,yes,,159.0,high,Bulletins highlight selected enforcement only; a zero count is not evidence of compliance.
M050095,Manhattan,12 EAST 49 STREET,Tower 49,1012840007,1035434,40.757231,-73.977022,Arcade; Public Access Passageway; Sidewalk Widening; Urban Plaza,1984,24 Hours; Restricted Hours,Arcade 3779.00 sf; Public Access Passageway 0.00 sf; Sidewalk Widening 998.00 sf; Urban Plaza 6387.00 sf,Lighting; Litter Receptacles; Planting; Plaque/Sign; Seating; Tables; Trees on Street; Trees within Space,,0,0,0,0,0,0,,,,True,no,,160.0,high,Bulletins highlight selected enforcement only; a zero count is not evidence of compliance.
M050097,Manhattan,745 7 AVENUE,,1010020001,1084667,40.76052,-73.982843,Public Plaza; Underground Passageway,1999,Restricted Hours,Public Plaza 15648.00 sf; Underground Passageway 0.00 sf,Elevator; Food Service; Lighting; Planting; Plaque/Sign; Seating; Subway; Tables; Trees within Space; Water Feature,,0,0,0,0,0,0,,,,False,,,,,Bulletins highlight selected enforcement only; a zero count is not evidence of compliance.
M050100,Manhattan,1548 BROADWAY,Bertelsmann,,,40.758432,-73.98515,Through Block Connection,1999,Restricted Hours,Through Block Connection 3012.00 sf,Lighting; Plaque/Sign,,0,0,0,0,0,0,,,,True,yes,,74.0,high,Bulletins highlight selected enforcement only; a zero count is not evidence of compliance.
M050101,Manhattan,114 WEST 47 STREET,United States Trust,1009990019,1022667,40.75814,-73.983038,Through Block Connection,1989,Restricted Hours,Through Block Connection 3012.45 sf,Lighting; Plaque/Sign,,0,0,0,0,0,0,,,,True,no,,75.0,high,Bulletins highlight selected enforcement only; a zero count is not evidence of compliance.
M050102,Manhattan,151 WEST 54 STREET,London Hotel,1010070005,1069590,40.763503,-73.980463,Through Block Connection,1990,Restricted Hours,Through Block Connection 3012.45 sf,Lighting; Plaque/Sign,,0,0,0,0,0,0,,,,True,yes,,76.0,high,Bulletins highlight selected enforcement only; a zero count is not evidence of compliance.
M050103,Manhattan,425 5 AVENUE,,1008687503,1085975,40.750965,-73.982199,Pedestrian Circulation Space; Urban Plaza,2003,24 Hours,Pedestrian Circulation Space 0.00 sf; Urban Plaza 2880.21 sf,Drinking Fountain; Lighting; Litter Receptacles; Planting; Plaque/Sign; Retail Frontage; Seating; Tables; Trees on Street; Trees within Space; Water Feature,,0,0,0,0,0,0,,,,True,construction,,77.0,high,Bulletins highlight selected enforcement only; a zero count is not evidence of compliance.
M050104,Manhattan,1585 BROADWAY,Morgan Stanley Building,1010197502,1076193,40.759977,-73.985507,Through Block Connection,1989,Restricted Hours,,Lighting; Plaque/Sign,,0,0,0,0,0,0,,,,False,,,,,Bulletins highlight selected enforcement only; a zero count is not evidence of compliance.
M050106,Manhattan,125 WEST 55 STREET,Avenue of the Americas Plaza,1010080019,1076176,40.763747,-73.978951,Through Block Connection,1990,Restricted Hours,Through Block Connection 0.00 sf,Lighting; Plaque/Sign,,0,0,0,0,0,0,,,,True,yes,,78.0,high,Bulletins highlight selected enforcement only; a zero count is not evidence of compliance.
M050107,Manhattan,776 6 AVENUE,The Capitol at Chelsea,1008280001,1015632,40.744914,-73.990772,Urban Plaza,2002,Restricted Hours,Urban Plaza 10147.00 sf,Artwork; Drinking Fountain; Lighting; Litter Receptacles; Other Required; Planting; Plaque/Sign; Retail Frontage; Seating; Tables; Trees on Street; Trees within Space; Water Feature,Yes,1,1,0,0,1,10000,2024-08,bulletin_month,EA-202408-d012264700,False,,,,,Bulletins highlight selected enforcement only; a zero count is not evidence of compliance.
M050108,Manhattan,11 WEST 53 STREET,Museum of Modern Art,1012690020,1081128,40.761276,-73.976742,Building Entrance Recess Areas; Through Block Lobby,2004,Closing for Events; Restricted Hours,Building Entrance Recess Areas 0.00 sf; Through Block Lobby 0.00 sf,Artwork,,0,0,0,0,0,0,,,,True,yes,,80.0,high,Bulletins highlight selected enforcement only; a zero count is not evidence of compliance.
M050109,Manhattan,325 5 AVENUE,,1008627503,1087309,40.747329,-73.98486,Residential Plaza,2005,Restricted Hours,Residential Plaza 8270.00 sf,Artwork; Bicycle Parking; Drinking Fountain; Lighting; Litter Receptacles; Planting; Plaque/Sign; Seating; Tables; Trees on Street; Trees within Space,,0,0,0,0,0,0,,,,True,construction,,81.0,high,Bulletins highlight selected enforcement only; a zero count is not evidence of compliance.
M050110,Manhattan,835 6 AVENUE,Hotel Eventi,1008057502,1015146,40.747129,-73.990281,Public Plaza; Urban Plaza,2010,24 Hours,Urban Plaza 10819.00 sf,Bicycle Parking; Drinking Fountain; Lighting; Litter Receptacles; Other Required; Planting; Plaque/Sign; Retail Frontage; Seating; Tables; Trees on Street; Trees within Space; Water Feature,screen wall; Movable Tables and Chairs; Open Air Cafe,2,2,0,0,2,20000,2022-09,bulletin_month,EA-202105-dd6c35ec41;EA-202209-ed2c856b97,True,no,,83.0,high,Bulletins highlight selected enforcement only; a zero count is not evidence of compliance.
M050111,Manhattan,172 MADISON AVENUE,,1008637502,1089701,40.747406,-73.983637,Public Plaza,2017,24 Hours,Public Plaza 3612.00 sf,Artwork; Bicycle Parking; Drinking Fountain; Lighting; Litter Receptacles; Planting; Plaque/Sign; Retail Frontage; Seating; Trees on Street; Trees within Space,,0,0,0,0,0,0,,,,False,,,,,Bulletins highlight selected enforcement only; a zero count is not evidence of compliance.
M050112,Manhattan,432 PARK AVENUE,432 Park Avenue,1012927502,1088817,40.7615,-73.971797,Public Plaza,2017,24 Hours,Public Plaza 6340.69 sf,Bicycle Parking; Drinking Fountain; Lighting; Litter Receptacles; Other Required; Planting; Plaque/Sign; Retail Frontage; Seating; Tables; Trees on Street; Trees within Space,decorative back painted glass panel,0,0,1,1,1,0,,,,False,,,,,Bulletins highlight selected enforcement only; a zero count is not evidence of compliance.
M050113,Manhattan,1185 BROADWAY,,1008307503,1000000,40.745677,-73.989083,Public Plaza,,24 Hours,Public Plaza 4184.00 sf,Bicycle Parking; Drinking Fountain; Lighting; Litter Receptacles; Planting; Plaque/Sign; Retail Frontage; Seating; Tables; Trees on Street; Trees within Space,,0,0,0,0,0,0,,,,False,,,,,Bulletins highlight selected enforcement only; a zero count is not evidence of compliance.
M050115,Manhattan,1241 BROADWAY,,1008320017,1090786,40.747409,-73.988671,Arcade,,,,,,0,0,1,1,1,0,,,,False,,,,,Bulletins highlight selected enforcement only; a zero count is not evidence of compliance.
M050116,Manhattan,270 PARK AVENUE,,1012830021,1091010,40.755982,-73.97599,Pedestrian Circulation Space,,24 Hours,,Bicycle Parking; Drinking Fountain; Lighting; Litter Receptacles; Other Required; Plaque/Sign; Seating; Trees on Street; Trees within Space,"1 Canopy; Steps are 5"" high with 15"" tread; water features",0,0,0,0,0,0,,,,False,,,,,Bulletins highlight selected enforcement only; a zero count is not evidence of compliance.
M050117,Manhattan,415 MADISON AVENUE,,1012840021,1000000,40.756662,-73.976058,Open Air Concourse,,,,Bicycle Parking,,0,0,0,0,0,0,,,,False,,,,,Bulletins highlight selected enforcement only; a zero count is not evidence of compliance.
M060002,Manhattan,155 EAST 29 STREET,Biltmore Plaza,1008850042,1018263,40.742964,-73.98057,Plaza,1981,24 Hours,Plaza 6121.00 sf,None,,0,0,0,0,0,0,,,,True,no,,161.0,high,Bulletins highlight selected enforcement only; a zero count is not evidence of compliance.
M060003,Manhattan,155 EAST 31 STREET,Windsor Court,1008870030,1078756,40.744476,-73.980112,Residential Plaza,1987,Restricted Hours,Residential Plaza 6590.68 sf,Bicycle Parking; Drinking Fountain; Lighting; Litter Receptacles; Planting; Plaque/Sign; Seating; Trees on Street; Trees within Space,,0,0,0,0,0,0,,,,True,yes,,162.0,high,Bulletins highlight selected enforcement only; a zero count is not evidence of compliance.
M060005,Manhattan,150 EAST 34 STREET,Dumont Plaza,1008890055,1018507,40.745895,-73.979288,Residential Plaza,1987,24 Hours,Residential Plaza 3516.00 sf,Artwork; Bicycle Parking; Drinking Fountain; Lighting; Litter Receptacles; Other Required; Planting; Plaque/Sign; Seating; Trees on Street; Trees within Space; Water Feature,Primary Space: pavilion,0,0,0,0,0,0,,,,True,no,,163.0,high,Bulletins highlight selected enforcement only; a zero count is not evidence of compliance.
M060006,Manhattan,166 EAST 34 STREET,,1008890039,1018502,40.745467,-73.978675,Plaza,1974,24 Hours,Plaza 4412.40 sf,Plaque/Sign,,0,0,1,1,1,0,,,,True,yes,,164.0,high,Bulletins highlight selected enforcement only; a zero count is not evidence of compliance.
M060007,Manhattan,115 EAST 34 STREET,Murray Hill,1008900011,1018517,40.746892,-73.980165,Plaza,1980,24 Hours,Plaza 1330.00 sf,None,,0,0,0,0,0,0,,,,True,no,,165.0,high,Bulletins highlight selected enforcement only; a zero count is not evidence of compliance.
M060008,Manhattan,132 EAST 35 STREET,Murray Hill House,1008900020,1018519,40.746873,-73.979696,Plaza,1969,24 Hours,Plaza 3966.99 sf,None,,0,0,0,0,0,0,,,,True,no,,166.0,high,Bulletins highlight selected enforcement only; a zero count is not evidence of compliance.
M060009,Manhattan,560 3 AVENUE,Murray Hill Mews,1008930041,1019099,40.748093,-73.976866,Plaza,1974,Restricted Hours,Plaza 6594.50 sf,Planting; Plaque/Sign; Seating,,0,0,0,0,0,0,,,,True,yes,,167.0,high,Bulletins highlight selected enforcement only; a zero count is not evidence of compliance.
M060010,Manhattan,600 3 AVENUE,,1008950045,1019483,40.749359,-73.975952,Arcade; Plaza,1970,24 Hours,Arcade 1974.60 sf; Plaza 6582.83 sf,Bicycle Parking; Drinking Fountain; Lighting; Litter Receptacles; None; Planting; Plaque/Sign; Seating; Tables; Trees within Space,,0,0,0,0,0,0,,,,True,construction,,168.0,high,Bulletins highlight selected enforcement only; a zero count is not evidence of compliance.
M060011,Manhattan,201 EAST 17 STREET,Park Towers Medical Plaza,1008980001,1019551,40.735365,-73.985267,Plaza,1973,24 Hours,Plaza 7738.14 sf,None,,1,1,0,0,1,5000,2023-08,bulletin_month,EA-202308-1b9c577208,True,yes,,169.0,high,Bulletins highlight selected enforcement only; a zero count is not evidence of compliance.
M060012,Manhattan,200 EAST 24 STREET,Crystal House,1009040050,1019782,40.739149,-73.982513,Plaza,1972,24 Hours,Plaza 3079.22 sf,None,,0,0,0,0,0,0,,,,True,no,,170.0,high,Bulletins highlight selected enforcement only; a zero count is not evidence of compliance.
M060014,Manhattan,240 EAST 27 STREET,Parc East Tower Apartments,1009070025,1019855,40.740247,-73.97964,Mini-Park; Public Open Area,1977,24 Hours; Restricted Hours,Mini-Park 7486.00 sf; Public Open Area 5532.77 sf,Lighting; Litter Receptacles; Other Required; Planting; Plaque/Sign; Seating; Tables; Trees on Street; Trees within Space; Water Feature,"closed circuit television surveillance system, daily cleaning",1,1,0,0,1,10000,2020-01,bulletin_month,EA-202001-feabef4b89,True,no,,171.0,high,Bulletins highlight selected enforcement only; a zero count is not evidence of compliance.
M060015,Manhattan,200 EAST 33 STREET,Laurence Tower,1009130001,1020078,40.744616,-73.97848,Plaza,1972,24 Hours,Plaza 6583.83 sf,None,,0,0,1,1,1,0,,,,True,no,,172.0,high,Bulletins highlight selected enforcement only; a zero count is not evidence of compliance.
M060016,Manhattan,240 EAST 38 STREET,,1009187501,1020338,40.747289,-73.97495,Arcade; Plaza,1967,24 Hours,Arcade 5358.30 sf; Plaza 9041.70 sf,Artwork; Bicycle Parking; Drinking Fountain; Lighting; Litter Receptacles; Planting; Plaque/Sign; Seating; Tables; Trees on Street; Trees within Space,,0,0,0,0,0,0,,,,True,yes,,173.0,high,Bulletins highlight selected enforcement only; a zero count is not evidence of compliance.
M060017,Manhattan,222 EAST 39 STREET,The Nash,1009190042,1020361,40.748203,-73.974848,Plaza,1972,24 Hours,Plaza 4371.45 sf,Lighting; Litter Receptacles; Planting; Plaque/Sign; Seating; Tables; Trees within Space,,0,0,0,0,0,0,,,,True,no,,174.0,high,Bulletins highlight selected enforcement only; a zero count is not evidence of compliance.
M060018,Manhattan,845 1 AVENUE,Trump World Tower,1013407501,1038909,40.752562,-73.96782,Residential Plaza,2000,24 Hours,Residential Plaza 6694.00 sf,Artwork; Bicycle Parking; Drinking Fountain; Lighting; Litter Receptacles; Planting; Plaque/Sign; Seating; Trees on Street; Trees within Space,,0,0,0,0,0,0,,,,False,,,,,Bulletins highlight selected enforcement only; a zero count is not evidence of compliance.
M060019,Manhattan,250 EAST 40 STREET,Highpoint,1009207501,1076162,40.74854,-73.973654,Residential Plaza,1988,24 Hours,Residential Plaza 6427.00 sf,Bicycle Parking; Drinking Fountain; Lighting; Litter Receptacles; Planting; Plaque/Sign; Seating; Trees on Street; Trees within Space; Water Feature,,0,0,0,0,0,0,,,,True,yes,,175.0,high,Bulletins highlight selected enforcement only; a zero count is not evidence of compliance.
M060020,Manhattan,300 EAST 34 STREET,,1009390001,1078843,40.744286,-73.975684,Arcade; Plaza,1974,24 Hours,Arcade 4332.00 sf; Plaza 6102.64 sf,Planting; Retail Frontage,,0,0,0,0,0,0,,,,True,yes,,176.0,high,Bulletins highlight selected enforcement only; a zero count is not evidence of compliance.
M060021,Manhattan,330 EAST 38 STREET,Corinthian,1009437501,1076166,40.746328,-73.97272,Residential Plaza,1987,24 Hours,Residential Plaza 27191.50 sf,Bicycle Parking; Drinking Fountain; Lighting; Litter Receptacles; Planting; Plaque/Sign; Seating; Trees on Street; Trees within Space,,1,1,0,0,1,4000,2019-03,bulletin_month,EA-201903-804a3d5cf7,True,no,,177.0,high,Bulletins highlight selected enforcement only; a zero count is not evidence of compliance.
M060022,Manhattan,330 EAST 39 STREET,New York Tower,1009440010,1021923,40.747088,-73.972452,Plaza,1980,24 Hours,Plaza 11512.00 sf,None,,0,0,0,0,0,0,,,,True,no,,178.0,high,Bulletins highlight selected enforcement only; a zero count is not evidence of compliance.
M060023,Manhattan,311 EAST 38 STREET,Whitney,1009447501,1021933,40.747242,-73.973221,Residential Plaza,1984,24 Hours,Residential Plaza 3871.17 sf,Bicycle Parking; Drinking Fountain; Lighting; Litter Receptacles; Other Required; Planting; Plaque/Sign; Seating; Trees on Street; Trees within Space,2 additional amenities,0,0,0,0,0,0,,,,True,no,,179.0,high,Bulletins highlight selected enforcement only; a zero count is not evidence of compliance.
M060024,Manhattan,728 2 AVENUE,Churchill,1009457501,1022051,40.748002,-73.972838,Plaza,1966,24 Hours,Plaza 15898.66 sf,None,,0,0,1,1,1,0,,,,True,no,,180.0,high,Bulletins highlight selected enforcement only; a zero count is not evidence of compliance.
M060025,Manhattan,630 1 AVENUE,Manhattan Place,1009687501,1022060,40.745155,-73.971836,Residential Plaza,1984,24 Hours,Residential Plaza 16390.45 sf,Bicycle Parking; Drinking Fountain; Lighting; Litter Receptacles; Planting; Plaque/Sign; Seating; Trees on Street; Trees within Space; Water Feature,,1,1,0,0,1,5000,2019-04,bulletin_month,EA-201904-9a49b5395d,True,no,,181.0,high,Bulletins highlight selected enforcement only; a zero count is not evidence of compliance.
M060026,Manhattan,622 3 AVENUE,Grand Central Plaza,1012950033,1089024,40.75008,-73.975876,Arcade; Landscaped Terrace; Plaza; Through Block Arcade; Urban Plaza,1971,24 Hours; Restricted Hours,Arcade 1398.00 sf; Landscaped Terrace 0.00 sf; Plaza 3913.00 sf; Through Block Arcade 4621.00 sf; Urban Plaza 7906.00 sf,Bicycle Parking; Elevator; Food Service; Lighting; Litter Receptacles; Other Required; Planting; Plaque/Sign; Seating; Tables; Trees on Street; Trees within Space,stairway from Third Avenue to Landscaped Terrace,0,0,0,0,0,0,,,,True,no,,182.0,high,Bulletins highlight selected enforcement only; a zero count is not evidence of compliance.
M060027,Manhattan,140 EAST 45 STREET,Two Grand Central Tower,1012990027,1036176,40.752748,-73.9741,Arcade; Sidewalk Widening; Urban Plaza,1982,24 Hours,Arcade 4196.00 sf; Sidewalk Widening 1000.00 sf; Urban Plaza 1000.00 sf,Lighting; Litter Receptacles; Planting; Plaque/Sign; Retail Frontage; Seating; Trees on Street,,0,0,0,0,0,0,,,,True,no,,183.0,high,Bulletins highlight selected enforcement only; a zero count is not evidence of compliance.
M060028,Manhattan,141 EAST 48 STREET,Cosmopolitan,1013037501,1036233,40.755138,-73.972442,Pedestrian Circulation Space; Urban Plaza,1985,24 Hours,Pedestrian Circulation Space 0.00 sf; Urban Plaza 2760.83 sf,Bicycle Parking; Lighting; Litter Receptacles; Planting; Plaque/Sign; Seating; Trees on Street; Trees within Space,,0,0,0,0,0,0,,,,True,construction,,184.0,high,Bulletins highlight selected enforcement only; a zero count is not evidence of compliance.
M060029,Manhattan,780 3 AVENUE,,1013030033,1036228,40.755012,-73.971785,Sidewalk Widening; Urban Plaza,1984,24 Hours,Sidewalk Widening 2882.00 sf; Urban Plaza 3745.50 sf,Lighting; Litter Receptacles; Plaque/Sign; Seating; Trees on Street; Trees within Space,,0,0,0,0,0,0,,,,True,yes,,185.0,high,Bulletins highlight selected enforcement only; a zero count is not evidence of compliance.
M060030,Manhattan,800 3 AVENUE,,1013040033,1036446,40.755635,-73.971355,Arcade; Plaza,1972,24 Hours,Arcade 1626.67 sf; Plaza 6739.25 sf,None,,0,0,0,0,0,0,,,,True,yes,,186.0,high,Bulletins highlight selected enforcement only; a zero count is not evidence of compliance.
M060031,Manhattan,599 LEXINGTON AVENUE,,1013070023,1036467,40.757866,-73.970752,Open Space and Sidewalk Widenings,1985,24 Hours,Open Space and Sidewalk Widenings 0.00 sf,Plaque/Sign; Subway; Trees on Street,,0,0,0,0,0,0,,,,True,yes,,187.0,high,Bulletins highlight selected enforcement only; a zero count is not evidence of compliance.
M060032,Manhattan,153 EAST 53 STREET,Citigroup Center,1013087501,1036474,40.758398,-73.970037,Covered Pedestrian Space; Open Air Concourse; Plaza; Through Block Arcade,1975,24 Hours; Closing for Events; Restricted Hours,Covered Pedestrian Space 7247.00 sf; Open Air Concourse 5873.00 sf; Plaza 2266.00 sf; Through Block Arcade 4170.00 sf,Artwork; Escalator; Food Service; Litter Receptacles; Other Required; Planting; Plaque/Sign; Restrooms; Retail Frontage; Seating; Subway; Tables; Trees on Street; Trees within Space,"access to Covered Pedestrian Space from southwest corner of building on East 53rd Street, from northeast corner of building on Third Avenue through retail space and restaurant, from Open Air Concourse through building lobby, from Plaza on Lexington Avenue",0,0,0,0,0,0,,,,True,no,,188.0,high,Bulletins highlight selected enforcement only; a zero count is not evidence of compliance.
M060033,Manhattan,900 3 AVENUE,,1013090032,1081162,40.758703,-73.969094,Sidewalk Widening,1983,24 Hours,Sidewalk Widening 2300.00 sf,Trees on Street,,0,0,0,0,0,0,,,,True,yes,,189.0,high,Bulletins highlight selected enforcement only; a zero count is not evidence of compliance.
M060034,Manhattan,950 3 AVENUE,,1013110040,1036882,40.760198,-73.968094,Plaza,1971,24 Hours,Plaza 2305.00 sf,None,,0,0,0,0,0,0,,,,True,yes,,190.0,high,Bulletins highlight selected enforcement only; a zero count is not evidence of compliance.
M060035,Manhattan,150 EAST 58 STREET,Architects and Designers,1013120041,1036915,40.761036,-73.967924,Plaza,1969,24 Hours,Plaza 3600.00 sf,None,,0,0,0,0,0,0,,,,True,yes,,191.0,high,Bulletins highlight selected enforcement only; a zero count is not evidence of compliance.
M060037,Manhattan,245 EAST 40 STREET,Marlborough,1013140021,1037175,40.748957,-73.973343,Arcade; Plaza,1973,24 Hours,Arcade 648.00 sf; Plaza 7505.30 sf,None,,0,0,0,0,0,0,,,,True,no,,192.0,high,Bulletins highlight selected enforcement only; a zero count is not evidence of compliance.
M060038,Manhattan,235 EAST 40 STREET,Vanderbilt,1013147501,1037178,40.74921,-73.973675,Residential Plaza,1986,24 Hours,Residential Plaza 9003.93 sf,Bicycle Parking; Drinking Fountain; Lighting; Litter Receptacles; Planting; Plaque/Sign; Seating; Trees on Street; Trees within Space,,1,1,0,0,1,4000,2018-10,bulletin_month,EA-201810-a8c8497c54,True,no,,193.0,high,Bulletins highlight selected enforcement only; a zero count is not evidence of compliance.
M060039,Manhattan,212 EAST 42 STREET,New York Helmsley Hotel,1013150044,1037547,40.750107,-73.973982,Urban Plaza,1980,24 Hours,Urban Plaza 3040.00 sf,Lighting; Litter Receptacles; Plaque/Sign; Retail Frontage; Seating; Trees on Street; Trees within Space,,0,0,0,0,0,0,,,,True,no,,194.0,high,Bulletins highlight selected enforcement only; a zero count is not evidence of compliance.
M060040,Manhattan,201 EAST 42 STREET,,1013160001,1037549,40.751016,-73.973869,Plaza,1965,24 Hours,Plaza 1997.00 sf,Bicycle Parking; Lighting; Litter Receptacles; Planting; Plaque/Sign; Seating; Trees on Street,,0,0,0,0,0,0,,,,True,construction,,195.0,high,Bulletins highlight selected enforcement only; a zero count is not evidence of compliance.
M060041,Manhattan,685 3 AVENUE,,1013170001,1037555,40.751581,-73.973331,Augmented Sidewalk; Vest Pocket Park,1975,24 Hours; Restricted Hours,Augmented Sidewalk 570.00 sf; Vest Pocket Park 4000.00 sf,Food Service; Lighting; Planting; Seating; Tables; Trees on Street; Trees within Space,,0,0,0,0,0,0,,,,True,no,,196.0,high,Bulletins highlight selected enforcement only; a zero count is not evidence of compliance.
M060044,Manhattan,240 EAST 47 STREET,Dag Hammarskjold Tower,1013207501,1037607,40.752857,-73.970433,Non-Bonused Space; Residential Plaza,1982,24 Hours; Restricted Hours,Non-Bonused Space 0.00 sf; Residential Plaza 9638.56 sf,Bicycle Parking; Drinking Fountain; Lighting; Litter Receptacles; Planting; Plaque/Sign; Seating; Trees on Street; Trees within Space; Water Feature,,0,0,0,0,0,0,,,,True,yes,,197.0,high,Bulletins highlight selected enforcement only; a zero count is not evidence of compliance.
M060045,Manhattan,212 EAST 47 STREET,L'Ecole,1013207506,1037599,40.753272,-73.971659,Plaza,1979,24 Hours,Plaza 5316.00 sf,None,,0,0,0,0,0,0,,,,True,yes,,198.0,high,Bulletins highlight selected enforcement only; a zero count is not evidence of compliance.
M060046,Manhattan,747 3 AVENUE,,1013200046,1081179,40.75348,-73.972049,Plaza,1972,24 Hours,Plaza 4572.58 sf,Artwork; Bicycle Parking; Lighting; Litter Receptacles; Planting; Plaque/Sign; Seating; Trees on Street,,0,0,0,0,0,0,,,,True,yes,,199.0,high,Bulletins highlight selected enforcement only; a zero count is not evidence of compliance.
M060047,Manhattan,885 2 AVENUE,1 Dag Hammarskjold Plaza,1013210022,1037988,40.753494,-73.970226,Additional Plaza; Plaza,1972,24 Hours,Additional Plaza 0.00 sf; Plaza 13962.00 sf,Planting; Seating,,0,0,0,0,0,0,,,,True,yes,,200.0,high,Bulletins highlight selected enforcement only; a zero count is not evidence of compliance.
M060048,Manhattan,767 3 AVENUE,,1013210047,1037996,40.754219,-73.971406,Arcade; Urban Plaza,1981,24 Hours,Arcade 5067.74 sf; Urban Plaza 3065.50 sf,Lighting; Litter Receptacles; Plaque/Sign; Seating; Trees on Street; Trees within Space,,0,0,0,0,0,0,,,,True,yes,,201.0,high,Bulletins highlight selected enforcement only; a zero count is not evidence of compliance.
M060049,Manhattan,777 3 AVENUE,,1013220001,1038000,40.754712,-73.971092,Arcade; Plaza,1963,24 Hours,Arcade 5529.00 sf; Plaza 6393.00 sf,None,,0,0,0,0,0,0,,,,True,yes,,202.0,high,Bulletins highlight selected enforcement only; a zero count is not evidence of compliance.
M060050,Manhattan,255 EAST 49 STREET,Sterling Plaza,1013237501,1038254,40.754635,-73.96906,Residential Plaza,1985,24 Hours,Residential Plaza 4759.39 sf,Bicycle Parking; Drinking Fountain; Lighting; Litter Receptacles; Planting; Plaque/Sign; Retail Frontage; Seating; Trees on Street; Trees within Space,,0,0,0,0,0,0,,,,True,no,,203.0,high,Bulletins highlight selected enforcement only; a zero count is not evidence of compliance.
M060051,Manhattan,805 3 AVENUE,Crystal Pavilion,1013230047,1038243,40.755388,-73.97054,Covered Pedestrian Space,1982,Restricted Hours,Covered Pedestrian Space 0.00 sf,Climate Control; Escalator; Lighting; Other Required; Planting; Plaque/Sign; Restrooms; Retail Frontage; Seating; Tables; Trees within Space; Water Feature,"skylight; no banks, insurance or travel agencies, or similar businesses may face Covered Pedestrian Space",1,1,0,0,1,5000,2024-03,bulletin_month,EA-202403-f1bc2da717,True,no,,204.0,high,Bulletins highlight selected enforcement only; a zero count is not evidence of compliance.
M060052,Manhattan,825 3 AVENUE,,1013247503,1081185,40.755906,-73.970095,Plaza,1969,24 Hours,Plaza 3969.00 sf,None,,0,0,0,0,0,0,,,,True,no,"[p.16] stating that the property is private; garbage stored in a plaza; and portions of the POPS closed to the public. One example of such violations can be found at 825 Third Avenue, Manhattan, which contains a POPS. This POPS was established as a plaza. However, we found that two restaurants had been allowed to take over a portion of the site for their private use. The two restaurants were using the POPS to seat and serve their patrons. || [p.16] th had cordoned off an area of the site with partitions to enclose tables, chairs, and umbrellas for use by private customers. The pictures below were taken at 825 Third Avenue in Manhattan, on July 13, 2016, and November 2, 2016, respectively. The property owner for this location has received the benefit of having an additional 39,411 square feet in floor area since 1969 in the building, but has not complied with the POPS agreement || [p.17] Privately Owned Public Space at 825 Third Avenue, Manhattan Moreover, the pictures below posted by Google Maps, show that one restaurant has been appropriating this space since at least 2007, while the other restaurant has been using the space since at least 2011. Google Maps Picture dated September 2007 Sh",205.0,high,Bulletins highlight selected enforcement only; a zero count is not evidence of compliance.
M060054,Manhattan,875 3 AVENUE,,1013260001,1038517,40.757218,-73.969196,Arcade; Covered Pedestrian Space; Open Space; Public Circulation Space,1980,24 Hours; Restricted Hours,Arcade 620.00 sf; Covered Pedestrian Space 6975.00 sf; Open Space 0.00 sf; Public Circulation Space 0.00 sf,Climate Control; Escalator; Food Service; Other Required; Planting; Plaque/Sign; Programs; Restrooms; Retail Frontage; Seating; Subway; Tables; Trees on Street,2 security guards to patrol spaces during public hours,0,0,0,0,0,0,,,,True,yes,,206.0,high,Bulletins highlight selected enforcement only; a zero count is not evidence of compliance.
M060055,Manhattan,885 3 AVENUE,,1013277504,1038549,40.757885,-73.968777,Pedestrian Circulation Space,1985,24 Hours,Pedestrian Circulation Space 0.00 sf,Lighting; Planting; Plaque/Sign; Subway; Trees on Street,,0,0,0,0,0,0,,,,True,no,,207.0,high,Bulletins highlight selected enforcement only; a zero count is not evidence of compliance.
M060056,Manhattan,909 3 AVENUE,,1013280001,1038570,40.758299,-73.967903,Arcade; Plaza,1967,24 Hours,Arcade 7020.15 sf; Plaza 4622.08 sf,None,,0,0,0,0,0,0,,,,True,yes,,208.0,high,Bulletins highlight selected enforcement only; a zero count is not evidence of compliance.
M060057,Manhattan,245 EAST 54 STREET,Brevard,1013280021,1038575,40.757849,-73.966795,Plaza; Residential Plaza,1974,24 Hours; Restricted Hours,Plaza 3358.30 sf; Residential Plaza 5755.48 sf,Bicycle Parking; Drinking Fountain; Food Service; Lighting; Litter Receptacles; Other Required; Planting; Plaque/Sign; Seating; Tables; Trees on Street; Trees within Space; Water Feature,video surveillance cameras,1,1,0,0,1,5000,2019-02,bulletin_month,EA-201902-4c3b5f1775,True,no,,209.0,high,Bulletins highlight selected enforcement only; a zero count is not evidence of compliance.
M060058,Manhattan,919 3 AVENUE,,1013290001,1038577,40.758963,-73.967589,Plaza,1970,24 Hours,Plaza 19772.00 sf,None,,0,0,0,0,0,0,,,,True,yes,,210.0,high,Bulletins highlight selected enforcement only; a zero count is not evidence of compliance.
M060059,Manhattan,309 EAST 48 STREET,Libya House,1013410006,1038917,40.753512,-73.968588,Arcade; Plaza,1984,24 Hours,Arcade 1123.66 sf; Plaza 1942.00 sf,None,,0,0,0,0,0,0,,,,True,yes,,211.0,high,Bulletins highlight selected enforcement only; a zero count is not evidence of compliance.
M060060,Manhattan,3 UNITED NATIONS PLAZA,UNICEF House,1013360031,1038670,40.750285,-73.969853,Urban Plaza,1987,Restricted Hours,Urban Plaza 5025.00 sf,Artwork; Lighting; Litter Receptacles; Other Required; Planting; Plaque/Sign; Seating; Tables; Trees on Street; Trees within Space; Water Feature,glass canopy,0,0,0,0,0,0,,,,True,no,,212.0,high,Bulletins highlight selected enforcement only; a zero count is not evidence of compliance.
M060061,Manhattan,303 EAST 43 STREET,International Plaza,1013367501,1038674,40.75056,-73.971256,Residential Plaza,1984,24 Hours,Residential Plaza 3347.33 sf,Bicycle Parking; Drinking Fountain; Lighting; Litter Receptacles; Planting; Plaque/Sign; Seating; Trees on Street; Trees within Space,,0,0,0,0,0,0,,,,True,yes,,213.0,high,Bulletins highlight selected enforcement only; a zero count is not evidence of compliance.
M060062,Manhattan,320 EAST 46 STREET,Belmont,1013380040,1038778,40.751701,-73.96956,Residential Plaza,1981,Restricted Hours,Residential Plaza 9797.55 sf,Bicycle Parking; Drinking Fountain; Lighting; Litter Receptacles; Planting; Plaque/Sign; Seating; Trees on Street; Trees within Space,,0,0,0,0,0,0,,,,True,yes,,214.0,high,Bulletins highlight selected enforcement only; a zero count is not evidence of compliance.
M060063,Manhattan,333 EAST 45 STREET,Lausanne,1013387502,1076276,40.751336,-73.969239,Arcade; Plaza,1974,24 Hours,Arcade 2223.11 sf; Plaza 2098.16 sf,None,,0,0,0,0,0,0,,,,True,no,,215.0,high,Bulletins highlight selected enforcement only; a zero count is not evidence of compliance.
M060064,Manhattan,301 EAST 45 STREET,Delegate,1013387501,1038781,40.751775,-73.970372,Plaza,1979,24 Hours,Plaza 1460.00 sf,None,,0,0,0,0,0,0,,,,True,no,,216.0,high,Bulletins highlight selected enforcement only; a zero count is not evidence of compliance.
M060065,Manhattan,866 2 AVENUE,Dag Hammarskjold Plaza,1013397501,1038896,40.752483,-73.96992,Arcade,1971,24 Hours,Arcade 2042.00 sf,None,,0,0,0,0,0,0,,,,True,yes,,217.0,high,Bulletins highlight selected enforcement only; a zero count is not evidence of compliance.
M060066,Manhattan,100 UNITED NATIONS PLAZA,,1013417503,1039205,40.7531,-73.967642,Arcade; Residential Plaza,1985,24 Hours,Arcade 0.00 sf; Residential Plaza 12093.00 sf,Bicycle Parking; Drinking Fountain; Lighting; Litter Receptacles; Planting; Plaque/Sign; Seating; Trees on Street; Trees within Space; Water Feature,,0,0,0,0,0,0,,,,True,yes,,218.0,medium,Bulletins highlight selected enforcement only; a zero count is not evidence of compliance.
M060067,Manhattan,300 EAST 54 STREET,Connaught Tower,1013460049,1039846,40.756954,-73.966399,Park; Plaza,1978,24 Hours; Restricted Hours,Park 0.00 sf; Plaza 2354.20 sf,Artwork; Planting; Plaque/Sign; Seating; Trees within Space,,0,0,0,0,0,0,,,,True,yes,,219.0,high,Bulletins highlight selected enforcement only; a zero count is not evidence of compliance.
M060070,Manhattan,360 EAST 57 STREET,Morrison,1013497503,1087734,40.758202,-73.963359,Plaza,1972,24 Hours,Plaza 1500.00 sf,None,,0,0,0,0,0,0,,,,True,construction,,220.0,high,Bulletins highlight selected enforcement only; a zero count is not evidence of compliance.
M060072,Manhattan,300 EAST 59 STREET,Landmark,1013510001,1040031,40.760167,-73.964228,Arcade; Plaza,1974,24 Hours,Arcade 1860.00 sf; Plaza 11600.00 sf,Bicycle Parking; Drinking Fountain; Lighting; Litter Receptacles; Other Required; Planting; Plaque/Sign; Seating; Trees on Street; Trees within Space,"154 sf gazebo, separate bus waiting area on East 59th Street with benches and seatwall",0,0,0,0,0,0,,,,True,no,,221.0,high,Bulletins highlight selected enforcement only; a zero count is not evidence of compliance.
M060073,Manhattan,429 EAST 52 STREET,Rivercourt,1013640034,1040156,40.754935,-73.963696,Plaza,1974,24 Hours,Plaza 14100.00 sf,None,,0,0,0,0,0,0,,,,True,no,,222.0,high,Bulletins highlight selected enforcement only; a zero count is not evidence of compliance.
M060074,Manhattan,420 EAST 54 STREET,River Tower,1013650009,1040158,40.755676,-73.96353,Residential Plaza,1982,24 Hours,Residential Plaza 12673.31 sf,Bicycle Parking; Drinking Fountain; Lighting; Litter Receptacles; Planting; Plaque/Sign; Seating; Trees on Street; Trees within Space,,0,0,1,1,1,0,,,,True,no,,223.0,high,Bulletins highlight selected enforcement only; a zero count is not evidence of compliance.
M060075,Manhattan,400 EAST 54 STREET,Revere,1013657502,1076281,40.756003,-73.964003,Plaza,1972,24 Hours,Plaza 10228.11 sf,None,,0,0,0,0,0,0,,,,True,yes,,224.0,high,Bulletins highlight selected enforcement only; a zero count is not evidence of compliance.
M060076,Manhattan,415 EAST 54 STREET,St. James Tower,1013667501,1040356,40.756151,-73.963014,Residential Plaza,1983,Restricted Hours,Residential Plaza 6618.00 sf,Bicycle Parking; Drinking Fountain; Lighting; Litter Receptacles; Planting; Plaque/Sign; Seating; Trees on Street; Trees within Space; Water Feature,,0,0,0,0,0,0,,,,True,no,,225.0,high,Bulletins highlight selected enforcement only; a zero count is not evidence of compliance.
M060077,Manhattan,400 EAST 56 STREET,Plaza 400,1013670001,1040460,40.757098,-73.963125,Arcade; Plaza,1968,24 Hours,Arcade 1820.39 sf; Plaza 20861.34 sf,None,,0,0,0,0,0,0,,,,True,no,,226.0,high,Bulletins highlight selected enforcement only; a zero count is not evidence of compliance.
M060078,Manhattan,425 EAST 58 STREET,Sovereign,1013700015,1040637,40.758736,-73.960947,Open Space; Plaza,1973,24 Hours; Restricted Hours,Open Space 0.00 sf; Plaza 27701.67 sf,Litter Receptacles; Planting; Plaque/Sign; Seating,,0,0,0,0,0,0,,,,True,yes,,227.0,high,Bulletins highlight selected enforcement only; a zero count is not evidence of compliance.
M060079,Manhattan,243 LEXINGTON AVENUE,,1008900025,1087628,40.746466,-73.97923,Residential Plaza,1998,24 Hours,Residential Plaza 1080.00 sf,Bicycle Parking; Drinking Fountain; Lighting; Litter Receptacles; Planting; Plaque/Sign; Seating; Trees on Street; Trees within Space,,0,0,0,0,0,0,,,,True,yes,,228.0,high,Bulletins highlight selected enforcement only; a zero count is not evidence of compliance.
M060081,Manhattan,418 EAST 59 STREET,Grand Sutton,1013700038,1072003,40.759066,-73.961258,Residential Plaza,1988,24 Hours,Residential Plaza 2612.50 sf,Artwork; Bicycle Parking; Drinking Fountain; Lighting; Litter Receptacles; Planting; Plaque/Sign; Seating; Trees on Street; Trees within Space,,1,1,0,0,1,5000,2021-08,bulletin_month,EA-202108-091ffb80b7,True,no,,229.0,high,Bulletins highlight selected enforcement only; a zero count is not evidence of compliance.
M060082,Manhattan,401 EAST 34 STREET,Rivergate,1009660001,1022057,40.743838,-73.972537,Residential Plaza,1985,24 Hours,Residential Plaza 15682.00 sf,Artwork; Bicycle Parking; Drinking Fountain; Lighting; Litter Receptacles; Other Required; Planting; Plaque/Sign; Retail Frontage; Seating; Tables; Trees on Street; Trees within Space,"Childrens play area, game tables and associated seating provided.",0,0,0,0,0,0,,,,True,no,,230.0,high,Bulletins highlight selected enforcement only; a zero count is not evidence of compliance.
M060083,Manhattan,137 EAST 36 STREET,Carlton Regency,1008920025,1018953,40.747756,-73.978378,Plaza,1966,24 Hours,Plaza 3355.48 sf,None,,0,0,0,0,0,0,,,,True,yes,,231.0,high,Bulletins highlight selected enforcement only; a zero count is not evidence of compliance.
M060084,Manhattan,285 LEXINGTON AVENUE,Carlton Regency North,1008920062,1018978,40.748033,-73.978151,Variance Arcade,1974,24 Hours,Variance Arcade 3342.00 sf,None,,0,0,0,0,0,0,,,,True,yes,,232.0,high,Bulletins highlight selected enforcement only; a zero count is not evidence of compliance.
M060085,Manhattan,200 EAST 32 STREET,Future,1009127502,1077352,40.744021,-73.97896,Residential Plaza,1992,24 Hours,Residential Plaza 5755.35 sf,Bicycle Parking; Drinking Fountain; Lighting; Litter Receptacles; Planting; Plaque/Sign; Seating; Trees on Street; Trees within Space,,0,0,0,0,0,0,,,,True,yes,,233.0,high,Bulletins highlight selected enforcement only; a zero count is not evidence of compliance.
M060086,Manhattan,353 EAST 17 STREET,Gilman Hall,1009237501,1020438,40.733602,-73.981432,Plaza,1969,24 Hours,Plaza 3080.00 sf,None,,0,0,0,0,0,0,,,,True,yes,,234.0,high,Bulletins highlight selected enforcement only; a zero count is not evidence of compliance.
M060087,Manhattan,410 EAST 58 STREET,New Yorker East,1013690042,1040554,40.75847,-73.961984,Plaza,1974,24 Hours,Plaza 2709.30 sf,None,,0,0,0,0,0,0,,,,True,no,"[p.6] at corresponds to the complaint; d) Are followed by a re-inspection to ensure that the violation is corrected. 9. Refer the apparent destruction of the POPS at 410 East 58th Street in Manhattan to the City Law Department to take appropriate action. The Department of City Planning should: 10. Develop an advertising campaign to inform the public about all POPS locations and the required amenities required to be provided at each. 11. Consi || [p.28] In a second POPS location at 410 East 58th Street in Manhattan, we found that DOB allowed a P OPS to be entirely eliminated when a permanent, private structure was built on top of it. When auditors asked DOB officials whether a building permit had been issued for the structure built on the POPS, they said th || [p.28] d Lot (BBL) 1-1369-42. The highlighted area, encircled, is where the building is located and also depicts where a plaza-type POPS is supposed to be located, at 410 East 58th Street in Manhattan. Privately Owned Public Space at 410 East 58th Street, Manhattan However, a structure was built over the POPS space (see photos below). The space is now occupied by a hotel lobby. DOB allowed this POPS plaza to be completely eliminated during a O",235.0,high,Bulletins highlight selected enforcement only; a zero count is not evidence of compliance.
M060088,Manhattan,425 LEXINGTON AVENUE,,1012980023,1036162,40.752246,-73.974948,Urban Plaza,1987,Restricted Hours,Urban Plaza 4548.12 sf,Lighting; Litter Receptacles; Planting; Plaque/Sign; Retail Frontage; Seating; Tables; Trees on Street; Trees within Space,,0,0,0,0,0,0,,,,True,no,,236.0,high,Bulletins highlight selected enforcement only; a zero count is not evidence of compliance.
M060090,Manhattan,430 EAST 29 STREET,Alexandria Science Center,1009627502,1091695,40.739922,-73.974328,Public Access Area,,,,,,0,0,0,0,0,0,,,,False,,,,,Bulletins highlight selected enforcement only; a zero count is not evidence of compliance.
M060091,Manhattan,685 1 AVENUE,East River Realty North,1009457502,1089769,40.747403,-73.971413,Public Access Area,,,,,,0,0,0,0,0,0,,,,False,,,,,Bulletins highlight selected enforcement only; a zero count is not evidence of compliance.
M060092,Manhattan,626 1 AVENUE,East River Realty South,1009670001,1089237,40.744458,-73.971941,Public Access Area,,,,,,0,0,0,0,0,0,,,,False,,,,,Bulletins highlight selected enforcement only; a zero count is not evidence of compliance.
M070005,Manhattan,200 WEST 79 STREET,Gloucester,1011707501,1030909,40.782916,-73.978901,Plaza,1975,24 Hours,Plaza 5355.00 sf,None,,0,0,0,0,0,0,,,,True,yes,,237.0,high,Bulletins highlight selected enforcement only; a zero count is not evidence of compliance.
M070006,Manhattan,201 WEST 70 STREET,One Sherman Square,1011620029,1030373,40.777798,-73.982788,Plaza,1971,24 Hours,Plaza 5990.90 sf,None,,0,0,0,0,0,0,,,,True,yes,,238.0,high,Bulletins highlight selected enforcement only; a zero count is not evidence of compliance.
M070007,Manhattan,2025 BROADWAY,Nevada Towers,1011417502,1076231,40.77681,-73.982543,Plaza,1974,24 Hours,Plaza 5008.00 sf,None,,0,0,0,0,0,0,,,,True,yes,,239.0,high,Bulletins highlight selected enforcement only; a zero count is not evidence of compliance.
M070009,Manhattan,80 CENTRAL PARK WEST,,1011210029,1028458,40.774012,-73.978139,Arcade; Plaza,1967,24 Hours,Arcade 2264.00 sf; Plaza 3980.00 sf,None,,0,0,0,0,0,0,,,,True,yes,,240.0,high,Bulletins highlight selected enforcement only; a zero count is not evidence of compliance.
M070011,Manhattan,130 WEST 67 STREET,Toulaine,1011380053,1028847,40.774875,-73.983233,Arcade; Plaza,1975,24 Hours,Arcade 3440.10 sf; Plaza 2280.93 sf,None,,0,0,0,0,0,0,,,,True,yes,,241.0,high,Bulletins highlight selected enforcement only; a zero count is not evidence of compliance.
M070012,Manhattan,2 LINCOLN SQUARE,Two Lincoln Square,1011180001,1028159,40.773157,-73.981428,Covered Plaza; Mandatory Arcade; Special Permit Plaza; Through Block Arcade,1974,24 Hours; Restricted Hours,Covered Plaza 6358.00 sf; Mandatory Arcade 2757.00 sf; Special Permit Plaza 580.00 sf; Through Block Arcade 0.00 sf,Artwork; Lighting; Litter Receptacles; Other Required; Planting; Plaque/Sign; Restrooms; Retail Frontage; Seating,enclosed portion of Covered Plaza (Museum): skylight; unenclosed portion of Covered Plaza: information kiosk,0,0,0,0,0,0,,,,True,no,,242.0,high,Bulletins highlight selected enforcement only; a zero count is not evidence of compliance.
M070013,Manhattan,10 WEST 66 STREET,,1011180022,1028163,40.772399,-73.979753,Arcade; Plaza,1969,24 Hours,Arcade 530.41 sf; Plaza 9387.32 sf,None,,0,0,0,0,0,0,,,,True,no,,243.0,high,Bulletins highlight selected enforcement only; a zero count is not evidence of compliance.
M070014,Manhattan,1 LINCOLN PLAZA,One Lincoln Plaza,1011167501,1027472,40.771515,-73.981407,Arcade; Plaza,1971,24 Hours,Arcade 3309.30 sf; Plaza 17351.00 sf,None,,0,0,0,0,0,0,,,,True,construction,,244.0,high,Bulletins highlight selected enforcement only; a zero count is not evidence of compliance.
M070015,Manhattan,1886 BROADWAY,30 Lincoln Plaza,1011157503,1027463,40.770769,-73.981573,Covered Plaza; Landscaped Plaza; Mandatory Arcade; Special Permit Arcade,1978,24 Hours; Restricted Hours,Covered Plaza 2386.25 sf; Landscaped Plaza 14385.17 sf; Mandatory Arcade 3492.61 sf; Special Permit Arcade 1000.00 sf,Bicycle Parking; Lighting; Litter Receptacles; Other Required; Planting; Plaque/Sign; Retail Frontage; Seating; Trees on Street; Trees within Space; Water Feature,regular maintenance of Covered Plaza and Landscaped Plaza; reconstruction and landscaping of Broadway Malls from West 62nd to West 64th Streets; regular maintenance of Covered Plaza and Landscaped Plaza,0,0,0,0,0,0,,,,True,no,,245.0,high,Bulletins highlight selected enforcement only; a zero count is not evidence of compliance.
M070016,Manhattan,61 WEST 62 STREET,The Harmony/David Rubenstein Atrium,1011157502,1027461,40.771115,-73.982837,Covered Plaza,1979,Closing for Events; Restricted Hours,Covered Plaza 6906.00 sf,Climate Control; Drinking Fountain; Elevator; Food Service; Lighting; Other Required; Planting; Plaque/Sign; Programs; Restrooms; Retail Frontage; Seating; Tables; Trees on Street; Water Feature,skylight,0,0,0,0,0,0,,,,True,no,,246.0,high,Bulletins highlight selected enforcement only; a zero count is not evidence of compliance.
M070017,Manhattan,44 WEST 62 STREET,Lincoln Plaza Towers,1011140061,1027365,40.77073,-73.983133,Plaza,1973,24 Hours,Plaza 6802.40 sf,None,,0,0,0,0,0,0,,,,True,yes,,247.0,high,Bulletins highlight selected enforcement only; a zero count is not evidence of compliance.
M070019,Manhattan,45 WEST 60 STREET,Regent,1011130001,1027187,40.769943,-73.983711,Residential Plaza,1982,24 Hours,Residential Plaza 9256.43 sf,Bicycle Parking; Drinking Fountain; Lighting; Litter Receptacles; Planting; Plaque/Sign; Seating; Trees on Street; Trees within Space,,0,0,0,0,0,0,,,,True,no,,248.0,high,Bulletins highlight selected enforcement only; a zero count is not evidence of compliance.
M070020,Manhattan,30 WEST 61 STREET,Beaumont,1011137501,1027195,40.769989,-73.983295,Additional Residential Plaza; Arcade; Residential Plaza,1983,24 Hours; Restricted Hours,Additional Residential Plaza 3280.00 sf; Arcade 2490.32 sf; Residential Plaza 6100.83 sf,Bicycle Parking; Drinking Fountain; Lighting; Litter Receptacles; Other Required; Planting; Seating; Tables; Trees on Street; Trees within Space; Water Feature,577 sf trellis; connection to the adjacent public space at 23 Columbus Avenue (Regent),0,0,0,0,0,0,,,,True,no,,249.0,high,Bulletins highlight selected enforcement only; a zero count is not evidence of compliance.
M070021,Manhattan,1 CENTRAL PARK WEST,Trump International Hotel and Tower,1011137502,1027191,40.769108,-73.981621,Plaza,1970,24 Hours,Plaza 17856.00 sf,Food Service; Lighting; Planting; Seating; Subway; Trees on Street; Trees within Space,,0,0,0,0,0,0,,,,True,no,,250.0,high,Bulletins highlight selected enforcement only; a zero count is not evidence of compliance.
M070023,Manhattan,145 WEST 67 STREET,Tower 67,1011390001,1028849,40.775567,-73.983341,Residential Plaza,1985,Restricted Hours,Residential Plaza 14460.50 sf,Bicycle Parking; Drinking Fountain; Lighting; Litter Receptacles; Planting; Plaque/Sign; Seating; Trees on Street; Trees within Space; Water Feature,,0,0,0,0,0,0,,,,True,no,,251.0,high,Bulletins highlight selected enforcement only; a zero count is not evidence of compliance.
M070024,Manhattan,1991 BROADWAY,Bel Canto,1011397501,1028857,40.775276,-73.982637,Covered Plaza,1985,Restricted Hours,Covered Plaza 1518.00 sf,Climate Control; Lighting; Litter Receptacles; Other Required; Planting; Plaque/Sign; Seating; Tables; Trees within Space,decoration on column,1,1,0,0,1,4000,2018-10,bulletin_month,EA-201810-21571ee063,True,no,,252.0,high,Bulletins highlight selected enforcement only; a zero count is not evidence of compliance.
M070026,Manhattan,200 WEST 60 STREET,Concerto,1011517501,1077845,40.770898,-73.987797,Public Open Space,1991,Restricted Hours,Public Open Space 7320.00 sf,Lighting; Other Required; Planting; Plaque/Sign; Retail Frontage; Seating; Trees on Street; Trees within Space; Water Feature,"children's play equipment in ""poured in place"" safety surface, surveillance camera",0,0,0,0,0,0,,,,True,yes,,253.0,high,Bulletins highlight selected enforcement only; a zero count is not evidence of compliance.
M070027,Manhattan,75 WEST END AVENUE,West End Towers,1011710063,1088686,40.773792,-73.989403,Public Open Spaces,1993,Restricted Hours,Public Open Spaces 51497.00 sf,Lighting; Other Required; Planting; Plaque/Sign; Seating; Trees on Street; Trees within Space,"overlook, boulders, a play area to include some of the following play equipment that are similar to Timberform ""Pipeline"" #9514, including wide slide chute with pipe rails, tire swing, arch ladder, bridgeway, and water run",0,0,2,2,2,0,,,,True,yes,,254.0,high,Bulletins highlight selected enforcement only; a zero count is not evidence of compliance.
M070029,Manhattan,639 WEST 59 STREET,Riverside Center,1011710157,1089374,40.772677,-73.991804,Public Access Area,,,,,,0,0,2,2,2,0,,,,False,,,,,Bulletins highlight selected enforcement only; a zero count is not evidence of compliance.
M070030,Manhattan,40 COLUMBUS AVENUE,Fordham University,1011320001,1028829,40.770871,-73.984295,Interim Open Space,,,,,,0,0,0,0,0,0,,,,False,,,,,Bulletins highlight selected enforcement only; a zero count is not evidence of compliance.
M080001,Manhattan,118 EAST 60 STREET,Plaza Tower,1013940007,1041902,40.762812,-73.968648,Plaza,1965,24 Hours,Plaza 6276.00 sf,None,,0,0,0,0,0,0,,,,True,no,,255.0,high,Bulletins highlight selected enforcement only; a zero count is not evidence of compliance.
M080002,Manhattan,167 EAST 61 STREET,Trump Plaza,1013960033,1041986,40.763253,-73.965768,Residential Plaza,1983,Restricted Hours,Residential Plaza 7319.54 sf,Bicycle Parking; Drinking Fountain; Lighting; Litter Receptacles; Planting; Plaque/Sign; Seating; Trees on Street; Trees within Space; Water Feature,,0,0,0,0,0,0,,,,True,no,,256.0,high,Bulletins highlight selected enforcement only; a zero count is not evidence of compliance.
M080003,Manhattan,980 5 AVENUE,,1014910001,1046426,40.777041,-73.963201,Plaza,1967,24 Hours,Plaza 2879.50 sf,None,,0,0,0,0,0,0,,,,True,no,,257.0,high,Bulletins highlight selected enforcement only; a zero count is not evidence of compliance.
M080004,Manhattan,188 EAST 64 STREET,Royale,1013987501,1042137,40.764499,-73.964843,Residential Plaza,1987,24 Hours,Residential Plaza 6667.00 sf,Bicycle Parking; Drinking Fountain; Lighting; Litter Receptacles; Planting; Plaque/Sign; Seating; Trees on Street; Trees within Space,,0,0,0,0,0,0,,,,True,construction,,258.0,high,Bulletins highlight selected enforcement only; a zero count is not evidence of compliance.
M080005,Manhattan,160 EAST 65 STREET,Phoenix,1013990033,1042369,40.765124,-73.964391,Plaza,1969,24 Hours,Plaza 6814.74 sf,None,,0,0,0,0,0,0,,,,True,construction,,259.0,high,Bulletins highlight selected enforcement only; a zero count is not evidence of compliance.
M080006,Manhattan,733 PARK AVENUE,,1014050072,1042760,40.770092,-73.964136,Arcade; Plaza,1970,24 Hours,Arcade 2070.57 sf; Plaza 1760.39 sf,None,,0,0,0,0,0,0,,,,True,yes,,260.0,high,Bulletins highlight selected enforcement only; a zero count is not evidence of compliance.
M080008,Manhattan,200 EAST 61 STREET,Savoy,1014157501,1043547,40.762366,-73.965591,Residential Plaza,1985,Restricted Hours,Residential Plaza 5190.76 sf,Bicycle Parking; Drinking Fountain; Lighting; Litter Receptacles; Planting; Plaque/Sign; Seating; Trees on Street; Trees within Space,,0,0,0,0,0,0,,,,True,no,,261.0,high,Bulletins highlight selected enforcement only; a zero count is not evidence of compliance.
M080009,Manhattan,200 EAST 62 STREET,Wellington Estates,1014167501,1043780,40.763016,-73.965078,Arcade; Plaza,1966,24 Hours,Arcade 504.00 sf; Plaza 6250.00 sf,None,,0,0,0,0,0,0,,,,True,no,,262.0,high,Bulletins highlight selected enforcement only; a zero count is not evidence of compliance.
M080010,Manhattan,200 EAST 64 STREET,Carlton Towers,1014180045,1043866,40.764339,-73.964081,Plaza,1969,Restricted Hours,Plaza 4604.00 sf,Lighting; Litter Receptacles; Planting; Plaque/Sign; Seating,,1,1,0,0,1,11250,2019-07,bulletin_month,EA-201907-0327eea318,True,no,"[p.14] reater accordance with the standards set forth in Section 37-70 (PUBLIC PLAZAS), inclusive.” By way of another example of non-compliance, the property owner of 200 East 64th Street in Manhattan has received the benefit of an additional 26,108 square feet in floor area in the building since 1969 in exchange for providing the POPS.5 But as is reflected in the photographs that follow, the owner has failed to fully provide required amenitie || [p.14] amenities. As in our previous example, DOB officials agreed that existing conditions violated the applicable Zoning Resolution. Privately Owned Public Space at 200 East 64th Street The photo below taken on July 11, 2016, reflects that planters creating a barricade have been placed preventing public access to part of the POPS. During our inspections, we observed that this area was used as a backyard for restaurant staff, and for storage",263.0,high,Bulletins highlight selected enforcement only; a zero count is not evidence of compliance.
M080011,Manhattan,220 EAST 65 STREET,Concorde,1014197503,1043869,40.76444,-73.962659,Plaza,1979,24 Hours,Plaza 1325.00 sf,None,,0,0,0,0,0,0,,,,True,no,,264.0,high,Bulletins highlight selected enforcement only; a zero count is not evidence of compliance.
M080012,Manhattan,200 EAST 65 STREET,Bristol,1014197502,1076307,40.764775,-73.963557,Residential Plaza,1987,Restricted Hours,Residential Plaza 8368.50 sf,Bicycle Parking; Drinking Fountain; Lighting; Litter Receptacles; Planting; Plaque/Sign; Seating; Trees on Street; Trees within Space,,1,1,0,0,1,5000,2021-08,bulletin_month,EA-202108-9d15d92e10,True,yes,,265.0,high,Bulletins highlight selected enforcement only; a zero count is not evidence of compliance.
M080013,Manhattan,265 EAST 66 STREET,,1014210021,1043873,40.765598,-73.96142,Plaza,1975,24 Hours,Plaza 7531.17 sf,None,,0,0,0,0,0,0,,,,True,no,,266.0,high,Bulletins highlight selected enforcement only; a zero count is not evidence of compliance.
M080014,Manhattan,254 EAST 68 STREET,,1014220021,1043884,40.766067,-73.960813,Plaza,1973,24 Hours,Plaza 8153.10 sf,None,,0,0,0,0,0,0,,,,True,yes,,267.0,high,Bulletins highlight selected enforcement only; a zero count is not evidence of compliance.
M080015,Manhattan,205 EAST 95 STREET,Normandie Court,1015410001,1049245,40.78468,-73.94924,Residential Plaza,1985,24 Hours,Residential Plaza 8743.00 sf,Bicycle Parking; Drinking Fountain; Lighting; Litter Receptacles; Planting; Plaque/Sign; Seating; Trees on Street; Trees within Space,,0,0,0,0,0,0,,,,True,yes,,268.0,high,Bulletins highlight selected enforcement only; a zero count is not evidence of compliance.
M080016,Manhattan,220 EAST 72 STREET,,1014260035,1083342,40.768919,-73.959739,Plaza,1974,24 Hours,Plaza 1740.00 sf,None,,0,0,0,0,0,0,,,,True,yes,,269.0,high,Bulletins highlight selected enforcement only; a zero count is not evidence of compliance.
M080019,Manhattan,300 EAST 62 STREET,Paladin,1014367501,1044249,40.762203,-73.96279,Residential Plaza,1985,24 Hours,Residential Plaza 3143.00 sf,Artwork; Bicycle Parking; Lighting; Litter Receptacles; Planting; Plaque/Sign; Seating; Trees on Street; Trees within Space,,0,0,0,0,0,0,,,,True,no,,270.0,high,Bulletins highlight selected enforcement only; a zero count is not evidence of compliance.
M080021,Manhattan,304 EAST 65 STREET,Rio,1014397501,1072488,40.763976,-73.961461,Residential Plaza,1987,Restricted Hours,Residential Plaza 4054.00 sf,Bicycle Parking; Drinking Fountain; Lighting; Litter Receptacles; Planting; Plaque/Sign; Seating; Trees on Street; Trees within Space; Water Feature,,0,0,0,0,0,0,,,,True,construction,,271.0,high,Bulletins highlight selected enforcement only; a zero count is not evidence of compliance.
M080022,Manhattan,353 EAST 72 STREET,Fontaine,1014470019,1044882,40.7683,-73.956462,Arcade; Plaza,1975,24 Hours,Arcade 786.00 sf; Plaza 2411.00 sf,None,,0,0,0,0,0,0,,,,True,yes,,272.0,high,Bulletins highlight selected enforcement only; a zero count is not evidence of compliance.
M080023,Manhattan,300 EAST 74 STREET,,1014480003,1089033,40.769607,-73.957212,Plaza,1967,Restricted Hours,Plaza 5960.00 sf,Bicycle Parking; Drinking Fountain; Lighting; Litter Receptacles; Planting; Seating,,0,0,0,0,0,0,,,,True,yes,,273.0,high,Bulletins highlight selected enforcement only; a zero count is not evidence of compliance.
M080025,Manhattan,300 EAST 75 STREET,Fairmont,1014490003,1044925,40.770262,-73.956691,Arcade; Landscaped Park; Plaza,1979,24 Hours; Restricted Hours,Arcade 1560.00 sf; Landscaped Park 0.00 sf; Plaza 8556.48 sf,Artwork; Planting; Seating; Water Feature,,0,0,0,0,0,0,,,,True,no,,274.0,high,Bulletins highlight selected enforcement only; a zero count is not evidence of compliance.
M080027,Manhattan,400 EAST 70 STREET,Kingsley,1014647501,1045589,40.76614,-73.956792,Residential Plaza,1983,Restricted Hours,Residential Plaza 4739.00 sf,Artwork; Bicycle Parking; Drinking Fountain; Lighting; Litter Receptacles; Planting; Plaque/Sign; Seating; Trees on Street; Trees within Space,,0,0,0,0,0,0,,,,True,construction,,275.0,high,Bulletins highlight selected enforcement only; a zero count is not evidence of compliance.
M080029,Manhattan,400 EAST 71 STREET,Windsor,1014650001,1045808,40.766642,-73.956257,Plaza,1979,24 Hours,Plaza 7297.86 sf,None,,0,0,0,0,0,0,,,,True,no,,276.0,high,Bulletins highlight selected enforcement only; a zero count is not evidence of compliance.
M080030,Manhattan,1385 YORK AVENUE,Stratford,1014680021,1045876,40.768013,-73.953411,Plaza,1969,24 Hours,Plaza 12034.00 sf,None,,0,0,0,0,0,0,,,,True,no,,277.0,high,Bulletins highlight selected enforcement only; a zero count is not evidence of compliance.
M080031,Manhattan,1365 YORK AVENUE,Somerset,1014670021,1045849,40.76741,-73.953899,Plaza,1977,24 Hours,Plaza 11606.97 sf,None,,0,0,0,0,0,0,,,,True,no,,278.0,high,Bulletins highlight selected enforcement only; a zero count is not evidence of compliance.
M080032,Manhattan,985 5 AVENUE,,1014910004,1046427,40.777261,-73.96315,Arcade; Plaza,1969,24 Hours,Arcade 1443.55 sf; Plaza 1386.18 sf,None,,0,0,0,0,0,0,,,,True,no,,279.0,high,Bulletins highlight selected enforcement only; a zero count is not evidence of compliance.
M080033,Manhattan,900 PARK AVENUE,Park 900,1014917501,1046471,40.776088,-73.960695,Plaza,1973,24 Hours,Plaza 5076.00 sf,None,,0,0,0,0,0,0,,,,True,no,,280.0,high,Bulletins highlight selected enforcement only; a zero count is not evidence of compliance.
M080034,Manhattan,50 EAST 89 STREET,Park Regis,1015000045,1046957,40.78221,-73.956936,Landscaped Open Area; Plaza (Park-Like Open Space),1974,24 Hours; Restricted Hours,Landscaped Open Area 0.00 sf; Plaza (Park-Like Open Space) 8395.35 sf,Lighting; Other Required; Planting; Seating,children's play area,2,2,0,0,2,20000,2022-07,bulletin_month,EA-202206-82303f8452;EA-202207-7b454e0561,True,no,,281.0,high,Bulletins highlight selected enforcement only; a zero count is not evidence of compliance.
M080035,Manhattan,45 EAST 89 STREET,,1015017501,1046972,40.782968,-73.956669,Plaza,1969,24 Hours,Plaza 9587.00 sf,None,,0,0,0,0,0,0,,,,True,construction,,282.0,high,Bulletins highlight selected enforcement only; a zero count is not evidence of compliance.
M080036,Manhattan,40 EAST 94 STREET,Carnegie Hill Tower,1015057502,1047171,40.785523,-73.954963,Access to Public Open Area; Public Open Area,1983,Restricted Hours,Access to Public Open Area 3083.00 sf; Public Open Area 11040.21 sf,Lighting; Other Required; Planting; Plaque/Sign; Seating; Trees on Street; Trees within Space,Public Open Area: decorative paving; sidewalk,0,0,0,0,0,0,,,,True,no,,283.0,high,Bulletins highlight selected enforcement only; a zero count is not evidence of compliance.
M080037,Manhattan,178 EAST 80 STREET,Kenilworth,1015080038,1047479,40.77489,-73.95736,Plaza,1972,24 Hours,Plaza 3655.00 sf,None,,0,0,0,0,0,0,,,,True,no,,284.0,high,Bulletins highlight selected enforcement only; a zero count is not evidence of compliance.
M080039,Manhattan,171 EAST 84 STREET,Evans Tower,1015137501,1047704,40.777876,-73.955231,Residential Plaza,1986,24 Hours,Residential Plaza 4249.74 sf,Bicycle Parking; Drinking Fountain; Lighting; Litter Receptacles; Planting; Plaque/Sign; Seating; Trees within Space; Water Feature,,0,0,0,0,0,0,,,,True,no,,285.0,high,Bulletins highlight selected enforcement only; a zero count is not evidence of compliance.
M080040,Manhattan,185 EAST 85 STREET,Park Lane Towers,1015140039,1047938,40.778669,-73.954732,Plaza; Plaza- Connected Open Area,1966,24 Hours,Plaza 13655.00 sf; Plaza- Connected Open Area 2936.00 sf,None,,0,0,0,0,0,0,,,,True,no,,286.0,high,Bulletins highlight selected enforcement only; a zero count is not evidence of compliance.
M080041,Manhattan,111 EAST 85 STREET,,1015140008,1047928,40.779485,-73.956624,Arcade; Plaza,1971,24 Hours,Arcade 566.70 sf; Plaza 5581.19 sf,Lighting; Planting; Seating; Trees on Street; Trees within Space,,1,1,0,0,1,4000,2019-03,bulletin_month,EA-201903-b50d87e950,True,no,,287.0,high,Bulletins highlight selected enforcement only; a zero count is not evidence of compliance.
M080042,Manhattan,1065 PARK AVENUE,Carlton Park,1015160001,1048040,40.780871,-73.956255,Arcade; Plaza,1974,24 Hours,Arcade 1812.00 sf; Plaza 2320.00 sf,Lighting; Litter Receptacles; None; Planting; Plaque/Sign; Seating; Trees on Street; Trees within Space,,0,0,0,0,0,0,,,,True,no,,288.0,high,Bulletins highlight selected enforcement only; a zero count is not evidence of compliance.
M080043,Manhattan,115 EAST 87 STREET,Carnegie Towers,1015167502,1048043,40.780796,-73.955598,Plaza,1972,24 Hours,Plaza 2633.40 sf,None,,0,0,0,0,0,0,,,,True,yes,,289.0,high,Bulletins highlight selected enforcement only; a zero count is not evidence of compliance.
M080044,Manhattan,182 EAST 95 STREET,Highgate,1015230034,1087328,40.784371,-73.950341,Residential Plaza,1980,24 Hours,Residential Plaza 5220.00 sf,Bicycle Parking; Drinking Fountain; Lighting; Litter Receptacles; Planting; Plaque/Sign; Seating; Trees on Street; Trees within Space,,1,1,0,0,1,4000,2019-04,bulletin_month,EA-201904-bf6079b963,True,no,,290.0,high,Bulletins highlight selected enforcement only; a zero count is not evidence of compliance.
M080046,Manhattan,200 EAST 82 STREET,Wimbledon,1015270045,1048579,40.775905,-73.955688,Plaza,1980,24 Hours,Plaza 2536.00 sf,None,,0,0,0,0,0,0,,,,True,no,,291.0,high,Bulletins highlight selected enforcement only; a zero count is not evidence of compliance.
M080048,Manhattan,250 EAST 87 STREET,Newbury,1015320022,1048799,40.778385,-73.951833,Plaza,1970,24 Hours,Plaza 6667.67 sf,None,,0,0,0,0,0,0,,,,True,construction,,292.0,high,Bulletins highlight selected enforcement only; a zero count is not evidence of compliance.
M080049,Manhattan,201 EAST 87 STREET,Claridge House,1015330001,1048809,40.779615,-73.95284,Park; Plaza,1975,24 Hours,Park 2698.90 sf; Plaza 0.00 sf,Artwork; Lighting; Planting; Seating; Trees within Space; Water Feature,,2,2,0,0,2,9000,2023-12,bulletin_month,EA-201902-a0ffcc9121;EA-202312-06276353c3,True,no,,293.0,high,Bulletins highlight selected enforcement only; a zero count is not evidence of compliance.
M080050,Manhattan,200 EAST 89 STREET,Monarch,1015347501,1073221,40.78051,-73.952402,Residential Plaza,1988,Restricted Hours,Residential Plaza 4868.40 sf,Bicycle Parking; Drinking Fountain; Lighting; Litter Receptacles; Planting; Plaque/Sign; Seating; Trees on Street; Trees within Space,,0,0,0,0,0,0,,,,True,yes,,294.0,high,Bulletins highlight selected enforcement only; a zero count is not evidence of compliance.
M080051,Manhattan,200 EAST 90 STREET,,1015350003,1048876,40.78099,-73.951976,Plaza,1974,24 Hours,Plaza 5937.71 sf,None,,0,0,0,0,0,0,,,,True,no,,295.0,high,Bulletins highlight selected enforcement only; a zero count is not evidence of compliance.
M080053,Manhattan,301 EAST 79 STREET,Continental Towers,1015427501,1049261,40.773327,-73.954245,Plaza,1977,24 Hours,Plaza 8810.20 sf,Lighting; Litter Receptacles; Planting; Plaque/Sign; Seating; Tables; Trees within Space,,0,0,0,0,0,0,,,,True,no,,296.0,high,Bulletins highlight selected enforcement only; a zero count is not evidence of compliance.
M080054,Manhattan,345 EAST 80 STREET,East Winds,1015437501,1076841,40.773469,-73.952306,Plaza,1973,24 Hours,Plaza 7070.00 sf,None,,0,0,0,0,0,0,,,,True,no,,297.0,high,Bulletins highlight selected enforcement only; a zero count is not evidence of compliance.
M080055,Manhattan,303 EAST 83 STREET,Camargue,1015460001,1049916,40.776028,-73.952651,Plaza,1977,24 Hours,Plaza 6518.10 sf,None,,1,1,1,1,2,5000,2020-08,bulletin_month,EA-202008-64b4b76872,True,no,,298.0,high,Bulletins highlight selected enforcement only; a zero count is not evidence of compliance.
M080056,Manhattan,353 EAST 83 STREET,,1015460023,1049931,40.775349,-73.9509,Plaza,1968,24 Hours,Plaza 5640.62 sf,None,,0,0,0,0,0,0,,,,True,no,,299.0,high,Bulletins highlight selected enforcement only; a zero count is not evidence of compliance.
M080057,Manhattan,351 EAST 84 STREET,Adams Tower,1015470023,1049968,40.775988,-73.950441,Plaza,1969,24 Hours,Plaza 6694.95 sf,None,,0,0,0,0,0,0,,,,True,no,,300.0,high,Bulletins highlight selected enforcement only; a zero count is not evidence of compliance.
M080058,Manhattan,300 EAST 85 STREET,America,1015470049,1078565,40.776864,-73.952051,Residential Plaza,1987,24 Hours,Residential Plaza 5300.00 sf,Artwork; Bicycle Parking; Drinking Fountain; Lighting; Litter Receptacles; Planting; Plaque/Sign; Retail Frontage; Seating; Trees on Street; Trees within Space,,0,0,0,0,0,0,,,,True,construction,,301.0,high,Bulletins highlight selected enforcement only; a zero count is not evidence of compliance.
M080059,Manhattan,301 EAST 87 STREET,Corniche,1015500001,1050044,40.77861,-73.950797,Plaza,1974,24 Hours,Plaza 3357.00 sf,Bicycle Parking; Litter Receptacles; Planting; Plaque/Sign; Seating,,0,0,0,0,0,0,,,,True,no,,302.0,high,Bulletins highlight selected enforcement only; a zero count is not evidence of compliance.
M080060,Manhattan,340 EAST 93 STREET,Plymouth Tower,1015550023,1078668,40.781182,-73.946704,Residential Plaza,1977,24 Hours,Residential Plaza 7323.83 sf,Bicycle Parking; Drinking Fountain; Lighting; Litter Receptacles; Other Required; Planting; Plaque/Sign; Seating; Trees on Street; Trees within Space,"treatment of building walls with decorative lattice screen and stucco wall surfacing on East 92nd Street and East 93rd Street, gazebo in area adjacent to garage entrance on East 93rd Street",0,0,0,0,0,0,,,,True,construction,,303.0,high,Bulletins highlight selected enforcement only; a zero count is not evidence of compliance.
M080061,Manhattan,345 EAST 93 STREET,Mill Rock Plaza,1015560023,1050288,40.78178,-73.946256,Plaza; Special Permit Arcade,1975,24 Hours,Plaza 10507.00 sf; Special Permit Arcade 1900.00 sf,Planting; Seating; Tables; Trees on Street; Trees within Space; Water Feature,,1,1,0,0,1,5000,2022-03,bulletin_month,EA-202203-58df6dea64,True,no,,304.0,high,Bulletins highlight selected enforcement only; a zero count is not evidence of compliance.
M080062,Manhattan,300 EAST 93 STREET,Waterford,1015557501,1073539,40.781993,-73.948325,Residential Plaza,1987,Restricted Hours,Residential Plaza 4962.00 sf,Bicycle Parking; Drinking Fountain; Lighting; Litter Receptacles; Planting; Plaque/Sign; Seating; Trees on Street; Trees within Space; Water Feature,,0,0,0,0,0,0,,,,True,yes,,305.0,high,Bulletins highlight selected enforcement only; a zero count is not evidence of compliance.
M080064,Manhattan,401 EAST 80 STREET,,1015600001,1050360,40.773206,-73.951638,Residential Plaza,1980,Restricted Hours,Residential Plaza 5689.91 sf,Artwork; Bicycle Parking; Drinking Fountain; Lighting; Litter Receptacles; Other Required; Planting; Plaque/Sign; Seating; Trees on Street; Trees within Space,Primary Space: 120 sf trellis,1,1,0,0,1,5000,2020-05,bulletin_month,EA-202005-aea37ed8e8,True,construction,,306.0,high,Bulletins highlight selected enforcement only; a zero count is not evidence of compliance.
M080066,Manhattan,401 EAST 84 STREET,Dunhill,1015647502,1073786,40.775565,-73.949915,Open Plaza,1987,24 Hours,Open Plaza 846.00 sf,Other Required; Planting; Trees on Street; Trees within Space,12 lamp posts of the kind used throughout the City's public park system,1,1,0,0,1,4000,2019-03,bulletin_month,EA-201903-8982fd5afd,True,no,,307.0,high,Bulletins highlight selected enforcement only; a zero count is not evidence of compliance.
M080068,Manhattan,444 EAST 86 STREET,,1015650029,1050543,40.77588,-73.947885,Plaza,1974,24 Hours,Plaza 7610.00 sf,Lighting; Planting; Seating; Trees within Space,,0,0,0,0,0,0,,,,True,no,,308.0,high,Bulletins highlight selected enforcement only; a zero count is not evidence of compliance.
M080069,Manhattan,1675 YORK AVENUE,Andover,1015680021,1050621,40.77771,-73.946331,Plaza,1974,24 Hours,Plaza 11754.00 sf,None,,0,0,0,0,0,0,,,,True,no,,309.0,high,Bulletins highlight selected enforcement only; a zero count is not evidence of compliance.
M080070,Manhattan,1725 YORK AVENUE,East River Towers,1015690016,1050634,40.778319,-73.94598,Plaza,1970,24 Hours,Plaza 7862.85 sf,None,,0,0,0,0,0,0,,,,True,construction,,310.0,high,Bulletins highlight selected enforcement only; a zero count is not evidence of compliance.
M080071,Manhattan,515 EAST 79 STREET,Austen House,1015760014,1050766,40.771028,-73.948828,Residential Plaza,1982,24 Hours,Residential Plaza 5965.62 sf,Bicycle Parking; Drinking Fountain; Lighting; Litter Receptacles; Planting; Plaque/Sign; Seating; Trees on Street; Trees within Space,,0,0,0,0,0,0,,,,True,construction,,311.0,high,Bulletins highlight selected enforcement only; a zero count is not evidence of compliance.
M080072,Manhattan,1520 YORK AVENUE,Caldwell,1015770001,1050869,40.772184,-73.949394,Plaza,1972,24 Hours,Plaza 7385.52 sf,None,,1,1,0,0,1,5000,2023-06,bulletin_month,EA-202306-c4e4c10bce,True,construction,,312.0,high,Bulletins highlight selected enforcement only; a zero count is not evidence of compliance.
M080073,Manhattan,60 EAST END AVENUE,,1015790023,1051164,40.772792,-73.946952,Plaza,1972,24 Hours,Plaza 7273.67 sf,None,,0,0,0,0,0,0,,,,True,no,,313.0,high,Bulletins highlight selected enforcement only; a zero count is not evidence of compliance.
M080075,Manhattan,303 EAST 60 STREET,Evansview,1014357501,1072231,40.761347,-73.963184,Residential Plaza,1987,Restricted Hours,Residential Plaza 4316.00 sf,Bicycle Parking; Drinking Fountain; Lighting; Litter Receptacles; Planting; Plaque/Sign; Trees on Street; Trees within Space,,0,0,0,0,0,0,,,,True,no,,314.0,high,Bulletins highlight selected enforcement only; a zero count is not evidence of compliance.
M080076,Manhattan,524 EAST 72 STREET,Belaire,1014837501,1072695,40.765855,-73.952478,Residential Plaza,1988,Restricted Hours,Residential Plaza 8412.66 sf,Bicycle Parking; Drinking Fountain; Lighting; Litter Receptacles; Plaque/Sign; Seating; Trees on Street; Trees within Space,,0,0,0,0,0,0,,,,True,yes,,315.0,high,Bulletins highlight selected enforcement only; a zero count is not evidence of compliance.
M080078,Manhattan,455 EAST 86 STREET,Channel Club,1015667501,1073878,40.776355,-73.947177,Residential Plaza,1986,24 Hours,Residential Plaza 1982.50 sf,Bicycle Parking; Drinking Fountain; Lighting; Litter Receptacles; Planting; Plaque/Sign; Seating; Trees on Street; Trees within Space,,0,0,0,0,0,0,,,,True,no,,316.0,high,Bulletins highlight selected enforcement only; a zero count is not evidence of compliance.
M080080,Manhattan,525 EAST 72 STREET,One East River Place,1014840016,1000000,40.766492,-73.952113,Public Park,1988,Restricted Hours,Public Park 4904.00 sf,Lighting; Litter Receptacles; Other Required; Planting; Plaque/Sign; Seating; Tables; Trees within Space; Water Feature,"gate house at southeast corner; construction of ""Park/Overlook"" at termination of East 72nd Street",0,0,0,1,1,0,,,,True,yes,,317.0,high,Bulletins highlight selected enforcement only; a zero count is not evidence of compliance.
M080082,Manhattan,211 EAST 70 STREET,,1014250005,1043921,40.768406,-73.960545,Park-Like Open Space; Plaza; Variance Arcade,1975,24 Hours; Restricted Hours,Park-Like Open Space 31196.00 sf; Plaza 2010.00 sf; Variance Arcade 4664.00 sf,Planting; Trees within Space; Water Feature,,0,0,0,0,0,0,,,,True,yes,,318.0,high,Bulletins highlight selected enforcement only; a zero count is not evidence of compliance.
M080085,Manhattan,301 EAST 94 STREET,Marmara Manhattan,1015577502,1050324,40.782975,-73.947598,Residential Plaza,1989,24 Hours,Residential Plaza 3310.54 sf,Drinking Fountain; Lighting; Litter Receptacles; Planting; Plaque/Sign; Seating; Trees on Street; Trees within Space,,0,0,0,0,0,0,,,,True,construction,,319.0,high,Bulletins highlight selected enforcement only; a zero count is not evidence of compliance.
M080086,Manhattan,200 EAST 69 STREET,Trump Palace,1014237501,1043902,40.767289,-73.961762,Residential Plaza,1991,Restricted Hours,Residential Plaza 8424.85 sf,Bicycle Parking; Drinking Fountain; Lighting; Litter Receptacles; Planting; Plaque/Sign; Retail Frontage; Seating; Trees on Street; Trees within Space,,0,0,0,0,0,0,,,,True,no,,320.0,high,Bulletins highlight selected enforcement only; a zero count is not evidence of compliance.
M080089,Manhattan,235 EAST 95 STREET,Normandie Court,1015410021,1083228,40.78426,-73.948251,Residential Plaza,1986,24 Hours,Residential Plaza 19863.00 sf,Bicycle Parking; Drinking Fountain; Litter Receptacles; Planting; Plaque/Sign; Retail Frontage; Seating; Trees on Street; Trees within Space,,0,0,0,0,0,0,,,,True,construction,,321.0,high,Bulletins highlight selected enforcement only; a zero count is not evidence of compliance.
M080093,Manhattan,1850 2 AVENUE,,1015580050,1050342,40.783875,-73.946954,Arcade,1987,24 Hours,Arcade 1500.00 sf,None,,0,0,0,0,0,0,,,,True,construction,,322.0,high,Bulletins highlight selected enforcement only; a zero count is not evidence of compliance.
M080094,Manhattan,400 EAST 84 STREET,Strathmore,1015630004,1085139,40.775165,-73.950164,Residential Plaza,1989,24 Hours,Residential Plaza 7836.95 sf,Bicycle Parking; Drinking Fountain; Lighting; Planting; Plaque/Sign; Seating; Trees on Street; Trees within Space,,1,1,0,0,1,5000,2022-09,bulletin_month,EA-202209-3879bf100f,True,no,,323.0,high,Bulletins highlight selected enforcement only; a zero count is not evidence of compliance.
M080097,Manhattan,330 EAST 75 STREET,Saratoga,1014497501,1044935,40.769798,-73.955251,Residential Plaza,1985,24 Hours,Residential Plaza 4862.75 sf,Bicycle Parking; Drinking Fountain; Lighting; Litter Receptacles; Planting; Plaque/Sign; Seating; Trees on Street; Trees within Space,,0,0,0,0,0,0,,,,True,no,,324.0,high,Bulletins highlight selected enforcement only; a zero count is not evidence of compliance.
M080098,Manhattan,422 EAST 72 STREET,Oxford,1014667501,1045832,40.766853,-73.955026,Residential Plaza,1990,24 Hours,Residential Plaza 4757.64 sf,Bicycle Parking; Drinking Fountain; Lighting; Litter Receptacles; Plaque/Sign; Seating; Trees on Street; Trees within Space,,0,0,0,0,0,0,,,,True,no,,325.0,high,Bulletins highlight selected enforcement only; a zero count is not evidence of compliance.
M080099,Manhattan,750 LEXINGTON AVENUE,International Plaza,1013940013,1075639,40.762669,-73.968262,Plaza,1986,24 Hours,Plaza 7597.99 sf,None,,0,0,0,0,0,0,,,,True,no,,326.0,high,Bulletins highlight selected enforcement only; a zero count is not evidence of compliance.
M080100,Manhattan,401 EAST 60 STREET,Bridge Tower Place,1014557501,1045271,40.760375,-73.960679,Residential Plaza,1999,24 Hours,Residential Plaza 6736.00 sf,Bicycle Parking; Drinking Fountain; Lighting; Litter Receptacles; Other Required; Planting; Plaque/Sign; Seating; Trees on Street; Trees within Space,stucco treated wall,0,0,0,0,0,0,,,,False,,,,,Bulletins highlight selected enforcement only; a zero count is not evidence of compliance.
M080101,Manhattan,205 EAST 92 STREET,The Easton,1015387501,1090174,40.782666,-73.95031,Non-Bonused Open Area; Public Plaza,2016,24 Hours,Non-Bonused Open Area 0.00 sf; Public Plaza 10678.00 sf,Artwork; Bicycle Parking; Drinking Fountain; Lighting; Litter Receptacles; Other Required; Planting; Plaque/Sign; Retail Frontage; Seating; Tables; Trees on Street; Trees within Space; Water Feature,skylight,0,0,0,0,0,0,,,,False,,,,,Bulletins highlight selected enforcement only; a zero count is not evidence of compliance.
M080102,Manhattan,2 WEST LOOP ROAD,Cornell Tech,1013730035,1090299,40.755487,-73.956228,Public Access Area,,,,,,0,0,0,0,0,0,,,,False,,,,,Bulletins highlight selected enforcement only; a zero count is not evidence of compliance.
M090001,Manhattan,614 WEST 131 STREET,Manhattanville,1019970001,1090647,40.817859,-73.958615,Grove; Large Square; Midblock Open Area; Small Square,,,,Plaque/Sign,,0,0,0,0,0,0,,,,False,,,,,Bulletins highlight selected enforcement only; a zero count is not evidence of compliance.
M110001,Manhattan,175 EAST 96 STREET,Monterey,1016240033,1082901,40.785712,-73.949629,Residential Plaza,1992,24 Hours,Residential Plaza 12720.00 sf,Bicycle Parking; Drinking Fountain; Lighting; Litter Receptacles; Planting; Plaque/Sign; Seating; Trees on Street; Trees within Space,,0,0,0,0,0,0,,,,True,no,"[p.12] ements. As an illustration of the types of violations we found, the following are three examples of non- complying conditions found at a single POPS located at 175 East 96th Street in Manhattan as seen in photographs taken on July 18, 2016. DOB officials agreed with our auditors that the conditions shown in these photos violated City regulations. Office of New York City Comptroller Scott M. Stringer SR16-102A 9 || [p.13] Privately Owned Public Space at 175 East 96th Street, Manhattan The POPS at 175 East 96th Street is a Residential Plaza intended for public use but as can be seen in the photo below, a Members Only sign has been posted on the site, which indicates that the area is not open to the public. As reflected in this ne || [p.13] Privately Owned Public Space at 175 East 96th Street, Manhattan The POPS at 175 East 96th Street is a Residential Plaza intended for public use but as can be seen in the photo below, a Members Only sign has been posted on the site, which indicates that the area is not open to the public. As reflected in this next photograph below, we also saw that variou",10.0,high,Bulletins highlight selected enforcement only; a zero count is not evidence of compliance.
M110003,Manhattan,60 EAST 112 STREET,Sendero Verde,1016177502,1091648,40.796772,-73.946059,Public Access Area,,,,,,0,0,0,0,0,0,,,,False,,,,,Bulletins highlight selected enforcement only; a zero count is not evidence of compliance.
M110004,Manhattan,225 EAST 126 STREET,East Harlem MECC,1017910001,1090333,40.804311,-73.93422,'Public Plaza',,,,,,0,0,0,0,0,0,,,,False,,,,,Bulletins highlight selected enforcement only; a zero count is not evidence of compliance.
Q020001,Queens,1 COURT SQUARE,Citicorp at Court Square,4000790030,4307108,40.747058,-73.944064,Landscaped Public Open Space; Pedestrian Circulation Space,1989,24 Hours,Landscaped Public Open Space 0.00 sf; Pedestrian Circulation Space 0.00 sf,Escalator; Subway; Trees on Street; Trees within Space,,0,0,0,0,0,0,,,,True,no,,332.0,high,Bulletins highlight selected enforcement only; a zero count is not evidence of compliance.
Q020002,Queens,69-02 QUEENS BOULEVARD,,4024320009,4000000,40.739699,-73.89534,Pedestrian Walkway,,,,,,0,0,0,0,0,0,,,,False,,,,,Bulletins highlight selected enforcement only; a zero count is not evidence of compliance.
Q060001,Queens,61-01 JUNCTION BOULEVARD,Rego Park Mall,4020807501,4615634,40.733127,-73.863031,Publicly Accessible Pedestrian Area,2010,Restricted Hours,Publicly Accessible Pedestrian Area 0.00 sf,Elevator; Escalator; Lighting; Other Required; Planting; Plaque/Sign; Seating; Tables,"security, kiosk",0,0,0,0,0,0,,,,True,yes,,333.0,high,Bulletins highlight selected enforcement only; a zero count is not evidence of compliance.
Q070001,Queens,138-35 39 AVENUE,Flushing Commons,4049787502,4607310,40.761235,-73.827713,Publicly Accessible Open Space,,,,,,1,1,0,0,1,5000,2024-02,bulletin_month,EA-202402-57e1712c87,False,,,,,Bulletins highlight selected enforcement only; a zero count is not evidence of compliance.
Q140001,Queens,20-52 MOTT AVENUE,Rockaway Village,4155377501,4000000,40.6053,-73.753265,,,,,,,0,0,0,0,0,0,,,,False,,,,,Bulletins highlight selected enforcement only; a zero count is not evidence of compliance.
R010001,Staten Island,155 RICHMOND TERRACE,NY Wheel,5000020022,5164632,40.647158,-74.078641,,,,,,,0,0,0,0,0,0,,,,False,,,,,Bulletins highlight selected enforcement only; a zero count is not evidence of compliance.
R020001,Staten Island,475 BRIELLE AVENUE,Landmark Colony,5019550001,5134761,40.59183,-74.13974,Publicly Accessible Open Space,,,,,,0,0,0,0,0,0,,,,False,,,,,Bulletins highlight selected enforcement only; a zero count is not evidence of compliance.
X010001,Bronx,671 BROOK AVENUE,La Central,2023610050,2127324,40.817686,-73.913747,Skate Park,,,,,,0,0,0,0,0,0,,,,False,,,,,Bulletins highlight selected enforcement only; a zero count is not evidence of compliance.
X020001,Bronx,1201 SPOFFORD AVENUE,Spofford Campus,2027380035,2000000,40.814348,-73.890006,Publicly Accessible Open Space,,,,,,0,0,0,0,0,0,,,,False,,,,,Bulletins highlight selected enforcement only; a zero count is not evidence of compliance.
X030001,Bronx,1560 BOONE AVENUE,,2030147502,2129027,40.833607,-73.884159,Publicly Accessible Open Areas,,,,,,0,0,0,0,0,0,,,,False,,,,,Bulletins highlight selected enforcement only; a zero count is not evidence of compliance.
