pops_id,borough,address_normalized,building_name,bbl,bin,latitude,longitude,pops_number,borough_name,borocode,community_district,address_number,street_name,zip_code,building_address_with_zip,tax_block,tax_lot,building_location,year_completed,building_constructed,public_space_type,developer,building_architect,principal_public_space,size_required,hour_of_access_required,amenities_required,other_required,permitted_amenities,physically_disabled,xcoordinate,ycoordinate,council_district,census_tract,nta,geocoded_column,bin_is_placeholder,street_canonical,hn_low,hn_high,address_key,year_established,pops_type,required_hours,required_size,required_amenities,other_requirements,permitted_amenities_text,under_construction,data_quality_flags,source_dataset_url,source_record_url,source_rows_updated_at,source_retrieved_at,source_sha256
K010001,Brooklyn,334 WALLABOUT STREET,Pfizer Sites Development,3022657501,3000000,40.70116,-73.948665,K010001,Brooklyn,3,1,334,WALLABOUT STREET,11206,"334 WALLABOUT STREET, Brooklyn, NY 11206",2265,7501,,,Under Construction,Public Access Area,"Harrison Realty, LLC",,,,,,,,,998484,194732,33,507,,POINT (-73.948665 40.70116),True,WALLABOUT STREET,334,334,Brooklyn|334|WALLABOUT STREET,,Public Access Area,,,,,,True,bin_placeholder_not_matchable;missing_year;under_construction;missing_required_hours;missing_required_amenities,https://data.cityofnewyork.us/City-Government/Privately-Owned-Public-Spaces-POPS-/rvih-nhyn,https://data.cityofnewyork.us/resource/rvih-nhyn.json?pops_number=K010001,2025-10-14,2026-09-20T19:28:47+00:00,e2a280e21f4fe509dc14d65f2ab6e6b93bab0d41278ad258e7ea01758a870f3f
K010002,Brooklyn,25 KENT AVENUE,,3022820001,3425961,40.722954,-73.957804,K010002,Brooklyn,3,1,25,KENT AVENUE,11249,"25 KENT AVENUE, Brooklyn, NY 11249",2282,1,,,Completed,Publicly Accessible Open Space,,,,,,,,,Full/Partial,995946,202671,33,557,,POINT (-73.957804 40.722954),False,KENT AVENUE,25,25,Brooklyn|25|KENT AVENUE,,Publicly Accessible Open Space,,,,,,False,missing_year;missing_required_hours;missing_required_amenities,https://data.cityofnewyork.us/City-Government/Privately-Owned-Public-Spaces-POPS-/rvih-nhyn,https://data.cityofnewyork.us/resource/rvih-nhyn.json?pops_number=K010002,2025-10-14,2026-09-20T19:28:47+00:00,e2a280e21f4fe509dc14d65f2ab6e6b93bab0d41278ad258e7ea01758a870f3f
K010003,Brooklyn,316 KENT AVENUE,Domino Sugar Factory,3024147503,3335796,40.714449,-73.96743,K010003,Brooklyn,3,1,316,KENT AVENUE,11249,"316 KENT AVENUE, Brooklyn, NY 11249",2414,7503,,,,Public Access Area,,,,,,,,,Full/Partial,993279,199571,33,551,,POINT (-73.96743 40.714449),False,KENT AVENUE,316,316,Brooklyn|316|KENT AVENUE,,Public Access Area,,,,,,False,missing_year;missing_required_hours;missing_required_amenities,https://data.cityofnewyork.us/City-Government/Privately-Owned-Public-Spaces-POPS-/rvih-nhyn,https://data.cityofnewyork.us/resource/rvih-nhyn.json?pops_number=K010003,2025-10-14,2026-09-20T19:28:47+00:00,e2a280e21f4fe509dc14d65f2ab6e6b93bab0d41278ad258e7ea01758a870f3f
K020001,Brooklyn,130 LIVINGSTON STREET,Livingston Plaza,3001630001,3319419,40.690409,-73.988771,K020001,Brooklyn,3,2,130,LIVINGSTON STREET,11201,"130 LIVINGSTON STREET, Brooklyn, NY 11201",163,1,"Full block bounded by Livingston Street, Schermerhorn Street, Smith Street, and Boerem Place",1991,Completed,Plaza,Cohen Brothers,Murphy/Jahn Architects,Murphy/Jahn Architects,Plaza 19201.00 sf,24 Hours,Lighting; Litter Receptacles; Other Required; Planting; Seating; Trees on Street,decorative pavement near intersection of Boerem Place and Livingston Street,,Full/Partial,987364,190811,33,37,,POINT (-73.988771 40.690409),False,LIVINGSTON STREET,130,130,Brooklyn|130|LIVINGSTON STREET,1991,Plaza,24 Hours,Plaza 19201.00 sf,Lighting; Litter Receptacles; Other Required; Planting; Seating; Trees on Street,decorative pavement near intersection of Boerem Place and Livingston Street,,False,,https://data.cityofnewyork.us/City-Government/Privately-Owned-Public-Spaces-POPS-/rvih-nhyn,https://data.cityofnewyork.us/resource/rvih-nhyn.json?pops_number=K020001,2025-10-14,2026-09-20T19:28:47+00:00,e2a280e21f4fe509dc14d65f2ab6e6b93bab0d41278ad258e7ea01758a870f3f
K020002,Brooklyn,350 JAY STREET,Renaissance Plaza,3001407501,3000259,40.693812,-73.987992,K020002,Brooklyn,3,2,350,JAY STREET,11201,"350 JAY STREET, Brooklyn, NY 11201",140,7501,West side of Jay Street between Willoughby Street and Tech Place,1998,Completed,Plaza and Plaza Connected Open Space; Urban Plaza,Muss Development Company,William B. Tabler Architects,William B. Tabler Architects/Office of William B. Kuhl; William B. Tabler Architects/Moss Gilday Group (for alteration in 2003),Urban Plaza 28805.00 sf,24 Hours,Lighting; Litter Receptacles; Planting; Plaque/Sign; Retail Frontage; Seating; Trees on Street; Trees within Space,,Other Permitted,Full/Partial,987580,192051,33,11,,POINT (-73.987992 40.693812),False,JAY STREET,350,350,Brooklyn|350|JAY STREET,1998,Plaza and Plaza Connected Open Space; Urban Plaza,24 Hours,Urban Plaza 28805.00 sf,Lighting; Litter Receptacles; Planting; Plaque/Sign; Retail Frontage; Seating; Trees on Street; Trees within Space,,Other Permitted,False,,https://data.cityofnewyork.us/City-Government/Privately-Owned-Public-Spaces-POPS-/rvih-nhyn,https://data.cityofnewyork.us/resource/rvih-nhyn.json?pops_number=K020002,2025-10-14,2026-09-20T19:28:47+00:00,e2a280e21f4fe509dc14d65f2ab6e6b93bab0d41278ad258e7ea01758a870f3f
K020003,Brooklyn,1 METROTECH CENTER,,3001470004,3319418,40.693222,-73.986719,K020003,Brooklyn,3,2,1,METROTECH CENTER,11201,"1 METROTECH CENTER, Brooklyn, NY 11201",147,4,"Bounded by Jay Street, Tech Place, Bridge Street, Tillary Street, Flatbush Avenue, Duffield Street, and Willoughby Street",1990,Completed,Commons and Public Areas,Forest City MetroTech Associates,"Haines Lundberg Waehler/Skidmore, Owings & Merrill/Swanke Hayden Connell",The Ehrenkrantz Group & Eckstut,Commons and Public Areas 0.00 sf,24 Hours,Artwork; Drinking Fountain; Lighting; Litter Receptacles; Other Required; Planting; Plaque/Sign; Seating; Subway; Trees on Street; Trees within Space,"Jay Plaza: newsstand, trellis; security",,Full/Partial,987933,191836,33,11,,POINT (-73.986719 40.693222),False,METROTECH CENTER,1,1,Brooklyn|1|METROTECH CENTER,1990,Commons and Public Areas,24 Hours,Commons and Public Areas 0.00 sf,Artwork; Drinking Fountain; Lighting; Litter Receptacles; Other Required; Planting; Plaque/Sign; Seating; Subway; Trees on Street; Trees within Space,"Jay Plaza: newsstand, trellis; security",,False,,https://data.cityofnewyork.us/City-Government/Privately-Owned-Public-Spaces-POPS-/rvih-nhyn,https://data.cityofnewyork.us/resource/rvih-nhyn.json?pops_number=K020003,2025-10-14,2026-09-20T19:28:47+00:00,e2a280e21f4fe509dc14d65f2ab6e6b93bab0d41278ad258e7ea01758a870f3f
K020006,Brooklyn,111 LIVINGSTON STREET,,3002660001,3002555,40.691476,-73.989806,K020006,Brooklyn,3,2,111,LIVINGSTON STREET,11201,"111 LIVINGSTON STREET, Brooklyn, NY 11201",266,1,Northwest corner of Livingston Street and Boerem Place,1969,Completed,Plaza,,,,Plaza 9920.00 sf,24 Hours,None,,,Full/Partial,987077,191200,33,9,,POINT (-73.989806 40.691476),False,LIVINGSTON STREET,111,111,Brooklyn|111|LIVINGSTON STREET,1969,Plaza,24 Hours,Plaza 9920.00 sf,None,,,False,,https://data.cityofnewyork.us/City-Government/Privately-Owned-Public-Spaces-POPS-/rvih-nhyn,https://data.cityofnewyork.us/resource/rvih-nhyn.json?pops_number=K020006,2025-10-14,2026-09-20T19:28:47+00:00,e2a280e21f4fe509dc14d65f2ab6e6b93bab0d41278ad258e7ea01758a870f3f
K020007,Brooklyn,230 ASHLAND PLACE,Forte,3020957502,3393804,40.688253,-73.978636,K020007,Brooklyn,3,2,230,ASHLAND PLACE,11217,"230 ASHLAND PLACE, Brooklyn, NY 11217",2095,7502,North of Fulton Street between Ashland Place and Rockwell Place,2007,Completed,Residential Plaza,The Clarett Group,FXFowle Architects,Sullivan Group Design,Residential Plaza 3960.00 sf,24 Hours,Bicycle Parking; Drinking Fountain; Lighting; Litter Receptacles; Other Required; Planting; Plaque/Sign; Seating; Trees on Street; Trees within Space,adjacent wall of Brooklyn Academy of Music covered in planting,,Full/Partial,990175,190026,35,33,,POINT (-73.978636 40.688253),False,ASHLAND PLACE,230,230,Brooklyn|230|ASHLAND PLACE,2007,Residential Plaza,24 Hours,Residential Plaza 3960.00 sf,Bicycle Parking; Drinking Fountain; Lighting; Litter Receptacles; Other Required; Planting; Plaque/Sign; Seating; Trees on Street; Trees within Space,adjacent wall of Brooklyn Academy of Music covered in planting,,False,,https://data.cityofnewyork.us/City-Government/Privately-Owned-Public-Spaces-POPS-/rvih-nhyn,https://data.cityofnewyork.us/resource/rvih-nhyn.json?pops_number=K020007,2025-10-14,2026-09-20T19:28:47+00:00,e2a280e21f4fe509dc14d65f2ab6e6b93bab0d41278ad258e7ea01758a870f3f
K020008,Brooklyn,343 GOLD STREET,Avalon Fort Greene,3020490002,3393888,40.694078,-73.982885,K020008,Brooklyn,3,2,343,GOLD STREET,11201,"343 GOLD STREET, Brooklyn, NY 11201",2049,2,North of Myrtle Avenue between Flatbush Avenue Extension and Prince Street,2008,Completed,Residential Plaza,"Avalon Bay Communities, Inc.",Perkins Eastman,Moss Gilday Group,Residential Plaza 18699.00 sf,24 Hours,Bicycle Parking; Drinking Fountain; Lighting; Litter Receptacles; Planting; Plaque/Sign; Seating; Trees on Street; Trees within Space,,,Unknown,988996,192148,35,15,,POINT (-73.982885 40.694078),False,GOLD STREET,343,343,Brooklyn|343|GOLD STREET,2008,Residential Plaza,24 Hours,Residential Plaza 18699.00 sf,Bicycle Parking; Drinking Fountain; Lighting; Litter Receptacles; Planting; Plaque/Sign; Seating; Trees on Street; Trees within Space,,,False,,https://data.cityofnewyork.us/City-Government/Privately-Owned-Public-Spaces-POPS-/rvih-nhyn,https://data.cityofnewyork.us/resource/rvih-nhyn.json?pops_number=K020008,2025-10-14,2026-09-20T19:28:47+00:00,e2a280e21f4fe509dc14d65f2ab6e6b93bab0d41278ad258e7ea01758a870f3f
K020009,Brooklyn,203 JAY STREET,,3001077501,3426023,40.698099,-73.986566,K020009,Brooklyn,3,2,203,JAY STREET,11201,"203 JAY STREET, Brooklyn, NY 11201",107,7501,Building located on the east side of Jay Street between Concord Street and Nassau Street,0,Under Construction,Public Plaza,,,Scape Landscape Architecture PLLC,Public Plaza 10405.00 sf,24 Hours,Artwork; Bicycle Parking; Drinking Fountain; Food Service; Litter Receptacles; Planting; Plaque/Sign; Seating; Trees on Street; Trees within Space,,,Full/Partial,987975,193613,33,13,,POINT (-73.986566 40.698099),False,JAY STREET,203,203,Brooklyn|203|JAY STREET,,Public Plaza,24 Hours,Public Plaza 10405.00 sf,Artwork; Bicycle Parking; Drinking Fountain; Food Service; Litter Receptacles; Planting; Plaque/Sign; Seating; Trees on Street; Trees within Space,,,True,year_completed_is_0_in_source;under_construction,https://data.cityofnewyork.us/City-Government/Privately-Owned-Public-Spaces-POPS-/rvih-nhyn,https://data.cityofnewyork.us/resource/rvih-nhyn.json?pops_number=K020009,2025-10-14,2026-09-20T19:28:47+00:00,e2a280e21f4fe509dc14d65f2ab6e6b93bab0d41278ad258e7ea01758a870f3f
K020010,Brooklyn,620 FULTON STREET,,3021080001,3424471,40.687418,-73.977918,K020010,Brooklyn,3,2,620,FULTON STREET,11217,"620 FULTON STREET, Brooklyn, NY 11217",2108,1,Building is located at the northeast corner of Fulton Street and St. Felix Street.,2017,Completed,Public Plaza,,,"Langan, Civil Engineer & Landscape Architect",Public Plaza 2768.00 sf,24 Hours,Bicycle Parking; Drinking Fountain; Lighting; Litter Receptacles; Planting; Plaque/Sign; Retail Frontage; Seating; Trees within Space,,,Full/Partial,990374,189722,35,33,,POINT (-73.977918 40.687418),False,FULTON STREET,620,620,Brooklyn|620|FULTON STREET,2017,Public Plaza,24 Hours,Public Plaza 2768.00 sf,Bicycle Parking; Drinking Fountain; Lighting; Litter Receptacles; Planting; Plaque/Sign; Retail Frontage; Seating; Trees within Space,,,False,,https://data.cityofnewyork.us/City-Government/Privately-Owned-Public-Spaces-POPS-/rvih-nhyn,https://data.cityofnewyork.us/resource/rvih-nhyn.json?pops_number=K020010,2025-10-14,2026-09-20T19:28:47+00:00,e2a280e21f4fe509dc14d65f2ab6e6b93bab0d41278ad258e7ea01758a870f3f
K020011,Brooklyn,90 SANDS STREET,,3000870009,3000179,40.699584,-73.987158,K020011,Brooklyn,3,2,90,SANDS STREET,11201,"90 SANDS STREET, Brooklyn, NY 11201",87,9,"Full block bound by Sands Street, Jay Street, High Street, and Pearl Street.",1996,Completed,Plaza,,,,Plaza 7672.25 sf,24 Hours,,,,None,987811,194154,33,13,,POINT (-73.987158 40.699584),False,SANDS STREET,90,90,Brooklyn|90|SANDS STREET,1996,Plaza,24 Hours,Plaza 7672.25 sf,,,,False,missing_required_amenities,https://data.cityofnewyork.us/City-Government/Privately-Owned-Public-Spaces-POPS-/rvih-nhyn,https://data.cityofnewyork.us/resource/rvih-nhyn.json?pops_number=K020011,2025-10-14,2026-09-20T19:28:47+00:00,e2a280e21f4fe509dc14d65f2ab6e6b93bab0d41278ad258e7ea01758a870f3f
K020012,Brooklyn,286 ASHLAND PLACE,BAM South,3021107501,3428715,40.686202,-73.978499,K020012,Brooklyn,3,2,286,ASHLAND PLACE,11217,"286 ASHLAND PLACE, Brooklyn, NY 11217",2110,7501,,,,Public Open Space,Two Trees Management,Ten Arquitectos,,,,,,,None,990213,189279,35,35,,POINT (-73.978499 40.686202),False,ASHLAND PLACE,286,286,Brooklyn|286|ASHLAND PLACE,,Public Open Space,,,,,,False,missing_year;missing_required_hours;missing_required_amenities,https://data.cityofnewyork.us/City-Government/Privately-Owned-Public-Spaces-POPS-/rvih-nhyn,https://data.cityofnewyork.us/resource/rvih-nhyn.json?pops_number=K020012,2025-10-14,2026-09-20T19:28:47+00:00,e2a280e21f4fe509dc14d65f2ab6e6b93bab0d41278ad258e7ea01758a870f3f
K040001,Brooklyn,54 NOLL STREET,54 Noll Street / One Bushwick,3031520001,3418158,40.700345,-73.933709,K040001,Brooklyn,3,4,54,Noll Street,11206,"54 Noll Street, Brooklyn, NY 11206",3152,1,"Buildings located within five full blocks and one partial block, and is roughly bounded by Flushing Avenue, Beaver Street, Garden Street, Forrest Street, Stanwix Street, Melrose Street and Evergreen Avenue.",,Completed,Public Access Area,,,,,Restricted Hours,Bicycle Parking; Lighting; Litter Receptacles; Planting; Plaque/Sign; Seating; Trees within Space,,,Full/Partial,1002631,194438,34,391,,POINT (-73.933709 40.700345),False,NOLL STREET,54,54,Brooklyn|54|NOLL STREET,,Public Access Area,Restricted Hours,,Bicycle Parking; Lighting; Litter Receptacles; Planting; Plaque/Sign; Seating; Trees within Space,,,False,missing_year,https://data.cityofnewyork.us/City-Government/Privately-Owned-Public-Spaces-POPS-/rvih-nhyn,https://data.cityofnewyork.us/resource/rvih-nhyn.json?pops_number=K040001,2025-10-14,2026-09-20T19:28:47+00:00,e2a280e21f4fe509dc14d65f2ab6e6b93bab0d41278ad258e7ea01758a870f3f
K130001,Brooklyn,2121 BOARDWALK WEST,Seaside Park & Community Arts Center,3070710142,3426960,40.572811,-73.98806,K130001,Brooklyn,3,13,2121,BOARDWALK WEST,11224,"2121 BOARDWALK WEST, Brooklyn, NY 11224",7071,142,,,Completed,Open-Air Auditorium; Public Open Space,,"Gerner Kronick + Valcarcel, pc","Michael Van Valkenburgh Associates, Inc.",,,,,,Full/Partial,987567,147967,47,352,,POINT (-73.98806 40.572811),False,BOARDWALK WEST,2121,2121,Brooklyn|2121|BOARDWALK WEST,,Open-Air Auditorium; Public Open Space,,,,,,False,missing_year;missing_required_hours;missing_required_amenities,https://data.cityofnewyork.us/City-Government/Privately-Owned-Public-Spaces-POPS-/rvih-nhyn,https://data.cityofnewyork.us/resource/rvih-nhyn.json?pops_number=K130001,2025-10-14,2026-09-20T19:28:47+00:00,e2a280e21f4fe509dc14d65f2ab6e6b93bab0d41278ad258e7ea01758a870f3f
K150001,Brooklyn,1809 EMMONS AVENUE,,3087737501,3247051,40.583936,-73.950173,K150001,Brooklyn,3,15,1809,EMMONS AVENUE,11235,"1809 EMMONS AVENUE, Brooklyn, NY 11235",8773,7501,Between East 19th Street and Sheepshead Bay Road.,,,'Plaza',,,,,,,,,Full/Partial,998090,152024,48,608,,POINT (-73.950173 40.583936),False,EMMONS AVENUE,1809,1809,Brooklyn|1809|EMMONS AVENUE,,'Plaza',,,,,,False,missing_year;missing_required_hours;missing_required_amenities,https://data.cityofnewyork.us/City-Government/Privately-Owned-Public-Spaces-POPS-/rvih-nhyn,https://data.cityofnewyork.us/resource/rvih-nhyn.json?pops_number=K150001,2025-10-14,2026-09-20T19:28:47+00:00,e2a280e21f4fe509dc14d65f2ab6e6b93bab0d41278ad258e7ea01758a870f3f
M010002,Manhattan,101 BARCLAY STREET,,1001280002,1001416,40.71451,-74.012236,M010002,Manhattan,1,1,101,BARCLAY STREET,10007,"101 BARCLAY STREET, New York, NY 10007",128,2,"Full block bounded by Barclay, Greenwich, Murray, and West Streets",1983,Completed,Pedestrian Easement; Public Lobby,,"Skidmore, Owings & Merrill","Skidmore, Owings & Merrill",Pedestrian Easement 0.00 sf; Public Lobby 0.00 sf,24 Hours,None; Trees on Street; Trees within Space,,,Full/Partial,980858,199592,1,21,,POINT (-74.012236 40.71451),False,BARCLAY STREET,101,101,Manhattan|101|BARCLAY STREET,1983,Pedestrian Easement; Public Lobby,24 Hours,Pedestrian Easement 0.00 sf; Public Lobby 0.00 sf,None; Trees on Street; Trees within Space,,,False,,https://data.cityofnewyork.us/City-Government/Privately-Owned-Public-Spaces-POPS-/rvih-nhyn,https://data.cityofnewyork.us/resource/rvih-nhyn.json?pops_number=M010002,2025-10-14,2026-09-20T19:28:47+00:00,e2a280e21f4fe509dc14d65f2ab6e6b93bab0d41278ad258e7ea01758a870f3f
M010003,Manhattan,130 LIBERTY STREET,One Bankers Trust Plaza,1000540001,1000000,40.709616,-74.013389,M010003,Manhattan,1,1,130,LIBERTY STREET,10006,"130 LIBERTY STREET, New York, NY 10006",54,1,"Full block bounded by Liberty, Albany, Washington, and Greenwich Streets",1973,Completed,Arcade; Elevated Plaza; Elevated Shopping Way; Pedestrian Bridge; Pedestrian Connection; Plaza; Shopping Arcade,Fisher Brothers,"Shreve, Lamb & Harmon","Shreve, Lamb & Harmon; Thomas Balsley Associates",Arcade 7175.00 sf; Elevated Plaza 0.00 sf; Elevated Shopping Way 0.00 sf; Pedestrian Bridge 0.00 sf; Pedestrian Connection 0.00 sf; Plaza 7623.00 sf; Shopping Arcade 0.00 sf,24 Hours; Restricted Hours,Climate Control; Escalator; None; Other Required; Planting; Retail Frontage; Seating; Trees within Space; Water Feature,2 kiosks; Pedestrian Underpass between One Liberty Plaza and World Trade Center extending from the northwest corner of Church and Cortlandt Streets westward under Church Street,Other Permitted,Full/Partial,980538,197809,1,13,,POINT (-74.013389 40.709616),True,LIBERTY STREET,130,130,Manhattan|130|LIBERTY STREET,1973,Arcade; Elevated Plaza; Elevated Shopping Way; Pedestrian Bridge; Pedestrian Connection; Plaza; Shopping Arcade,24 Hours; Restricted Hours,Arcade 7175.00 sf; Elevated Plaza 0.00 sf; Elevated Shopping Way 0.00 sf; Pedestrian Bridge 0.00 sf; Pedestrian Connection 0.00 sf; Plaza 7623.00 sf; Shopping Arcade 0.00 sf,Climate Control; Escalator; None; Other Required; Planting; Retail Frontage; Seating; Trees within Space; Water Feature,2 kiosks; Pedestrian Underpass between One Liberty Plaza and World Trade Center extending from the northwest corner of Church and Cortlandt Streets westward under Church Street,Other Permitted,False,bin_placeholder_not_matchable,https://data.cityofnewyork.us/City-Government/Privately-Owned-Public-Spaces-POPS-/rvih-nhyn,https://data.cityofnewyork.us/resource/rvih-nhyn.json?pops_number=M010003,2025-10-14,2026-09-20T19:28:47+00:00,e2a280e21f4fe509dc14d65f2ab6e6b93bab0d41278ad258e7ea01758a870f3f
M010004,Manhattan,1 LIBERTY PLAZA,One Liberty Plaza,1000627501,1001068,40.709216,-74.011257,M010004,Manhattan,1,1,1,LIBERTY PLAZA,10006,"1 LIBERTY PLAZA, New York, NY 10006",62,7501,"Full block bounded by Broadway, Church Street, Liberty Street, and Cortlandt Street. Original BBL: 62/1001-1017.",1972,Completed,Open Area; Plaza,,"Skidmore, Owings & Merrill","Skidmore, Owings & Merrill; Cooper, Robertson and Partners Architects (for alteration in 2005)",Open Area 0.00 sf; Plaza 30361.50 sf,24 Hours,Artwork; Lighting; None; Planting; Plaque/Sign; Seating; Subway; Tables; Trees within Space,,,Full/Partial,981129,197663,1,13,,POINT (-74.011257 40.709216),False,LIBERTY PLAZA,1,1,Manhattan|1|LIBERTY PLAZA,1972,Open Area; Plaza,24 Hours,Open Area 0.00 sf; Plaza 30361.50 sf,Artwork; Lighting; None; Planting; Plaque/Sign; Seating; Subway; Tables; Trees within Space,,,False,,https://data.cityofnewyork.us/City-Government/Privately-Owned-Public-Spaces-POPS-/rvih-nhyn,https://data.cityofnewyork.us/resource/rvih-nhyn.json?pops_number=M010004,2025-10-14,2026-09-20T19:28:47+00:00,e2a280e21f4fe509dc14d65f2ab6e6b93bab0d41278ad258e7ea01758a870f3f
M010005,Manhattan,140 BROADWAY,,1000480001,1001027,40.70865,-74.010117,M010005,Manhattan,1,1,140,BROADWAY,10005,"140 BROADWAY, New York, NY 10005",48,1,"Full block bounded by Nassau, Broadway, Cedar Street, and Liberty Street",1965,Completed,Plaza,Harry Helmsley,"Skidmore, Owings & Merrill","Skidmore, Owings & Merrill; Alta Planning & Design (for alteration in 2012)",Plaza 15924.30 sf,24 Hours,None,,Other Permitted,Full/Partial,981445,197457,1,7,,POINT (-74.010117 40.70865),False,BROADWAY,140,140,Manhattan|140|BROADWAY,1965,Plaza,24 Hours,Plaza 15924.30 sf,None,,Other Permitted,False,,https://data.cityofnewyork.us/City-Government/Privately-Owned-Public-Spaces-POPS-/rvih-nhyn,https://data.cityofnewyork.us/resource/rvih-nhyn.json?pops_number=M010005,2025-10-14,2026-09-20T19:28:47+00:00,e2a280e21f4fe509dc14d65f2ab6e6b93bab0d41278ad258e7ea01758a870f3f
M010006,Manhattan,33 MAIDEN LANE,Two Federal Reserve Plaza,1000670023,1001109,40.709123,-74.00848,M010006,Manhattan,1,1,33,MAIDEN LANE,10038,"33 MAIDEN LANE, New York, NY 10038",67,23,Full blockfront on east side of Nassau Street between Maiden Lane and John Street,1984,Completed,Covered Pedestrian Space; Public Pedestrian Circulation Area,George Klein,Johnson/Burgee Architects,Johnson/Burgee Architects,Covered Pedestrian Space 4441.00 sf; Public Pedestrian Circulation Area 935.00 sf,24 Hours; Restricted Hours,Escalator; Lighting; Retail Frontage; Seating; Subway; Trees within Space,,,Full/Partial,981899,197629,1,15.02,,POINT (-74.00848 40.709123),False,MAIDEN LANE,33,33,Manhattan|33|MAIDEN LANE,1984,Covered Pedestrian Space; Public Pedestrian Circulation Area,24 Hours; Restricted Hours,Covered Pedestrian Space 4441.00 sf; Public Pedestrian Circulation Area 935.00 sf,Escalator; Lighting; Retail Frontage; Seating; Subway; Trees within Space,,,False,,https://data.cityofnewyork.us/City-Government/Privately-Owned-Public-Spaces-POPS-/rvih-nhyn,https://data.cityofnewyork.us/resource/rvih-nhyn.json?pops_number=M010006,2025-10-14,2026-09-20T19:28:47+00:00,e2a280e21f4fe509dc14d65f2ab6e6b93bab0d41278ad258e7ea01758a870f3f
M010007,Manhattan,100 WILLIAM STREET,,1000680036,1001116,40.708346,-74.007199,M010007,Manhattan,1,1,100,WILLIAM STREET,10038,"100 WILLIAM STREET, New York, NY 10038",68,36,Full blockfront on east side of William Street bounded by Platt and John Streets,1973,Completed,Covered Pedestrian Space,,Emery Roth & Sons,"Emery Roth & Sons; Rogers Marvel Architects, PLLC (for alteration in 2010)",Covered Pedestrian Space 5242.00 sf,Restricted Hours,Lighting; Plaque/Sign; Retail Frontage; Seating,,,Full/Partial,982254,197346,1,15.02,,POINT (-74.007199 40.708346),False,WILLIAM STREET,100,100,Manhattan|100|WILLIAM STREET,1973,Covered Pedestrian Space,Restricted Hours,Covered Pedestrian Space 5242.00 sf,Lighting; Plaque/Sign; Retail Frontage; Seating,,,False,,https://data.cityofnewyork.us/City-Government/Privately-Owned-Public-Spaces-POPS-/rvih-nhyn,https://data.cityofnewyork.us/resource/rvih-nhyn.json?pops_number=M010007,2025-10-14,2026-09-20T19:28:47+00:00,e2a280e21f4fe509dc14d65f2ab6e6b93bab0d41278ad258e7ea01758a870f3f
M010008,Manhattan,200 WATER STREET,,1000750001,1001163,40.70741,-74.004736,M010008,Manhattan,1,1,200,WATER STREET,10038,"200 WATER STREET, New York, NY 10038",75,1,"Full block bounded by Water Street, Pearl Street, John Street, and Fulton Street",1971,Completed,Arcade; Plaza,Robert Kaufman and Max Spitzer,Emery Roth & Sons,Emery Roth & Sons; Rogers Marvel Architects (for alteration in 2012),Arcade 3222.00 sf; Plaza 4010.00 sf,24 Hours,Artwork; Litter Receptacles; None; Planting; Plaque/Sign; Seating; Tables; Trees within Space,,,Full/Partial,982937,197005,1,15.02,,POINT (-74.004736 40.70741),False,WATER STREET,200,200,Manhattan|200|WATER STREET,1971,Arcade; Plaza,24 Hours,Arcade 3222.00 sf; Plaza 4010.00 sf,Artwork; Litter Receptacles; None; Planting; Plaque/Sign; Seating; Tables; Trees within Space,,,False,,https://data.cityofnewyork.us/City-Government/Privately-Owned-Public-Spaces-POPS-/rvih-nhyn,https://data.cityofnewyork.us/resource/rvih-nhyn.json?pops_number=M010008,2025-10-14,2026-09-20T19:28:47+00:00,e2a280e21f4fe509dc14d65f2ab6e6b93bab0d41278ad258e7ea01758a870f3f
M010009,Manhattan,180 WATER STREET,,1000700032,1001134,40.706996,-74.005544,M010009,Manhattan,1,1,180,WATER STREET,10038,"180 WATER STREET, New York, NY 10038",70,32,Full blockfront on south side of John Street between Water and Pearl Streets,1969,Completed,Arcade; Plaza,Theodore Locker,Emery Roth & Sons,Emery Roth & Sons,Arcade 2404.41 sf; Plaza 3949.00 sf,24 Hours,None,,,Full/Partial,982713,196854,1,15.02,,POINT (-74.005544 40.706996),False,WATER STREET,180,180,Manhattan|180|WATER STREET,1969,Arcade; Plaza,24 Hours,Arcade 2404.41 sf; Plaza 3949.00 sf,None,,,False,,https://data.cityofnewyork.us/City-Government/Privately-Owned-Public-Spaces-POPS-/rvih-nhyn,https://data.cityofnewyork.us/resource/rvih-nhyn.json?pops_number=M010009,2025-10-14,2026-09-20T19:28:47+00:00,e2a280e21f4fe509dc14d65f2ab6e6b93bab0d41278ad258e7ea01758a870f3f
M010010,Manhattan,88 PINE STREET,Wall Street Plaza,1000380017,1000876,40.705662,-74.006168,M010010,Manhattan,1,1,88,PINE STREET,10005,"88 PINE STREET, New York, NY 10005",38,17,"Bounded by Front Street, Water Street, and Maiden Lane",1971,Completed,Special Permit Plaza,,I.M. Pei and Partners; C.Y. Tung/Morley Cho,I.M. Pei and Partners; C.Y. Tung/Morley Cho,Special Permit Plaza 9907.00 sf,24 Hours,Artwork; Planting; Seating; Subway; Trees within Space; Water Feature,,,Full/Partial,982540,196368,1,7,,POINT (-74.006168 40.705662),False,PINE STREET,88,88,Manhattan|88|PINE STREET,1971,Special Permit Plaza,24 Hours,Special Permit Plaza 9907.00 sf,Artwork; Planting; Seating; Subway; Trees within Space; Water Feature,,,False,,https://data.cityofnewyork.us/City-Government/Privately-Owned-Public-Spaces-POPS-/rvih-nhyn,https://data.cityofnewyork.us/resource/rvih-nhyn.json?pops_number=M010010,2025-10-14,2026-09-20T19:28:47+00:00,e2a280e21f4fe509dc14d65f2ab6e6b93bab0d41278ad258e7ea01758a870f3f
M010011,Manhattan,180 MAIDEN LANE,,1000370023,1000874,40.705269,-74.005515,M010011,Manhattan,1,1,180,MAIDEN LANE,10005,"180 MAIDEN LANE, New York, NY 10005",37,23,"Full block bounded by South Street, Front Street, Pine Street, and Maiden Lane",1982,Completed,Enclosed Public Space; Outdoor Public Space,,Swanke Hayden Connell; Kohn Pedersen Fox,Swanke Hayden Connell; Kohn Pedersen Fox; Thomas Balsley Associates (for Outdoor Public Space); Perkins Eastman (2015 Design Change),Enclosed Public Space 14442.00 sf; Outdoor Public Space 6678.00 sf,24 Hours; Restricted Hours,Artwork; Climate Control; Drinking Fountain; Escalator; Food Service; Litter Receptacles; Other Required; Planting; Plaque/Sign; Programs; Restrooms; Retail Frontage; Seating; Tables; Trees within Space,"4,839 sf open exhibit area, 858 sf enclosed exhibit area, 365 sf",Other Permitted,Full/Partial,982721,196225,1,7,,POINT (-74.005515 40.705269),False,MAIDEN LANE,180,180,Manhattan|180|MAIDEN LANE,1982,Enclosed Public Space; Outdoor Public Space,24 Hours; Restricted Hours,Enclosed Public Space 14442.00 sf; Outdoor Public Space 6678.00 sf,Artwork; Climate Control; Drinking Fountain; Escalator; Food Service; Litter Receptacles; Other Required; Planting; Plaque/Sign; Programs; Restrooms; Retail Frontage; Seating; Tables; Trees within Space,"4,839 sf open exhibit area, 858 sf enclosed exhibit area, 365 sf",Other Permitted,False,,https://data.cityofnewyork.us/City-Government/Privately-Owned-Public-Spaces-POPS-/rvih-nhyn,https://data.cityofnewyork.us/resource/rvih-nhyn.json?pops_number=M010011,2025-10-14,2026-09-20T19:28:47+00:00,e2a280e21f4fe509dc14d65f2ab6e6b93bab0d41278ad258e7ea01758a870f3f
M010012,Manhattan,110 WALL STREET,,1000370008,1000872,40.70491,-74.006355,M010012,Manhattan,1,1,110,WALL STREET,10005,"110 WALL STREET, New York, NY 10005",37,8,Northeast corner of Wall and Front Streets,1964,Completed,Arcade,,Emery Roth & Sons,Emery Roth & Sons,Arcade 3613.00 sf,24 Hours,None,,Open Air Cafe,Full/Partial,982488,196094,1,7,,POINT (-74.006355 40.70491),False,WALL STREET,110,110,Manhattan|110|WALL STREET,1964,Arcade,24 Hours,Arcade 3613.00 sf,None,,Open Air Cafe,False,,https://data.cityofnewyork.us/City-Government/Privately-Owned-Public-Spaces-POPS-/rvih-nhyn,https://data.cityofnewyork.us/resource/rvih-nhyn.json?pops_number=M010012,2025-10-14,2026-09-20T19:28:47+00:00,e2a280e21f4fe509dc14d65f2ab6e6b93bab0d41278ad258e7ea01758a870f3f
M010013,Manhattan,100 WALL STREET,,1000380001,1000875,40.705244,-74.006755,M010013,Manhattan,1,1,100,WALL STREET,10005,"100 WALL STREET, New York, NY 10005",38,1,"Bounded by Front, Water, and Wall Streets",1969,Completed,Arcade; Plaza,,Emery Roth & Sons,Emery Roth & Sons,Arcade 2518.00 sf; Plaza 5933.20 sf,24 Hours,None,,,Full/Partial,982377,196216,1,7,,POINT (-74.006755 40.705244),False,WALL STREET,100,100,Manhattan|100|WALL STREET,1969,Arcade; Plaza,24 Hours,Arcade 2518.00 sf; Plaza 5933.20 sf,None,,,False,,https://data.cityofnewyork.us/City-Government/Privately-Owned-Public-Spaces-POPS-/rvih-nhyn,https://data.cityofnewyork.us/resource/rvih-nhyn.json?pops_number=M010013,2025-10-14,2026-09-20T19:28:47+00:00,e2a280e21f4fe509dc14d65f2ab6e6b93bab0d41278ad258e7ea01758a870f3f
M010014,Manhattan,95 WALL STREET,,1000330011,1000864,40.704676,-74.007581,M010014,Manhattan,1,1,95,WALL STREET,10005,"95 WALL STREET, New York, NY 10005",33,11,Full blockfront on east side of  Water Street between Gouverneur Lane and Wall Street,1969,Completed,Arcade; Plaza,,Emery Roth & Sons,Emery Roth & Sons,Arcade 2446.00 sf; Plaza 1963.00 sf,24 Hours,None,,,Full/Partial,982148,196009,1,7,,POINT (-74.007581 40.704676),False,WALL STREET,95,95,Manhattan|95|WALL STREET,1969,Arcade; Plaza,24 Hours,Arcade 2446.00 sf; Plaza 1963.00 sf,None,,,False,,https://data.cityofnewyork.us/City-Government/Privately-Owned-Public-Spaces-POPS-/rvih-nhyn,https://data.cityofnewyork.us/resource/rvih-nhyn.json?pops_number=M010014,2025-10-14,2026-09-20T19:28:47+00:00,e2a280e21f4fe509dc14d65f2ab6e6b93bab0d41278ad258e7ea01758a870f3f
M010015,Manhattan,111 WALL STREET,,1000350010,1000868,40.704265,-74.006997,M010015,Manhattan,1,1,111,WALL STREET,10005,"111 WALL STREET, New York, NY 10005",35,10,"Full block bounded by South Street, Front Street, Gouverneur Lane, and Wall Street",1967,Completed,Arcade; Plaza,,Emery Roth & Sons,Emery Roth & Sons; Thomas Balsley Associates (for alteration),Arcade 4589.00 sf; Plaza 10883.00 sf,,,,,Full/Partial,982310,195859,1,7,,POINT (-74.006997 40.704265),False,WALL STREET,111,111,Manhattan|111|WALL STREET,1967,Arcade; Plaza,,Arcade 4589.00 sf; Plaza 10883.00 sf,,,,False,missing_required_hours;missing_required_amenities,https://data.cityofnewyork.us/City-Government/Privately-Owned-Public-Spaces-POPS-/rvih-nhyn,https://data.cityofnewyork.us/resource/rvih-nhyn.json?pops_number=M010015,2025-10-14,2026-09-20T19:28:47+00:00,e2a280e21f4fe509dc14d65f2ab6e6b93bab0d41278ad258e7ea01758a870f3f
M010016,Manhattan,77 WATER STREET,,1000330001,1000863,40.704226,-74.008198,M010016,Manhattan,1,1,77,WATER STREET,10005,"77 WATER STREET, New York, NY 10005",33,1,"Full block bounded by Front Street, Water Street, Old Slip, and Gouverneur Lane",1970,Completed,Arcade; Plaza,,Emery Roth & Sons,Emery Roth & Sons,Arcade 10335.00 sf; Plaza 4956.00 sf,24 Hours,None,,,Full/Partial,981977,195845,1,7,,POINT (-74.008198 40.704226),False,WATER STREET,77,77,Manhattan|77|WATER STREET,1970,Arcade; Plaza,24 Hours,Arcade 10335.00 sf; Plaza 4956.00 sf,None,,,False,,https://data.cityofnewyork.us/City-Government/Privately-Owned-Public-Spaces-POPS-/rvih-nhyn,https://data.cityofnewyork.us/resource/rvih-nhyn.json?pops_number=M010016,2025-10-14,2026-09-20T19:28:47+00:00,e2a280e21f4fe509dc14d65f2ab6e6b93bab0d41278ad258e7ea01758a870f3f
M010017,Manhattan,86 WATER STREET,10 Hanover Square,1000310001,1000859,40.704569,-74.008858,M010017,Manhattan,1,1,86,WATER STREET,10005,"86 WATER STREET, New York, NY 10005",31,1,East side of Hanover Square between Water and Pearl Streets,1971,Completed,Plaza,Harry B. Helmsley,Emery Roth & Sons,"Emery Roth & Sons; Skidmore, Owings & Merrill (for alteration in 1997)",Plaza 3416.00 sf,24 Hours,None,,,Full/Partial,981794,195970,1,7,,POINT (-74.008858 40.704569),False,WATER STREET,86,86,Manhattan|86|WATER STREET,1971,Plaza,24 Hours,Plaza 3416.00 sf,None,,,False,,https://data.cityofnewyork.us/City-Government/Privately-Owned-Public-Spaces-POPS-/rvih-nhyn,https://data.cityofnewyork.us/resource/rvih-nhyn.json?pops_number=M010017,2025-10-14,2026-09-20T19:28:47+00:00,e2a280e21f4fe509dc14d65f2ab6e6b93bab0d41278ad258e7ea01758a870f3f
M010018,Manhattan,40 BROAD STREET,,1000247501,1078985,40.706021,-74.011787,M010018,Manhattan,1,1,40,BROAD STREET,10004,"40 BROAD STREET, New York, NY 10004",24,7501,West side of Broad Street between Beaver Street and Exchange Place. Original BBL: 24/32.,1983,Completed,Arcade; Urban Plaza,,Gruzen & Partners,Gruzen & Partners,Arcade 745.00 sf; Urban Plaza 1498.74 sf,24 Hours,Lighting; Litter Receptacles; None; Planting; Seating; Trees on Street; Trees within Space,,,Full/Partial,980982,196499,1,9,,POINT (-74.011787 40.706021),False,BROAD STREET,40,40,Manhattan|40|BROAD STREET,1983,Arcade; Urban Plaza,24 Hours,Arcade 745.00 sf; Urban Plaza 1498.74 sf,Lighting; Litter Receptacles; None; Planting; Seating; Trees on Street; Trees within Space,,,False,,https://data.cityofnewyork.us/City-Government/Privately-Owned-Public-Spaces-POPS-/rvih-nhyn,https://data.cityofnewyork.us/resource/rvih-nhyn.json?pops_number=M010018,2025-10-14,2026-09-20T19:28:47+00:00,e2a280e21f4fe509dc14d65f2ab6e6b93bab0d41278ad258e7ea01758a870f3f
M010019,Manhattan,55 BROAD STREET,,1000250001,1000821,40.705277,-74.011047,M010019,Manhattan,1,1,55,BROAD STREET,10004,"55 BROAD STREET, New York, NY 10004",25,1,Northeast corner of Broad and Beaver Streets,1966,Completed,Arcade,,Emery Roth & Sons,Emery Roth & Sons,Arcade 4089.00 sf,24 Hours,None,,,Full/Partial,981187,196228,1,9,,POINT (-74.011047 40.705277),False,BROAD STREET,55,55,Manhattan|55|BROAD STREET,1966,Arcade,24 Hours,Arcade 4089.00 sf,None,,,False,,https://data.cityofnewyork.us/City-Government/Privately-Owned-Public-Spaces-POPS-/rvih-nhyn,https://data.cityofnewyork.us/resource/rvih-nhyn.json?pops_number=M010019,2025-10-14,2026-09-20T19:28:47+00:00,e2a280e21f4fe509dc14d65f2ab6e6b93bab0d41278ad258e7ea01758a870f3f
M010020,Manhattan,55 BROADWAY,1 Exchange Plaza,1000200016,1000807,40.706855,-74.013024,M010020,Manhattan,1,1,55,BROADWAY,10006,"55 BROADWAY, New York, NY 10006",20,16,Southwest corner of Broadway and Exchange Alley,1983,Completed,Other Public Access Areas; Urban Plaza,,Fox & Fowle,Fox & Fowle; Abel Bainsson and Butz (for alteration in 2010),Other Public Access Areas 0.00 sf; Urban Plaza 1726.00 sf,24 Hours,Escalator; Lighting; Litter Receptacles; Planting; Plaque/Sign; Retail Frontage; Seating; Tables,,,Full/Partial,980639,196803,1,13,,POINT (-74.013024 40.706855),False,BROADWAY,55,55,Manhattan|55|BROADWAY,1983,Other Public Access Areas; Urban Plaza,24 Hours,Other Public Access Areas 0.00 sf; Urban Plaza 1726.00 sf,Escalator; Lighting; Litter Receptacles; Planting; Plaque/Sign; Retail Frontage; Seating; Tables,,,False,,https://data.cityofnewyork.us/City-Government/Privately-Owned-Public-Spaces-POPS-/rvih-nhyn,https://data.cityofnewyork.us/resource/rvih-nhyn.json?pops_number=M010020,2025-10-14,2026-09-20T19:28:47+00:00,e2a280e21f4fe509dc14d65f2ab6e6b93bab0d41278ad258e7ea01758a870f3f
M010021,Manhattan,52 BROADWAY,,1000220028,1000814,40.706485,-74.012274,M010021,Manhattan,1,1,52,BROADWAY,10004,"52 BROADWAY, New York, NY 10004",22,28,Southeast corner of Exchange Alley and Broadway,1983,Completed,Through Block Arcade Equivalent,Jack Resnick,Emery Roth & Sons,Emery Roth & Sons,Through Block Arcade Equivalent 4841.00 sf,Restricted Hours,Artwork; Escalator; Lighting; Planting; Retail Frontage,,,Full/Partial,980847,196668,1,9,,POINT (-74.012274 40.706485),False,BROADWAY,52,52,Manhattan|52|BROADWAY,1983,Through Block Arcade Equivalent,Restricted Hours,Through Block Arcade Equivalent 4841.00 sf,Artwork; Escalator; Lighting; Planting; Retail Frontage,,,False,,https://data.cityofnewyork.us/City-Government/Privately-Owned-Public-Spaces-POPS-/rvih-nhyn,https://data.cityofnewyork.us/resource/rvih-nhyn.json?pops_number=M010021,2025-10-14,2026-09-20T19:28:47+00:00,e2a280e21f4fe509dc14d65f2ab6e6b93bab0d41278ad258e7ea01758a870f3f
M010022,Manhattan,45 BROADWAY,45 Broadway Atrium,1000200009,1000804,40.706542,-74.013266,M010022,Manhattan,1,1,45,BROADWAY,10006,"45 BROADWAY, New York, NY 10006",20,9,West side of Broadway between Morris Street and Exchange Alley,1983,Completed,Arcade; Shopping Arcade,"HRO International, Ltd.",Fox and Fowle,Fox and Fowle,Arcade 1983.00 sf; Shopping Arcade 81.68 sf,24 Hours,Escalator; Subway,,,Full/Partial,980572,196689,1,13,,POINT (-74.013266 40.706542),False,BROADWAY,45,45,Manhattan|45|BROADWAY,1983,Arcade; Shopping Arcade,24 Hours,Arcade 1983.00 sf; Shopping Arcade 81.68 sf,Escalator; Subway,,,False,,https://data.cityofnewyork.us/City-Government/Privately-Owned-Public-Spaces-POPS-/rvih-nhyn,https://data.cityofnewyork.us/resource/rvih-nhyn.json?pops_number=M010022,2025-10-14,2026-09-20T19:28:47+00:00,e2a280e21f4fe509dc14d65f2ab6e6b93bab0d41278ad258e7ea01758a870f3f
M010023,Manhattan,90 WASHINGTON STREET,,1000170029,1000793,40.708074,-74.01485,M010023,Manhattan,1,1,90,WASHINGTON STREET,10006,"90 WASHINGTON STREET, New York, NY 10006",17,29,"Bounded by Washington, West, and Rector Streets",1968,Completed,Plaza,,Fred Safran,Fred Safran,Plaza 8789.00 sf,24 Hours,Bicycle Parking; Lighting; Planting; Plaque/Sign; Seating; Trees within Space,,,Full/Partial,980133,197247,1,13,,POINT (-74.01485 40.708074),False,WASHINGTON STREET,90,90,Manhattan|90|WASHINGTON STREET,1968,Plaza,24 Hours,Plaza 8789.00 sf,Bicycle Parking; Lighting; Planting; Plaque/Sign; Seating; Trees within Space,,,False,,https://data.cityofnewyork.us/City-Government/Privately-Owned-Public-Spaces-POPS-/rvih-nhyn,https://data.cityofnewyork.us/resource/rvih-nhyn.json?pops_number=M010023,2025-10-14,2026-09-20T19:28:47+00:00,e2a280e21f4fe509dc14d65f2ab6e6b93bab0d41278ad258e7ea01758a870f3f
M010024,Manhattan,7 HANOVER SQUARE,100 Pearl Street,1000307501,1000855,40.704056,-74.009659,M010024,Manhattan,1,1,7,HANOVER SQUARE,10004,"7 HANOVER SQUARE, New York, NY 10004",30,7501,South side of Hanover Square between Water and Pearl Streets,1983,Completed,Arcade; Through Block Arcade,,Emery Roth & Sons,Emery Roth & Sons,Arcade 5349.06 sf; Through Block Arcade 7467.13 sf,24 Hours; Restricted Hours,Climate Control; Lighting; None; Planting; Plaque/Sign; Retail Frontage; Seating; Tables,,Open Air Cafe,Full/Partial,981572,195783,1,9,,POINT (-74.009659 40.704056),False,HANOVER SQUARE,7,7,Manhattan|7|HANOVER SQUARE,1983,Arcade; Through Block Arcade,24 Hours; Restricted Hours,Arcade 5349.06 sf; Through Block Arcade 7467.13 sf,Climate Control; Lighting; None; Planting; Plaque/Sign; Retail Frontage; Seating; Tables,,Open Air Cafe,False,,https://data.cityofnewyork.us/City-Government/Privately-Owned-Public-Spaces-POPS-/rvih-nhyn,https://data.cityofnewyork.us/resource/rvih-nhyn.json?pops_number=M010024,2025-10-14,2026-09-20T19:28:47+00:00,e2a280e21f4fe509dc14d65f2ab6e6b93bab0d41278ad258e7ea01758a870f3f
M010025,Manhattan,55 WATER STREET,,1000327501,1083346,40.703183,-74.009154,M010025,Manhattan,1,1,55,WATER STREET,10041,"55 WATER STREET, New York, NY 10041",32,7501,"Full block bounded by South Street, Water Street, Vietnam Veterans Plaza, and Old Slip",1970,Completed,Arcade; Elevated Plaza; Plaza,Uris 55 Water St. Corp.,Emery Roth & Sons,"M. Paul Friedberg & Partners; Rogers Marvel Architects, PLLC and Ken Smith (for alteration in 2004)",Arcade 10254.00 sf; Elevated Plaza 41485.00 sf; Plaza 33307.00 sf,24 Hours; Closing for Events; Restricted Hours,Escalator; Food Service; Lighting; None; Other Required; Planting; Plaque/Sign; Programs; Retail Frontage; Seating; Tables; Trees within Space,"Elevated Plaza: stairs connecting to street level on Water Street and South Street events platform, stair balconies, viewing platform, boardwalk, support space and illuminated beacon; rebuilding and maintenance of adjacent Jeannette Park (now Vietnam Veterans Plaza) to the west as an urban park with landscaping, seating, and lighting",Other Permitted,Full/Partial,981712,195465,1,9,,POINT (-74.009154 40.703183),False,WATER STREET,55,55,Manhattan|55|WATER STREET,1970,Arcade; Elevated Plaza; Plaza,24 Hours; Closing for Events; Restricted Hours,Arcade 10254.00 sf; Elevated Plaza 41485.00 sf; Plaza 33307.00 sf,Escalator; Food Service; Lighting; None; Other Required; Planting; Plaque/Sign; Programs; Retail Frontage; Seating; Tables; Trees within Space,"Elevated Plaza: stairs connecting to street level on Water Street and South Street events platform, stair balconies, viewing platform, boardwalk, support space and illuminated beacon; rebuilding and maintenance of adjacent Jeannette Park (now Vietnam Veterans Plaza) to the west as an urban park with landscaping, seating, and lighting",Other Permitted,False,,https://data.cityofnewyork.us/City-Government/Privately-Owned-Public-Spaces-POPS-/rvih-nhyn,https://data.cityofnewyork.us/resource/rvih-nhyn.json?pops_number=M010025,2025-10-14,2026-09-20T19:28:47+00:00,e2a280e21f4fe509dc14d65f2ab6e6b93bab0d41278ad258e7ea01758a870f3f
M010026,Manhattan,125 BROAD STREET,2 New York Plaza,1000057501,1000006,40.702266,-74.010607,M010026,Manhattan,1,1,125,BROAD STREET,10004,"125 BROAD STREET, New York, NY 10004",5,7501,Northeast corner of Broad and South Streets,1970,Completed,Arcade; Plaza,Sol G. Atlas and John P. McGrath,Kahn and Jacobs,Kahn and Jacobs,Arcade 3656.00 sf; Plaza 21009.00 sf,24 Hours,Plaque/Sign,,,Full/Partial,981309,195131,1,9,,POINT (-74.010607 40.702266),False,BROAD STREET,125,125,Manhattan|125|BROAD STREET,1970,Arcade; Plaza,24 Hours,Arcade 3656.00 sf; Plaza 21009.00 sf,Plaque/Sign,,,False,,https://data.cityofnewyork.us/City-Government/Privately-Owned-Public-Spaces-POPS-/rvih-nhyn,https://data.cityofnewyork.us/resource/rvih-nhyn.json?pops_number=M010026,2025-10-14,2026-09-20T19:28:47+00:00,e2a280e21f4fe509dc14d65f2ab6e6b93bab0d41278ad258e7ea01758a870f3f
M010027,Manhattan,115 BROAD STREET,4 New York Plaza,1000050010,1000007,40.702777,-74.010722,M010027,Manhattan,1,1,115,BROAD STREET,10004,"115 BROAD STREET, New York, NY 10004",5,10,Southeast corner of Water and Broad Streets,1968,Completed,Arcade; Plaza,Sol G. Atlas and John P. McGrath,"Carson, Lundin & Shaw","Carson, Lundin & Shaw; Phillip Habib & Associates (2011 redesign)",Arcade 3124.00 sf; Plaza 7573.00 sf,24 Hours,Lighting; Litter Receptacles; None; Planting; Plaque/Sign; Seating; Tables; Trees within Space,,,Full/Partial,981277,195317,1,9,,POINT (-74.010722 40.702777),False,BROAD STREET,115,115,Manhattan|115|BROAD STREET,1968,Arcade; Plaza,24 Hours,Arcade 3124.00 sf; Plaza 7573.00 sf,Lighting; Litter Receptacles; None; Planting; Plaque/Sign; Seating; Tables; Trees within Space,,,False,,https://data.cityofnewyork.us/City-Government/Privately-Owned-Public-Spaces-POPS-/rvih-nhyn,https://data.cityofnewyork.us/resource/rvih-nhyn.json?pops_number=M010027,2025-10-14,2026-09-20T19:28:47+00:00,e2a280e21f4fe509dc14d65f2ab6e6b93bab0d41278ad258e7ea01758a870f3f
M010028,Manhattan,85 BROAD STREET,Goldman Sachs,1000290001,1066031,40.703993,-74.011054,M010028,Manhattan,1,1,85,BROAD STREET,10004,"85 BROAD STREET, New York, NY 10004",29,1,Full blockfront on east side of Broad Street between Pearl and South William Streets,1983,Completed,Arcade; Publicly Accessible Lobby; Sidewalk Widening; Urban Plaza,Galbreath-Ruffin Corp.,"Skidmore, Owings & Merrill","Skidmore, Owings & Merrill",Arcade 12930.00 sf; Publicly Accessible Lobby 0.00 sf; Sidewalk Widening 3600.00 sf; Urban Plaza 9630.00 sf,24 Hours; Restricted Hours,Lighting; Litter Receptacles; Other Required; Plaque/Sign; Retail Frontage; Seating; Trees on Street; Trees within Space,"signage and display methods used to identify the historical significance of the site, approved by the Landmarks Preservation Commission and the City Planning Commission",Open Air Cafe,Full/Partial,981185,195760,1,9,,POINT (-74.011054 40.703993),False,BROAD STREET,85,85,Manhattan|85|BROAD STREET,1983,Arcade; Publicly Accessible Lobby; Sidewalk Widening; Urban Plaza,24 Hours; Restricted Hours,Arcade 12930.00 sf; Publicly Accessible Lobby 0.00 sf; Sidewalk Widening 3600.00 sf; Urban Plaza 9630.00 sf,Lighting; Litter Receptacles; Other Required; Plaque/Sign; Retail Frontage; Seating; Trees on Street; Trees within Space,"signage and display methods used to identify the historical significance of the site, approved by the Landmarks Preservation Commission and the City Planning Commission",Open Air Cafe,False,,https://data.cityofnewyork.us/City-Government/Privately-Owned-Public-Spaces-POPS-/rvih-nhyn,https://data.cityofnewyork.us/resource/rvih-nhyn.json?pops_number=M010028,2025-10-14,2026-09-20T19:28:47+00:00,e2a280e21f4fe509dc14d65f2ab6e6b93bab0d41278ad258e7ea01758a870f3f
M010029,Manhattan,1 NEW YORK PLAZA,,1000047501,1000005,40.702153,-74.012021,M010029,Manhattan,1,1,1,NEW YORK PLAZA,10004,"1 NEW YORK PLAZA, New York, NY 10004",4,7501,"Full block bounded by Whitehall, Water, Broad, and South Streets",1967,Completed,Arcade; Plaza,,William Lescaze & Associates,William Lescaze & Associates; William Leggio Architects (for alteration in 2002),Arcade 4721.20 sf; Plaza 35264.00 sf,24 Hours,None,,,Full/Partial,980917,195090,1,9,,POINT (-74.012021 40.702153),False,NEW YORK PLAZA,1,1,Manhattan|1|NEW YORK PLAZA,1967,Arcade; Plaza,24 Hours,Arcade 4721.20 sf; Plaza 35264.00 sf,None,,,False,,https://data.cityofnewyork.us/City-Government/Privately-Owned-Public-Spaces-POPS-/rvih-nhyn,https://data.cityofnewyork.us/resource/rvih-nhyn.json?pops_number=M010029,2025-10-14,2026-09-20T19:28:47+00:00,e2a280e21f4fe509dc14d65f2ab6e6b93bab0d41278ad258e7ea01758a870f3f
M010030,Manhattan,1 STATE STREET,1 State Street Plaza,1000090001,1000018,40.70276,-74.013301,M010030,Manhattan,1,1,1,STATE STREET,10004,"1 STATE STREET, New York, NY 10004",9,1,Full blockfront on west side of Whitehall Street between State and  Pearl Streets,1970,Completed,Arcade; Plaza,,Emery Roth & Sons,Emery Roth & Sons,Arcade 731.00 sf; Plaza 8976.80 sf,24 Hours,None,,,Full/Partial,980562,195311,1,9,,POINT (-74.013301 40.70276),False,STATE STREET,1,1,Manhattan|1|STATE STREET,1970,Arcade; Plaza,24 Hours,Arcade 731.00 sf; Plaza 8976.80 sf,None,,,False,,https://data.cityofnewyork.us/City-Government/Privately-Owned-Public-Spaces-POPS-/rvih-nhyn,https://data.cityofnewyork.us/resource/rvih-nhyn.json?pops_number=M010030,2025-10-14,2026-09-20T19:28:47+00:00,e2a280e21f4fe509dc14d65f2ab6e6b93bab0d41278ad258e7ea01758a870f3f
M010031,Manhattan,17 STATE STREET,,1000090014,1000020,40.702892,-74.013878,M010031,Manhattan,1,1,17,STATE STREET,10004,"17 STATE STREET, New York, NY 10004",9,14,Southeast corner of State and Pearl Streets,1987,Completed,Arcade; Public Exhibit Space; Sidewalk Widening; Urban Plaza,William Kaufman,Emery Roth & Sons,Emery Roth & Sons,Arcade 6198.00 sf; Public Exhibit Space 0.00 sf; Sidewalk Widening 1715.00 sf; Urban Plaza 6272.00 sf,24 Hours,Lighting; Litter Receptacles; None; Other Required; Planting; Plaque/Sign; Seating; Tables; Trees on Street; Trees within Space,Public Exhibit Space: archaeological exhibit space designed by Milton Glaser,,Full/Partial,980402,195359,1,9,,POINT (-74.013878 40.702892),False,STATE STREET,17,17,Manhattan|17|STATE STREET,1987,Arcade; Public Exhibit Space; Sidewalk Widening; Urban Plaza,24 Hours,Arcade 6198.00 sf; Public Exhibit Space 0.00 sf; Sidewalk Widening 1715.00 sf; Urban Plaza 6272.00 sf,Lighting; Litter Receptacles; None; Other Required; Planting; Plaque/Sign; Seating; Tables; Trees on Street; Trees within Space,Public Exhibit Space: archaeological exhibit space designed by Milton Glaser,,False,,https://data.cityofnewyork.us/City-Government/Privately-Owned-Public-Spaces-POPS-/rvih-nhyn,https://data.cityofnewyork.us/resource/rvih-nhyn.json?pops_number=M010031,2025-10-14,2026-09-20T19:28:47+00:00,e2a280e21f4fe509dc14d65f2ab6e6b93bab0d41278ad258e7ea01758a870f3f
M010032,Manhattan,1 BATTERY PARK PLAZA,,1000090029,1000021,40.703347,-74.01373,M010032,Manhattan,1,1,1,BATTERY PARK PLAZA,10004,"1 BATTERY PARK PLAZA, New York, NY 10004",9,29,"Full block bounded by Whitehall Street, State Street, Pearl Street and Bridge Street",1969,Completed,Plaza,,Emery Roth & Sons,Emery Roth & Sons,Plaza 16337.00 sf,24 Hours,None,,,Full/Partial,980443,195525,1,9,,POINT (-74.01373 40.703347),False,BATTERY PARK PLAZA,1,1,Manhattan|1|BATTERY PARK PLAZA,1969,Plaza,24 Hours,Plaza 16337.00 sf,None,,,False,,https://data.cityofnewyork.us/City-Government/Privately-Owned-Public-Spaces-POPS-/rvih-nhyn,https://data.cityofnewyork.us/resource/rvih-nhyn.json?pops_number=M010032,2025-10-14,2026-09-20T19:28:47+00:00,e2a280e21f4fe509dc14d65f2ab6e6b93bab0d41278ad258e7ea01758a870f3f
M010033,Manhattan,160 WATER STREET,,1000700043,1001135,40.706804,-74.005879,M010033,Manhattan,1,1,160,WATER STREET,10038,"160 WATER STREET, New York, NY 10038",70,43,"Bounded by Water, Fletcher, and Pearl Streets",1970,Completed,Arcade; Plaza,,William Lescaze & Associates/Hausman & Rosenberg,William Lescaze & Associates/Hausman & Rosenberg,Arcade 2575.25 sf; Plaza 2962.31 sf,24 Hours,Lighting; Litter Receptacles; Planting; Plaque/Sign; Seating; Trees within Space,,,Full/Partial,982620,196784,1,15.02,,POINT (-74.005879 40.706804),False,WATER STREET,160,160,Manhattan|160|WATER STREET,1970,Arcade; Plaza,24 Hours,Arcade 2575.25 sf; Plaza 2962.31 sf,Lighting; Litter Receptacles; Planting; Plaque/Sign; Seating; Trees within Space,,,False,,https://data.cityofnewyork.us/City-Government/Privately-Owned-Public-Spaces-POPS-/rvih-nhyn,https://data.cityofnewyork.us/resource/rvih-nhyn.json?pops_number=M010033,2025-10-14,2026-09-20T19:28:47+00:00,e2a280e21f4fe509dc14d65f2ab6e6b93bab0d41278ad258e7ea01758a870f3f
M010034,Manhattan,32 OLD SLIP,Financial Square,1000350001,1000867,40.703809,-74.007693,M010034,Manhattan,1,1,32,OLD SLIP,10005,"32 OLD SLIP, New York, NY 10005",35,1,"Full block bounded by Old Slip, Front Street, Gouverneur Lane, and South Street",1987,Completed,Arcade; Sidewalk Widening; Urban Plaza,Howard Ronson,Edward Durell Stone Associates,Edward Durell Stone Associates; Deaprtment of Parks and Recreation (for alteration of Piazza in 2004),Arcade 12004.25 sf; Sidewalk Widening 1406.00 sf; Urban Plaza 5887.00 sf,24 Hours,Lighting; Litter Receptacles; Other Required; Plaque/Sign; Seating; Subway; Trees on Street; Trees within Space,"improvements to city-owned property on Old Slip to create a ""Piazza"" with 1,292.43 sf planting, 10 trees, 30 1964 World's Fair benches, 12 wood and stone backless benches, lighting, 1 fountain, a heritage trail sign featuring police museum and history, and 6 litter receptacles",,Full/Partial,982117,195693,1,7,,POINT (-74.007693 40.703809),False,OLD SLIP,32,32,Manhattan|32|OLD SLIP,1987,Arcade; Sidewalk Widening; Urban Plaza,24 Hours,Arcade 12004.25 sf; Sidewalk Widening 1406.00 sf; Urban Plaza 5887.00 sf,Lighting; Litter Receptacles; Other Required; Plaque/Sign; Seating; Subway; Trees on Street; Trees within Space,"improvements to city-owned property on Old Slip to create a ""Piazza"" with 1,292.43 sf planting, 10 trees, 30 1964 World's Fair benches, 12 wood and stone backless benches, lighting, 1 fountain, a heritage trail sign featuring police museum and history, and 6 litter receptacles",,False,,https://data.cityofnewyork.us/City-Government/Privately-Owned-Public-Spaces-POPS-/rvih-nhyn,https://data.cityofnewyork.us/resource/rvih-nhyn.json?pops_number=M010034,2025-10-14,2026-09-20T19:28:47+00:00,e2a280e21f4fe509dc14d65f2ab6e6b93bab0d41278ad258e7ea01758a870f3f
M010037,Manhattan,388 GREENWICH STREET,Salomon Smith Barney,1002160001,1082816,40.720865,-74.011003,M010037,Manhattan,1,1,388,GREENWICH STREET,10013,"388 GREENWICH STREET, New York, NY 10013",216,1,"Full block bounded by Greenwich, West, North Moore, and Hubert Streets",1986,Completed,Plaza; Public Plaza,,"Skidmore, Owings & Merrill; Kohn Pedersen Fox","Skidmore, Owings & Merrill; Kohn Pedersen Fox; Thomas Balsley (for alteration); James Corner Field Operations and Skidmore Owings & Merrill (for 2016 redesign)",Plaza 22906.00 sf; Public Plaza 22787.00 sf,24 Hours,Bicycle Parking; Drinking Fountain; Lighting; Litter Receptacles; Planting; Plaque/Sign; Retail Frontage; Seating; Tables; Trees on Street; Trees within Space,,,Full/Partial,981200,201907,1,39,,POINT (-74.011003 40.720865),False,GREENWICH STREET,388,388,Manhattan|388|GREENWICH STREET,1986,Plaza; Public Plaza,24 Hours,Plaza 22906.00 sf; Public Plaza 22787.00 sf,Bicycle Parking; Drinking Fountain; Lighting; Litter Receptacles; Planting; Plaque/Sign; Retail Frontage; Seating; Tables; Trees on Street; Trees within Space,,,False,,https://data.cityofnewyork.us/City-Government/Privately-Owned-Public-Spaces-POPS-/rvih-nhyn,https://data.cityofnewyork.us/resource/rvih-nhyn.json?pops_number=M010037,2025-10-14,2026-09-20T19:28:47+00:00,e2a280e21f4fe509dc14d65f2ab6e6b93bab0d41278ad258e7ea01758a870f3f
M010038,Manhattan,10 LIBERTY STREET,Liberty Tower,1000420022,1086256,40.707363,-74.008195,M010038,Manhattan,1,1,10,LIBERTY STREET,10005,"10 LIBERTY STREET, New York, NY 10005",42,22,Southeast corner of Liberty Street and William Street,2002,Completed,Pedestrian Circulation Space; Urban Plaza,,The Stephen B. Jacobs Group P.C.,Abel Bainsnson Butz,Pedestrian Circulation Space 0.00 sf; Urban Plaza 4856.00 sf,24 Hours,Bicycle Parking; Drinking Fountain; Lighting; Litter Receptacles; None; Planting; Plaque/Sign; Retail Frontage; Seating; Tables; Trees on Street; Trees within Space; Water Feature,,,Full/Partial,981978,196988,1,7,,POINT (-74.008195 40.707363),False,LIBERTY STREET,10,10,Manhattan|10|LIBERTY STREET,2002,Pedestrian Circulation Space; Urban Plaza,24 Hours,Pedestrian Circulation Space 0.00 sf; Urban Plaza 4856.00 sf,Bicycle Parking; Drinking Fountain; Lighting; Litter Receptacles; None; Planting; Plaque/Sign; Retail Frontage; Seating; Tables; Trees on Street; Trees within Space; Water Feature,,,False,,https://data.cityofnewyork.us/City-Government/Privately-Owned-Public-Spaces-POPS-/rvih-nhyn,https://data.cityofnewyork.us/resource/rvih-nhyn.json?pops_number=M010038,2025-10-14,2026-09-20T19:28:47+00:00,e2a280e21f4fe509dc14d65f2ab6e6b93bab0d41278ad258e7ea01758a870f3f
M010040,Manhattan,59 MAIDEN LANE,,1000670001,1079043,40.708659,-74.007982,M010040,Manhattan,1,1,59,MAIDEN LANE,10038,"59 MAIDEN LANE, New York, NY 10038",67,1,North corner of Maiden Lane and William Street,1965,Completed,Arcade; Plaza,The Home Insurance Company,Alfred Easton Poor Architects,Alfred Easton Poor Architects; Kohn Pedersen Fox (for alteration),Arcade 4904.00 sf; Plaza 27700.87 sf,24 Hours,None,,,Full/Partial,982037,197460,1,15.02,,POINT (-74.007982 40.708659),False,MAIDEN LANE,59,59,Manhattan|59|MAIDEN LANE,1965,Arcade; Plaza,24 Hours,Arcade 4904.00 sf; Plaza 27700.87 sf,None,,,False,,https://data.cityofnewyork.us/City-Government/Privately-Owned-Public-Spaces-POPS-/rvih-nhyn,https://data.cityofnewyork.us/resource/rvih-nhyn.json?pops_number=M010040,2025-10-14,2026-09-20T19:28:47+00:00,e2a280e21f4fe509dc14d65f2ab6e6b93bab0d41278ad258e7ea01758a870f3f
M010041,Manhattan,175 WATER STREET,,1000717501,1001137,40.706362,-74.005129,M010041,Manhattan,1,1,175,WATER STREET,10038,"175 WATER STREET, New York, NY 10038",71,7501,"Full block bounded by Water, John, Front, and Fletcher Streets",1984,Completed,Open Pedestrian Area; Special Permit Arcade,Howard Ronson,Fox & Fowle Architects,Fox & Fowle Architects,Open Pedestrian Area 0.00 sf; Special Permit Arcade 0.00 sf,24 Hours,Other Required; Planting; Retail Frontage; Trees within Space,paving Front and Fletcher Streets in a manner consistent with South Street Seaport area,,Full/Partial,982828,196623,1,15.02,,POINT (-74.005129 40.706362),False,WATER STREET,175,175,Manhattan|175|WATER STREET,1984,Open Pedestrian Area; Special Permit Arcade,24 Hours,Open Pedestrian Area 0.00 sf; Special Permit Arcade 0.00 sf,Other Required; Planting; Retail Frontage; Trees within Space,paving Front and Fletcher Streets in a manner consistent with South Street Seaport area,,False,,https://data.cityofnewyork.us/City-Government/Privately-Owned-Public-Spaces-POPS-/rvih-nhyn,https://data.cityofnewyork.us/resource/rvih-nhyn.json?pops_number=M010041,2025-10-14,2026-09-20T19:28:47+00:00,e2a280e21f4fe509dc14d65f2ab6e6b93bab0d41278ad258e7ea01758a870f3f
M010042,Manhattan,17 BATTERY PLACE,,1000157501,1082634,40.7056,-74.015837,M010042,Manhattan,1,1,17,BATTERY PLACE,10004,"17 BATTERY PLACE, New York, NY 10004",15,7501,Full blockfront on north side of Battery Plaza between Western Union International Plaza and West Street,1972,Completed,Arcade; Plaza,,Morris Lapidus,Morris Lapidus,Arcade 6472.00 sf; Plaza 11534.37 sf,24 Hours,Drinking Fountain; Lighting; Litter Receptacles; None; Planting; Plaque/Sign; Seating; Tables; Trees within Space,,,Full/Partial,979859,196346,1,13,,POINT (-74.015837 40.7056),False,BATTERY PLACE,17,17,Manhattan|17|BATTERY PLACE,1972,Arcade; Plaza,24 Hours,Arcade 6472.00 sf; Plaza 11534.37 sf,Drinking Fountain; Lighting; Litter Receptacles; None; Planting; Plaque/Sign; Seating; Tables; Trees within Space,,,False,,https://data.cityofnewyork.us/City-Government/Privately-Owned-Public-Spaces-POPS-/rvih-nhyn,https://data.cityofnewyork.us/resource/rvih-nhyn.json?pops_number=M010042,2025-10-14,2026-09-20T19:28:47+00:00,e2a280e21f4fe509dc14d65f2ab6e6b93bab0d41278ad258e7ea01758a870f3f
M010043,Manhattan,40 RECTOR STREET,,1000557501,1088750,40.708631,-74.014659,M010043,Manhattan,1,1,40,RECTOR STREET,10006,"40 RECTOR STREET, New York, NY 10006",55,7501,North side of Rector Street between Washington and West Streets,1971,Completed,Plaza,,Warren & Wetmore/Russell M. Boak and Joseph Schafren,Warren & Wetmore/Russell M. Boak and Joseph Schafren,Plaza 1420.31 sf,24 Hours,None,,,Full/Partial,980186,197450,1,13,,POINT (-74.014659 40.708631),False,RECTOR STREET,40,40,Manhattan|40|RECTOR STREET,1971,Plaza,24 Hours,Plaza 1420.31 sf,None,,,False,,https://data.cityofnewyork.us/City-Government/Privately-Owned-Public-Spaces-POPS-/rvih-nhyn,https://data.cityofnewyork.us/resource/rvih-nhyn.json?pops_number=M010043,2025-10-14,2026-09-20T19:28:47+00:00,e2a280e21f4fe509dc14d65f2ab6e6b93bab0d41278ad258e7ea01758a870f3f
M010044,Manhattan,1 WALL STREET,Bank of New York,1000237501,1000815,40.707121,-74.01183,M010044,Manhattan,1,1,1,WALL STREET,10005,"1 WALL STREET, New York, NY 10005",23,7501,North side of Exchange Place between New Street and Broadway,1964,Completed,Plaza,,Voorhees Walker Smith Smith & Haines,Voorhees Walker Smith Smith & Haines,Plaza 4618.50 sf,24 Hours,None,,,Full/Partial,980970,196900,1,7,,POINT (-74.01183 40.707121),False,WALL STREET,1,1,Manhattan|1|WALL STREET,1964,Plaza,24 Hours,Plaza 4618.50 sf,None,,,False,,https://data.cityofnewyork.us/City-Government/Privately-Owned-Public-Spaces-POPS-/rvih-nhyn,https://data.cityofnewyork.us/resource/rvih-nhyn.json?pops_number=M010044,2025-10-14,2026-09-20T19:28:47+00:00,e2a280e21f4fe509dc14d65f2ab6e6b93bab0d41278ad258e7ea01758a870f3f
M010045,Manhattan,75 WALL STREET,Barclays Bank,1000317501,1085950,40.705041,-74.008119,M010045,Manhattan,1,1,75,WALL STREET,10005,"75 WALL STREET, New York, NY 10005",31,7501,South side of Wall Street between Water and Pearl Streets,1987,Completed,Arcade; Non-Bonused Public Open Space; Urban Plaza,,Welton Becket Associates,Welton Becket Associates; M. Paul Friedberg & Partners,Arcade 5179.25 sf; Non-Bonused Public Open Space 0.00 sf; Urban Plaza 7017.50 sf,24 Hours,Bicycle Parking; None; Planting; Plaque/Sign; Seating; Tables; Trees on Street; Trees within Space; Water Feature,,,Full/Partial,981999,196142,1,7,,POINT (-74.008119 40.705041),False,WALL STREET,75,75,Manhattan|75|WALL STREET,1987,Arcade; Non-Bonused Public Open Space; Urban Plaza,24 Hours,Arcade 5179.25 sf; Non-Bonused Public Open Space 0.00 sf; Urban Plaza 7017.50 sf,Bicycle Parking; None; Planting; Plaque/Sign; Seating; Tables; Trees on Street; Trees within Space; Water Feature,,,False,,https://data.cityofnewyork.us/City-Government/Privately-Owned-Public-Spaces-POPS-/rvih-nhyn,https://data.cityofnewyork.us/resource/rvih-nhyn.json?pops_number=M010045,2025-10-14,2026-09-20T19:28:47+00:00,e2a280e21f4fe509dc14d65f2ab6e6b93bab0d41278ad258e7ea01758a870f3f
M010046,Manhattan,60 WALL STREET,J.P. Morgan,1000400003,1001004,40.706241,-74.008505,M010046,Manhattan,1,1,60,WALL STREET,10005,"60 WALL STREET, New York, NY 10005",40,3,North side of Wall Street between William and Pearl Streets,1989,Completed,Arcade; Covered Pedestrian Space,,Kevin Roche John Dinkeloo and Associates,Kevin Roche John Dinkeloo and Associates,Arcade 5346.00 sf; Covered Pedestrian Space 11150.10 sf,24 Hours; Closing for Events; Restricted Hours,Artwork; Climate Control; Escalator; Food Service; Lighting; Litter Receptacles; None; Planting; Plaque/Sign; Restrooms; Retail Frontage; Seating; Subway; Tables; Trees within Space; Water Feature,,,Full/Partial,981892,196579,1,7,,POINT (-74.008505 40.706241),False,WALL STREET,60,60,Manhattan|60|WALL STREET,1989,Arcade; Covered Pedestrian Space,24 Hours; Closing for Events; Restricted Hours,Arcade 5346.00 sf; Covered Pedestrian Space 11150.10 sf,Artwork; Climate Control; Escalator; Food Service; Lighting; Litter Receptacles; None; Planting; Plaque/Sign; Restrooms; Retail Frontage; Seating; Subway; Tables; Trees within Space; Water Feature,,,False,,https://data.cityofnewyork.us/City-Government/Privately-Owned-Public-Spaces-POPS-/rvih-nhyn,https://data.cityofnewyork.us/resource/rvih-nhyn.json?pops_number=M010046,2025-10-14,2026-09-20T19:28:47+00:00,e2a280e21f4fe509dc14d65f2ab6e6b93bab0d41278ad258e7ea01758a870f3f
M010047,Manhattan,55 CHURCH STREET,Millenium Hilton Hotel,1000800004,1075702,40.71114,-74.010244,M010047,Manhattan,1,1,55,CHURCH STREET,10007,"55 CHURCH STREET, New York, NY 10007",80,4,East side of Church Street between Dey and Fulton Streets,1991,Completed,Sidewalk Widening; Urban Plaza,Kalikow Realty,Eli Attia Architects,Eli Attia Architects; Stonehill and Taylor Architects and Planners (for alteration in 2005),Sidewalk Widening 604.10 sf; Urban Plaza 4803.60 sf,24 Hours,Lighting; Litter Receptacles; Planting; Plaque/Sign; Seating; Trees on Street; Trees within Space,,,Full/Partial,981410,198364,1,13,,POINT (-74.010244 40.71114),False,CHURCH STREET,55,55,Manhattan|55|CHURCH STREET,1991,Sidewalk Widening; Urban Plaza,24 Hours,Sidewalk Widening 604.10 sf; Urban Plaza 4803.60 sf,Lighting; Litter Receptacles; Planting; Plaque/Sign; Seating; Trees on Street; Trees within Space,,,False,,https://data.cityofnewyork.us/City-Government/Privately-Owned-Public-Spaces-POPS-/rvih-nhyn,https://data.cityofnewyork.us/resource/rvih-nhyn.json?pops_number=M010047,2025-10-14,2026-09-20T19:28:47+00:00,e2a280e21f4fe509dc14d65f2ab6e6b93bab0d41278ad258e7ea01758a870f3f
M010048,Manhattan,105 DUANE STREET,Tribeca Tower,1001510001,1001650,40.71582,-74.005977,M010048,Manhattan,1,1,105,DUANE STREET,10007,"105 DUANE STREET, New York, NY 10007",151,1,North side of Duane Street between Broadway and Trimble Place,1989,Completed,Residential Plaza,,Schuman Lichtenstein Claman Efron,Thomas Balsley Associates,Residential Plaza 11587.49 sf,24 Hours,Bicycle Parking; Drinking Fountain; Lighting; Litter Receptacles; Planting; Plaque/Sign; Seating; Tables; Trees within Space; Water Feature,,,Full/Partial,982593,200069,1,33,,POINT (-74.005977 40.71582),False,DUANE STREET,105,105,Manhattan|105|DUANE STREET,1989,Residential Plaza,24 Hours,Residential Plaza 11587.49 sf,Bicycle Parking; Drinking Fountain; Lighting; Litter Receptacles; Planting; Plaque/Sign; Seating; Tables; Trees within Space; Water Feature,,,False,,https://data.cityofnewyork.us/City-Government/Privately-Owned-Public-Spaces-POPS-/rvih-nhyn,https://data.cityofnewyork.us/resource/rvih-nhyn.json?pops_number=M010048,2025-10-14,2026-09-20T19:28:47+00:00,e2a280e21f4fe509dc14d65f2ab6e6b93bab0d41278ad258e7ea01758a870f3f
M010049,Manhattan,15 CLIFF STREET,,1000767501,1085931,40.708374,-74.005634,M010049,Manhattan,1,1,15,CLIFF STREET,10038,"15 CLIFF STREET, New York, NY 10038",76,7501,Southwest corner of Ryder's Alley and Eden's Alley,2001,Completed,Urban Plaza,Rose Associates,Avinash K. Malhotra,Avinash K. Malhotra; Weintraub Diaz Landscape Architecture PLLC (2016 design change),Urban Plaza 3565.00 sf,24 Hours,Bicycle Parking; Lighting; Litter Receptacles; Planting; Plaque/Sign; Retail Frontage; Seating; Trees on Street; Trees within Space,,Open Air Cafe,Full/Partial,982688,197356,1,15.02,,POINT (-74.005634 40.708374),False,CLIFF STREET,15,15,Manhattan|15|CLIFF STREET,2001,Urban Plaza,24 Hours,Urban Plaza 3565.00 sf,Bicycle Parking; Lighting; Litter Receptacles; Planting; Plaque/Sign; Retail Frontage; Seating; Trees on Street; Trees within Space,,Open Air Cafe,False,,https://data.cityofnewyork.us/City-Government/Privately-Owned-Public-Spaces-POPS-/rvih-nhyn,https://data.cityofnewyork.us/resource/rvih-nhyn.json?pops_number=M010049,2025-10-14,2026-09-20T19:28:47+00:00,e2a280e21f4fe509dc14d65f2ab6e6b93bab0d41278ad258e7ea01758a870f3f
M010050,Manhattan,2 GOLD STREET,Two Gold,1000690018,1087146,40.70741,-74.006932,M010050,Manhattan,1,1,2,GOLD STREET,10038,"2 GOLD STREET, New York, NY 10038",69,18,Northeast side of Maiden Lane between Gold Street and Pearl Street,2005,Completed,Urban Plaza,Rockrose Development Corp.,Avinash K. Architects,"Mathews Nielsen Landscape Architects, P.C.",Urban Plaza 8130.00 sf,24 Hours,Artwork; Lighting; Litter Receptacles; Planting; Plaque/Sign; Retail Frontage; Seating; Tables; Trees within Space,,,Full/Partial,982328,197005,1,15.02,,POINT (-74.006932 40.70741),False,GOLD STREET,2,2,Manhattan|2|GOLD STREET,2005,Urban Plaza,24 Hours,Urban Plaza 8130.00 sf,Artwork; Lighting; Litter Receptacles; Planting; Plaque/Sign; Retail Frontage; Seating; Tables; Trees within Space,,,False,,https://data.cityofnewyork.us/City-Government/Privately-Owned-Public-Spaces-POPS-/rvih-nhyn,https://data.cityofnewyork.us/resource/rvih-nhyn.json?pops_number=M010050,2025-10-14,2026-09-20T19:28:47+00:00,e2a280e21f4fe509dc14d65f2ab6e6b93bab0d41278ad258e7ea01758a870f3f
M010051,Manhattan,123 WASHINGTON STREET,W Downtown Hotel & Residences,1000537502,1088442,40.709161,-74.013714,M010051,Manhattan,1,1,123,WASHINGTON STREET,10006,"123 WASHINGTON STREET, New York, NY 10006",53,7502,Southeast corner of Albany Street and Washington Street,2010,Completed,Urban Plaza,Moinian Group,"Gwathmey Siegel and Associates Architects, LLC",Thomas Balsley Associates,Urban Plaza 5978.00 sf,24 Hours,Lighting; Litter Receptacles; Other Required; Planting; Plaque/Sign; Retail Frontage; Seating; Tables; Trees on Street; Trees within Space,kiosk provided,,Full/Partial,980448,197643,1,13,,POINT (-74.013714 40.709161),False,WASHINGTON STREET,123,123,Manhattan|123|WASHINGTON STREET,2010,Urban Plaza,24 Hours,Urban Plaza 5978.00 sf,Lighting; Litter Receptacles; Other Required; Planting; Plaque/Sign; Retail Frontage; Seating; Tables; Trees on Street; Trees within Space,kiosk provided,,False,,https://data.cityofnewyork.us/City-Government/Privately-Owned-Public-Spaces-POPS-/rvih-nhyn,https://data.cityofnewyork.us/resource/rvih-nhyn.json?pops_number=M010051,2025-10-14,2026-09-20T19:28:47+00:00,e2a280e21f4fe509dc14d65f2ab6e6b93bab0d41278ad258e7ea01758a870f3f
M010052,Manhattan,50 WEST STREET,,1000177501,1090192,40.707761,-74.014994,M010052,Manhattan,1,1,50,WEST STREET,10006,"50 WEST STREET, New York, NY 10006",17,7501,East side of West Street between Joseph P. Ward Street and Rector Street,2014,Completed,Public Open Space,"Time Equities, Inc., 50 West Street Development, LLC","SLCE Architects, LLP","SLCE Architects, LLP; W Architecture and Landscape",Public Open Space 0.00 sf,24 Hours,Lighting; Litter Receptacles; Planting; Plaque/Sign; Retail Frontage; Seating; Trees within Space,,,Full/Partial,980093,197133,1,13,,POINT (-74.014994 40.707761),False,WEST STREET,50,50,Manhattan|50|WEST STREET,2014,Public Open Space,24 Hours,Public Open Space 0.00 sf,Lighting; Litter Receptacles; Planting; Plaque/Sign; Retail Frontage; Seating; Trees within Space,,,False,,https://data.cityofnewyork.us/City-Government/Privately-Owned-Public-Spaces-POPS-/rvih-nhyn,https://data.cityofnewyork.us/resource/rvih-nhyn.json?pops_number=M010052,2025-10-14,2026-09-20T19:28:47+00:00,e2a280e21f4fe509dc14d65f2ab6e6b93bab0d41278ad258e7ea01758a870f3f
M010053,Manhattan,8 SPRUCE STREET,New York by Gehry,1001007502,1087485,40.71097,-74.005677,M010053,Manhattan,1,1,8,SPRUCE STREET,10038,"8 SPRUCE STREET, New York, NY 10038",100,7502,Fronting Spruce Street and Beekman Street between Nassau Street and Gold Street,2011,Completed,Non-Bonused Open Area; Porte Cochere; Urban Plaza,Forest City Ratner,"Gehry Architects New York, PC",Field Operations,Non-Bonused Open Area 0.00 sf; Porte Cochere 0.00 sf; Urban Plaza 15533.00 sf,24 Hours,Bicycle Parking; Lighting; Litter Receptacles; None; Planting; Plaque/Sign; Seating; Tables; Trees on Street; Trees within Space; Water Feature,,,Full/Partial,982676,198302,1,15.01,,POINT (-74.005677 40.71097),False,SPRUCE STREET,8,8,Manhattan|8|SPRUCE STREET,2011,Non-Bonused Open Area; Porte Cochere; Urban Plaza,24 Hours,Non-Bonused Open Area 0.00 sf; Porte Cochere 0.00 sf; Urban Plaza 15533.00 sf,Bicycle Parking; Lighting; Litter Receptacles; None; Planting; Plaque/Sign; Seating; Tables; Trees on Street; Trees within Space; Water Feature,,,False,,https://data.cityofnewyork.us/City-Government/Privately-Owned-Public-Spaces-POPS-/rvih-nhyn,https://data.cityofnewyork.us/resource/rvih-nhyn.json?pops_number=M010053,2025-10-14,2026-09-20T19:28:47+00:00,e2a280e21f4fe509dc14d65f2ab6e6b93bab0d41278ad258e7ea01758a870f3f
M010054,Manhattan,99 CHURCH STREET,30 Park Place,1001237502,1089428,40.712776,-74.009036,M010054,Manhattan,1,1,99,CHURCH STREET,10007,"99 CHURCH STREET, New York, NY 10007",123,7502,East side of Church Street between Park Place and Barclay Street,2017,Completed,Public Plaza,Silverstein Properties,Robert A.M. Stern,"SLCE Architects and Lee Weintraub, Landscape Architect",Public Plaza 8403.00 sf,24 Hours,Bicycle Parking; Drinking Fountain; Lighting; Litter Receptacles; Planting; Plaque/Sign; Retail Frontage; Seating; Tables; Trees within Space; Water Feature,,,Full/Partial,981745,198960,1,21,,POINT (-74.009036 40.712776),False,CHURCH STREET,99,99,Manhattan|99|CHURCH STREET,2017,Public Plaza,24 Hours,Public Plaza 8403.00 sf,Bicycle Parking; Drinking Fountain; Lighting; Litter Receptacles; Planting; Plaque/Sign; Retail Frontage; Seating; Tables; Trees within Space; Water Feature,,,False,,https://data.cityofnewyork.us/City-Government/Privately-Owned-Public-Spaces-POPS-/rvih-nhyn,https://data.cityofnewyork.us/resource/rvih-nhyn.json?pops_number=M010054,2025-10-14,2026-09-20T19:28:47+00:00,e2a280e21f4fe509dc14d65f2ab6e6b93bab0d41278ad258e7ea01758a870f3f
M010055,Manhattan,33 BEEKMAN STREET,,1000927501,1089833,40.710451,-74.00597,M010055,Manhattan,1,1,33,BEEKMAN STREET,10038,"33 BEEKMAN STREET, New York, NY 10038",92,7501,South side of Beekman Street between Nassau Street and William Street,2016,Completed,Public Plaza,Naftali Group and SL Green Realty,Gene Kaufman Architects,Thomas Balsley Architects,Public Plaza 3012.00 sf,24 Hours,Bicycle Parking; Drinking Fountain; Lighting; Litter Receptacles; Planting; Plaque/Sign; Retail Frontage; Seating; Tables; Trees on Street; Trees within Space,,,Full/Partial,982595,198113,1,15.01,,POINT (-74.00597 40.710451),False,BEEKMAN STREET,33,33,Manhattan|33|BEEKMAN STREET,2016,Public Plaza,24 Hours,Public Plaza 3012.00 sf,Bicycle Parking; Drinking Fountain; Lighting; Litter Receptacles; Planting; Plaque/Sign; Retail Frontage; Seating; Tables; Trees on Street; Trees within Space,,,False,,https://data.cityofnewyork.us/City-Government/Privately-Owned-Public-Spaces-POPS-/rvih-nhyn,https://data.cityofnewyork.us/resource/rvih-nhyn.json?pops_number=M010055,2025-10-14,2026-09-20T19:28:47+00:00,e2a280e21f4fe509dc14d65f2ab6e6b93bab0d41278ad258e7ea01758a870f3f
M010056,Manhattan,43 PARK PLACE,,1001260008,1090860,40.713726,-74.009794,M010056,Manhattan,1,1,43,PARK PLACE,10007,"43 PARK PLACE, New York, NY 10007",126,8,North side of Park Place midblock between Church Street and West Broadway,0,Under Construction,Public Access Area; Public Plaza,Soho Properties,SOMA,Thomas Balsley Associates,Public Access Area 0.00 sf; Public Plaza 2866.92 sf,24 Hours,Bicycle Parking; Drinking Fountain; Lighting; Litter Receptacles; None; Other Required; Planting; Plaque/Sign; Retail Frontage; Seating; Tables; Trees on Street; Trees within Space; Water Feature,"glass pavers, greenwall",,Full/Partial,981535,199306,1,21,,POINT (-74.009794 40.713726),False,PARK PLACE,43,43,Manhattan|43|PARK PLACE,,Public Access Area; Public Plaza,24 Hours,Public Access Area 0.00 sf; Public Plaza 2866.92 sf,Bicycle Parking; Drinking Fountain; Lighting; Litter Receptacles; None; Other Required; Planting; Plaque/Sign; Retail Frontage; Seating; Tables; Trees on Street; Trees within Space; Water Feature,"glass pavers, greenwall",,True,year_completed_is_0_in_source;under_construction,https://data.cityofnewyork.us/City-Government/Privately-Owned-Public-Spaces-POPS-/rvih-nhyn,https://data.cityofnewyork.us/resource/rvih-nhyn.json?pops_number=M010056,2025-10-14,2026-09-20T19:28:47+00:00,e2a280e21f4fe509dc14d65f2ab6e6b93bab0d41278ad258e7ea01758a870f3f
M010057,Manhattan,111 MURRAY STREET,One Eleven Murray Street,1001427503,1089698,40.715408,-74.012593,M010057,Manhattan,1,1,111,MURRAY STREET,10007,"111 MURRAY STREET, New York, NY 10007",142,7503,Northeast corner of Murray Street and West Street,,Completed,Public Plaza,Fisher Brothers,Kohn Pedersen Fox Associates,Hollander Design,Public Plaza 10599.00 sf,24 Hours,Artwork; Bicycle Parking; Drinking Fountain; Lighting; Litter Receptacles; Planting; Plaque/Sign; Retail Frontage; Seating; Tables; Trees on Street; Trees within Space; Water Feature,,,Full/Partial,980759,199919,1,21,,POINT (-74.012593 40.715408),False,MURRAY STREET,111,111,Manhattan|111|MURRAY STREET,,Public Plaza,24 Hours,Public Plaza 10599.00 sf,Artwork; Bicycle Parking; Drinking Fountain; Lighting; Litter Receptacles; Planting; Plaque/Sign; Retail Frontage; Seating; Tables; Trees on Street; Trees within Space; Water Feature,,,False,missing_year,https://data.cityofnewyork.us/City-Government/Privately-Owned-Public-Spaces-POPS-/rvih-nhyn,https://data.cityofnewyork.us/resource/rvih-nhyn.json?pops_number=M010057,2025-10-14,2026-09-20T19:28:47+00:00,e2a280e21f4fe509dc14d65f2ab6e6b93bab0d41278ad258e7ea01758a870f3f
M010058,Manhattan,375 PEARL STREET,Verizon Building,1001137501,1001389,40.710907,-74.001176,M010058,Manhattan,1,1,375,PEARL STREET,10038,"375 PEARL STREET, New York, NY 10038",113,7501,Pearl Street bounded by Avenue of the Finest and Madison Street,1971,Completed,Arcade; Plaza,"Intergate Manhattan, LLC","Rose, Beaton & Rose Architects & Engineers",; Starr Whitehouse Landscape Architects & Planners PLLC (Design Change and Arcade Reduction 11/06/2017),Arcade 0.00 sf; Plaza 19500.00 sf,24 Hours,Bicycle Parking; Drinking Fountain; Food Service; Lighting; Litter Receptacles; None; Other Required; Planting; Plaque/Sign; Seating; Tables; Trees on Street; Trees within Space,Light Sculpture,,Unknown,983924,198279,1,29,,POINT (-74.001176 40.710907),False,PEARL STREET,375,375,Manhattan|375|PEARL STREET,1971,Arcade; Plaza,24 Hours,Arcade 0.00 sf; Plaza 19500.00 sf,Bicycle Parking; Drinking Fountain; Food Service; Lighting; Litter Receptacles; None; Other Required; Planting; Plaque/Sign; Seating; Tables; Trees on Street; Trees within Space,Light Sculpture,,False,,https://data.cityofnewyork.us/City-Government/Privately-Owned-Public-Spaces-POPS-/rvih-nhyn,https://data.cityofnewyork.us/resource/rvih-nhyn.json?pops_number=M010058,2025-10-14,2026-09-20T19:28:47+00:00,e2a280e21f4fe509dc14d65f2ab6e6b93bab0d41278ad258e7ea01758a870f3f
M010059,Manhattan,376 BROADWAY,Mandarin Plaza,1001727501,1001866,40.717714,-74.002814,M010059,Manhattan,1,1,376,BROADWAY,10013,"376 BROADWAY, New York, NY 10013",172,7501,East side of Broadway between White Street and Franklin Street,1990,Completed,Residential Plaza,Tommy Lee and William Co.,Daniel Pang Associates Architects and Planners,"Daniel Pang Associates Architects and Planners, Engel/GGP Landscape Architects",Residential Plaza 3752.00 sf,24 Hours,Bicycle Parking; Drinking Fountain; Lighting; Litter Receptacles; Other Required; Planting; Plaque/Sign; Seating; Trees on Street; Trees within Space,1 unenclosed pavilion,,Full/Partial,983470,200759,1,31,,POINT (-74.002814 40.717714),False,BROADWAY,376,376,Manhattan|376|BROADWAY,1990,Residential Plaza,24 Hours,Residential Plaza 3752.00 sf,Bicycle Parking; Drinking Fountain; Lighting; Litter Receptacles; Other Required; Planting; Plaque/Sign; Seating; Trees on Street; Trees within Space,1 unenclosed pavilion,,False,,https://data.cityofnewyork.us/City-Government/Privately-Owned-Public-Spaces-POPS-/rvih-nhyn,https://data.cityofnewyork.us/resource/rvih-nhyn.json?pops_number=M010059,2025-10-14,2026-09-20T19:28:47+00:00,e2a280e21f4fe509dc14d65f2ab6e6b93bab0d41278ad258e7ea01758a870f3f
M010060,Manhattan,130 WILLIAM STREET,,1000777501,1090562,40.709112,-74.006345,M010060,Manhattan,1,1,130,WILLIAM STREET,10038,"130 WILLIAM STREET, New York, NY 10038",77,7501,"Located on the block bounded by William Street, Fulton Street, Gold Street and John Street.",,Completed,Public Plaza,The Lightstone Group,Hill West Architects,"Weintraub Diaz LLC; Weintraub Diaz, LLC and Adjaye Associates",Public Plaza 5317.00 sf,24 Hours,Bicycle Parking; Drinking Fountain; Lighting; Litter Receptacles; Planting; Plaque/Sign; Retail Frontage; Seating; Tables; Trees within Space,,,Full/Partial,982491,197625,1,15.02,,POINT (-74.006345 40.709112),False,WILLIAM STREET,130,130,Manhattan|130|WILLIAM STREET,,Public Plaza,24 Hours,Public Plaza 5317.00 sf,Bicycle Parking; Drinking Fountain; Lighting; Litter Receptacles; Planting; Plaque/Sign; Retail Frontage; Seating; Tables; Trees within Space,,,False,missing_year,https://data.cityofnewyork.us/City-Government/Privately-Owned-Public-Spaces-POPS-/rvih-nhyn,https://data.cityofnewyork.us/resource/rvih-nhyn.json?pops_number=M010060,2025-10-14,2026-09-20T19:28:47+00:00,e2a280e21f4fe509dc14d65f2ab6e6b93bab0d41278ad258e7ea01758a870f3f
M010061,Manhattan,95 SOUTH STREET,Pier 17,1000730010,1090548,40.705442,-74.001482,M010061,Manhattan,1,1,95,SOUTH STREET,10038,"95 SOUTH STREET, New York, NY 10038",73,10,,,,Public Access Area,,"SHoP Architects, P.C.",James Corner Field Operations,,,,,,,983839,196288,1,15.01,,POINT (-74.001482 40.705442),False,SOUTH STREET,95,95,Manhattan|95|SOUTH STREET,,Public Access Area,,,,,,False,missing_year;missing_required_hours;missing_required_amenities,https://data.cityofnewyork.us/City-Government/Privately-Owned-Public-Spaces-POPS-/rvih-nhyn,https://data.cityofnewyork.us/resource/rvih-nhyn.json?pops_number=M010061,2025-10-14,2026-09-20T19:28:47+00:00,e2a280e21f4fe509dc14d65f2ab6e6b93bab0d41278ad258e7ea01758a870f3f
M020001,Manhattan,60 EAST 8 STREET,Georgetown Plaza,1005487501,1080855,40.730499,-73.993076,M020001,Manhattan,1,2,60,EAST 8 STREET,10003,"60 EAST 8 STREET, New York, NY 10003",548,7501,Southeast corner of East 8th and Mercer Streets,1966,Completed,Plaza,Rose Associates,Boak & Rad,Boak & Rad,Plaza 10975.00 sf,24 Hours,None,,,Full/Partial,986169,205417,2,57,,POINT (-73.993076 40.730499),False,EAST 8 STREET,60,60,Manhattan|60|EAST 8 STREET,1966,Plaza,24 Hours,Plaza 10975.00 sf,None,,,False,,https://data.cityofnewyork.us/City-Government/Privately-Owned-Public-Spaces-POPS-/rvih-nhyn,https://data.cityofnewyork.us/resource/rvih-nhyn.json?pops_number=M020001,2025-10-14,2026-09-20T19:28:47+00:00,e2a280e21f4fe509dc14d65f2ab6e6b93bab0d41278ad258e7ea01758a870f3f
M020002,Manhattan,300 MERCER STREET,,1005480070,1008840,40.730071,-73.993444,M020002,Manhattan,1,2,300,MERCER STREET,10003,"300 MERCER STREET, New York, NY 10003",548,70,Northeast corner of Mercer Street and Waverly Place,1974,Completed,Arcade; Plaza,,"Schuman, Lichtenstein, Claman","Schuman, Lichtenstein, Claman",Arcade 2185.70 sf; Plaza 11459.00 sf,24 Hours,None,,,Full/Partial,986067,205261,2,57,,POINT (-73.993444 40.730071),False,MERCER STREET,300,300,Manhattan|300|MERCER STREET,1974,Arcade; Plaza,24 Hours,Arcade 2185.70 sf; Plaza 11459.00 sf,None,,,False,,https://data.cityofnewyork.us/City-Government/Privately-Owned-Public-Spaces-POPS-/rvih-nhyn,https://data.cityofnewyork.us/resource/rvih-nhyn.json?pops_number=M020002,2025-10-14,2026-09-20T19:28:47+00:00,e2a280e21f4fe509dc14d65f2ab6e6b93bab0d41278ad258e7ea01758a870f3f
M020003,Manhattan,375 HUDSON STREET,Saatchi & Saatchi,1005990064,1010379,40.728482,-74.007923,M020003,Manhattan,1,2,375,HUDSON STREET,10014,"375 HUDSON STREET, New York, NY 10014",599,64,"Full block bounded by Hudson, Greenwich, King Streets, and West Houston Streets",1987,Completed,Arcade; Plaza,,Lee Harris Pomeroy Associates/Emery Roth & Sons,Lee Harris Pomeroy Associates/Emery Roth & Sons,Arcade 2454.30 sf; Plaza 13163.87 sf,24 Hours,None,,,Full/Partial,982054,204682,3,37,,POINT (-74.007923 40.728482),False,HUDSON STREET,375,375,Manhattan|375|HUDSON STREET,1987,Arcade; Plaza,24 Hours,Arcade 2454.30 sf; Plaza 13163.87 sf,None,,,False,,https://data.cityofnewyork.us/City-Government/Privately-Owned-Public-Spaces-POPS-/rvih-nhyn,https://data.cityofnewyork.us/resource/rvih-nhyn.json?pops_number=M020003,2025-10-14,2026-09-20T19:28:47+00:00,e2a280e21f4fe509dc14d65f2ab6e6b93bab0d41278ad258e7ea01758a870f3f
M020004,Manhattan,99 JANE STREET,,1006427502,1085734,40.738442,-74.008596,M020004,Manhattan,1,2,99,JANE STREET,10014,"99 JANE STREET, New York, NY 10014",642,7502,Full blockfront on west side of Washington Street between Jane and Horatio Streets,1999,Completed,Park,Strasbourg Realty and 101 Jane Street Company,Fox & Fowle,Marie L. Drews-D'Angelo,Park 7000.00 sf,Restricted Hours,Lighting; Litter Receptacles; Planting; Plaque/Sign; Seating; Trees within Space; Water Feature,,,Full/Partial,981868,208311,3,79,,POINT (-74.008596 40.738442),False,JANE STREET,99,99,Manhattan|99|JANE STREET,1999,Park,Restricted Hours,Park 7000.00 sf,Lighting; Litter Receptacles; Planting; Plaque/Sign; Seating; Trees within Space; Water Feature,,,False,,https://data.cityofnewyork.us/City-Government/Privately-Owned-Public-Spaces-POPS-/rvih-nhyn,https://data.cityofnewyork.us/resource/rvih-nhyn.json?pops_number=M020004,2025-10-14,2026-09-20T19:28:47+00:00,e2a280e21f4fe509dc14d65f2ab6e6b93bab0d41278ad258e7ea01758a870f3f
M020006,Manhattan,246 SPRING STREET,The Dominick,1004917503,1088431,40.725306,-74.005408,M020006,Manhattan,1,2,246,SPRING STREET,10013,"246 SPRING STREET, New York, NY 10013",491,7503,Southeast corner of Varick and Spring Streets,2010,Completed,Arcade; Urban Plaza,"Bayrock/Sapir Organization, LLC and Trump Luxury Real Estate",Handel Architects,Mathews Nielsen,Arcade 8616.00 sf; Urban Plaza 1731.00 sf,24 Hours,Lighting; Litter Receptacles; None; Other Required; Planting; Plaque/Sign; Retail Frontage; Seating; Tables; Trees on Street; Trees within Space,green screen,,None,982751,203525,1,37,,POINT (-74.005408 40.725306),False,SPRING STREET,246,246,Manhattan|246|SPRING STREET,2010,Arcade; Urban Plaza,24 Hours,Arcade 8616.00 sf; Urban Plaza 1731.00 sf,Lighting; Litter Receptacles; None; Other Required; Planting; Plaque/Sign; Retail Frontage; Seating; Tables; Trees on Street; Trees within Space,green screen,,False,,https://data.cityofnewyork.us/City-Government/Privately-Owned-Public-Spaces-POPS-/rvih-nhyn,https://data.cityofnewyork.us/resource/rvih-nhyn.json?pops_number=M020006,2025-10-14,2026-09-20T19:28:47+00:00,e2a280e21f4fe509dc14d65f2ab6e6b93bab0d41278ad258e7ea01758a870f3f
M020007,Manhattan,26 ASTOR PLACE,Astor Place,1005447502,1087152,40.729513,-73.991236,M020007,Manhattan,1,2,26,ASTOR PLACE,10003,"26 ASTOR PLACE, New York, NY 10003",544,7502,South side of Astor Place between Lafayette Street and Cooper Square,2005,Completed,Residential Plaza; Unbonused Open Space,The Related Companies,"Gwathmey Siegel & Associates / Ishmael Leyva Architects, P.C.","Gwathmey Siegel & Associates / Ishmael Leyva Architects, P.C.",Residential Plaza 4498.00 sf; Unbonused Open Space 0.00 sf,24 Hours,Bicycle Parking; Drinking Fountain; Lighting; Litter Receptacles; None; Planting; Plaque/Sign; Seating; Tables; Trees within Space,,,Full/Partial,986679,205058,2,57,,POINT (-73.991236 40.729513),False,ASTOR PLACE,26,26,Manhattan|26|ASTOR PLACE,2005,Residential Plaza; Unbonused Open Space,24 Hours,Residential Plaza 4498.00 sf; Unbonused Open Space 0.00 sf,Bicycle Parking; Drinking Fountain; Lighting; Litter Receptacles; None; Planting; Plaque/Sign; Seating; Tables; Trees within Space,,,False,,https://data.cityofnewyork.us/City-Government/Privately-Owned-Public-Spaces-POPS-/rvih-nhyn,https://data.cityofnewyork.us/resource/rvih-nhyn.json?pops_number=M020007,2025-10-14,2026-09-20T19:28:47+00:00,e2a280e21f4fe509dc14d65f2ab6e6b93bab0d41278ad258e7ea01758a870f3f
M020011,Manhattan,133 BLEECKER STREET,NYU Core,1005330001,1077835,40.728076,-73.997197,M020011,Manhattan,1,2,133,BLEECKER STREET,10012,"133 BLEECKER STREET, New York, NY 10012",533,1,,,,Public Access Area,,,,,,,,,,985027,204534,2,55.01,,POINT (-73.997197 40.728076),False,BLEECKER STREET,133,133,Manhattan|133|BLEECKER STREET,,Public Access Area,,,,,,False,missing_year;missing_required_hours;missing_required_amenities,https://data.cityofnewyork.us/City-Government/Privately-Owned-Public-Spaces-POPS-/rvih-nhyn,https://data.cityofnewyork.us/resource/rvih-nhyn.json?pops_number=M020011,2025-10-14,2026-09-20T19:28:47+00:00,e2a280e21f4fe509dc14d65f2ab6e6b93bab0d41278ad258e7ea01758a870f3f
M020012,Manhattan,181 MERCER STREET,,1005240066,1090263,40.726794,-73.997954,M020012,Manhattan,1,2,181,MERCER STREET,10012,"181 MERCER STREET, New York, NY 10012",524,66,,,Completed,Pedestrian Circulation Space; Public Plaza,Turner Construction Company,Davis Brody Bond; Kieran Timberlake,,,,,,,Full/Partial,984817,204067,2,55.01,,POINT (-73.997954 40.726794),False,MERCER STREET,181,181,Manhattan|181|MERCER STREET,,Pedestrian Circulation Space; Public Plaza,,,,,,False,missing_year;missing_required_hours;missing_required_amenities,https://data.cityofnewyork.us/City-Government/Privately-Owned-Public-Spaces-POPS-/rvih-nhyn,https://data.cityofnewyork.us/resource/rvih-nhyn.json?pops_number=M020012,2025-10-14,2026-09-20T19:28:47+00:00,e2a280e21f4fe509dc14d65f2ab6e6b93bab0d41278ad258e7ea01758a870f3f
M030001,Manhattan,51 ASTOR PLACE,,1005540035,1089443,40.730068,-73.990168,M030001,Manhattan,1,3,51,ASTOR PLACE,10003,"51 ASTOR PLACE, New York, NY 10003",554,35,"Full block bounded by Third Avenue, Astor Place, Fourth Avenue and East 9th Street",2012,Completed,Open Space,"Edward J. Minskoff Equities, Inc",Maki and Associates,Thomas Balsley Associates,Open Space 0.00 sf,24 Hours,Artwork; Bicycle Parking; Lighting; Litter Receptacles; Planting; Plaque/Sign; Seating; Trees within Space,,,Full/Partial,986975,205260,2,42,,POINT (-73.990168 40.730068),False,ASTOR PLACE,51,51,Manhattan|51|ASTOR PLACE,2012,Open Space,24 Hours,Open Space 0.00 sf,Artwork; Bicycle Parking; Lighting; Litter Receptacles; Planting; Plaque/Sign; Seating; Trees within Space,,,False,,https://data.cityofnewyork.us/City-Government/Privately-Owned-Public-Spaces-POPS-/rvih-nhyn,https://data.cityofnewyork.us/resource/rvih-nhyn.json?pops_number=M030001,2025-10-14,2026-09-20T19:28:47+00:00,e2a280e21f4fe509dc14d65f2ab6e6b93bab0d41278ad258e7ea01758a870f3f
M030002,Manhattan,189 BOWERY,citizenM Bowery,1004250004,1090576,40.720604,-73.993499,M030002,Manhattan,1,3,189,BOWERY,10002,"189 BOWERY, New York, NY 10002",425,4,East side of Bowery between Delancey Street and Rivington Street,2018,Completed,Public Plaza,OSIB-BCRE,The Stephen B. Jacobs Group,"The Stephen B. Jacobs Group, Abel Bainnson Butz, LLP",Public Plaza 3383.30 sf,24 Hours,Artwork; Bicycle Parking; Drinking Fountain; Lighting; Litter Receptacles; Planting; Plaque/Sign; Retail Frontage; Seating; Tables; Trees on Street; Trees within Space,,,Full/Partial,986052,201812,1,18,,POINT (-73.993499 40.720604),False,BOWERY,189,189,Manhattan|189|BOWERY,2018,Public Plaza,24 Hours,Public Plaza 3383.30 sf,Artwork; Bicycle Parking; Drinking Fountain; Lighting; Litter Receptacles; Planting; Plaque/Sign; Retail Frontage; Seating; Tables; Trees on Street; Trees within Space,,,False,,https://data.cityofnewyork.us/City-Government/Privately-Owned-Public-Spaces-POPS-/rvih-nhyn,https://data.cityofnewyork.us/resource/rvih-nhyn.json?pops_number=M030002,2025-10-14,2026-09-20T19:28:47+00:00,e2a280e21f4fe509dc14d65f2ab6e6b93bab0d41278ad258e7ea01758a870f3f
M040001,Manhattan,555 WEST 57 STREET,BMW,1010867502,1027072,40.770402,-73.990491,M040001,Manhattan,1,4,555,WEST 57 STREET,10019,"555 WEST 57 STREET, New York, NY 10019",1086,7502,Full blockfront on east side of Eleventh Avenue between West 57th and 58th Streets,1971,Completed,Arcade; Plaza,,Eggers and Higgins,Eggers and Higgins,Arcade 9061.00 sf; Plaza 14359.00 sf,24 Hours,None,,,Full/Partial,986884,219955,6,135,,POINT (-73.990491 40.770402),False,WEST 57 STREET,555,555,Manhattan|555|WEST 57 STREET,1971,Arcade; Plaza,24 Hours,Arcade 9061.00 sf; Plaza 14359.00 sf,None,,,False,,https://data.cityofnewyork.us/City-Government/Privately-Owned-Public-Spaces-POPS-/rvih-nhyn,https://data.cityofnewyork.us/resource/rvih-nhyn.json?pops_number=M040001,2025-10-14,2026-09-20T19:28:47+00:00,e2a280e21f4fe509dc14d65f2ab6e6b93bab0d41278ad258e7ea01758a870f3f
M040002,Manhattan,347 WEST 57 STREET,Colonnade,1010487501,1026058,40.767961,-73.984574,M040002,Manhattan,1,4,347,WEST 57 STREET,10019,"347 WEST 57 STREET, New York, NY 10019",1048,7501,North side of West 57th Street between Eighth and Ninth Avenues,1976,Completed,Plaza,Rose Associates,Philip Birnbaum,Philip Birnbaum,Plaza 2150.00 sf,24 Hours,None,,,Full/Partial,988523,219066,6,139,,POINT (-73.984574 40.767961),False,WEST 57 STREET,347,347,Manhattan|347|WEST 57 STREET,1976,Plaza,24 Hours,Plaza 2150.00 sf,None,,,False,,https://data.cityofnewyork.us/City-Government/Privately-Owned-Public-Spaces-POPS-/rvih-nhyn,https://data.cityofnewyork.us/resource/rvih-nhyn.json?pops_number=M040002,2025-10-14,2026-09-20T19:28:47+00:00,e2a280e21f4fe509dc14d65f2ab6e6b93bab0d41278ad258e7ea01758a870f3f
M040003,Manhattan,322 WEST 57 STREET,Sheffield,1010477503,1025450,40.766825,-73.984238,M040003,Manhattan,1,4,322,WEST 57 STREET,10019,"322 WEST 57 STREET, New York, NY 10019",1047,7503,South side of West 57th Street between Eighth and Ninth Avenues,1978,Completed,Arcade; Plaza,Invesco Holdings and Parc Vendome Company,Emery Roth & Sons,"Emery Roth & Sons; Thomas Balsley Associates (for alteration in 1998); Moed de Armas & Shannon, Architects, PC (for alteration in 2006, 2008)",Arcade 3499.69 sf; Plaza 30629.69 sf,24 Hours; Restricted Hours,Artwork; Bicycle Parking; Drinking Fountain; Food Service; Lighting; Litter Receptacles; None; Other Required; Planting; Plaque/Sign; Seating; Tables; Trees on Street; Trees within Space; Water Feature,"Plaza (on Ninth Avenue): 2,020 sf lawn, play equipment",Open Air Cafe; Other Permitted,Full/Partial,988616,218652,6,139,,POINT (-73.984238 40.766825),False,WEST 57 STREET,322,322,Manhattan|322|WEST 57 STREET,1978,Arcade; Plaza,24 Hours; Restricted Hours,Arcade 3499.69 sf; Plaza 30629.69 sf,Artwork; Bicycle Parking; Drinking Fountain; Food Service; Lighting; Litter Receptacles; None; Other Required; Planting; Plaque/Sign; Seating; Tables; Trees on Street; Trees within Space; Water Feature,"Plaza (on Ninth Avenue): 2,020 sf lawn, play equipment",Open Air Cafe; Other Permitted,False,,https://data.cityofnewyork.us/City-Government/Privately-Owned-Public-Spaces-POPS-/rvih-nhyn,https://data.cityofnewyork.us/resource/rvih-nhyn.json?pops_number=M040003,2025-10-14,2026-09-20T19:28:47+00:00,e2a280e21f4fe509dc14d65f2ab6e6b93bab0d41278ad258e7ea01758a870f3f
M040004,Manhattan,825 8 AVENUE,One Worldwide Plaza,1010400029,1076203,40.76223,-73.986943,M040004,Manhattan,1,4,825,EIGHTH AVENUE,10019,"825 EIGHTH AVENUE, New York, NY 10019",1040,29,"Entire block bounded by Eighth Avenue, Ninth Avenue, West 49th Street and West 50th Street",1989,Completed,Elliptical Arcades; Plaza; Subway Access Areas,William Zeckendorf Jr./ZCWK Associates/NY Communications Developer,"Skidmore, Owings & Merrill and Frank Williams & Asscociates (residential)",SWA Group; Mathews Nielsen Landscape Architects (for alteration in 2002),Elliptical Arcades 0.00 sf; Plaza 26806.00 sf; Subway Access Areas 0.00 sf,24 Hours; Restricted Hours,Bicycle Parking; Drinking Fountain; Escalator; Food Service; Lighting; Litter Receptacles; Other Required; Planting; Plaque/Sign; Programs; Restrooms; Retail Frontage; Seating; Subway; Tables; Trees on Street; Trees within Space; Water Feature,Plaza: pavilion on West 49th Street side of Plaza providing access for disabled persons to movies,,Full/Partial,987867,216978,3,127,,POINT (-73.986943 40.76223),False,8 AVENUE,825,825,Manhattan|825|8 AVENUE,1989,Elliptical Arcades; Plaza; Subway Access Areas,24 Hours; Restricted Hours,Elliptical Arcades 0.00 sf; Plaza 26806.00 sf; Subway Access Areas 0.00 sf,Bicycle Parking; Drinking Fountain; Escalator; Food Service; Lighting; Litter Receptacles; Other Required; Planting; Plaque/Sign; Programs; Restrooms; Retail Frontage; Seating; Subway; Tables; Trees on Street; Trees within Space; Water Feature,Plaza: pavilion on West 49th Street side of Plaza providing access for disabled persons to movies,,False,,https://data.cityofnewyork.us/City-Government/Privately-Owned-Public-Spaces-POPS-/rvih-nhyn,https://data.cityofnewyork.us/resource/rvih-nhyn.json?pops_number=M040004,2025-10-14,2026-09-20T19:28:47+00:00,e2a280e21f4fe509dc14d65f2ab6e6b93bab0d41278ad258e7ea01758a870f3f
M040007,Manhattan,330 WEST 56 STREET,,1010460047,1025442,40.766509,-73.985054,M040007,Manhattan,1,4,330,WEST 56 STREET,10019,"330 WEST 56 STREET, New York, NY 10019",1046,47,South side of West 56th Street between Eighth and Ninth Avenues,1974,Completed,Arcade; Plaza,,Schuman Lichtenstein & Claman,Schuman Lichtenstein & Claman,Arcade 4898.00 sf; Plaza 2603.00 sf,24 Hours,None,,,Full/Partial,988390,218537,6,139,,POINT (-73.985054 40.766509),False,WEST 56 STREET,330,330,Manhattan|330|WEST 56 STREET,1974,Arcade; Plaza,24 Hours,Arcade 4898.00 sf; Plaza 2603.00 sf,None,,,False,,https://data.cityofnewyork.us/City-Government/Privately-Owned-Public-Spaces-POPS-/rvih-nhyn,https://data.cityofnewyork.us/resource/rvih-nhyn.json?pops_number=M040007,2025-10-14,2026-09-20T19:28:47+00:00,e2a280e21f4fe509dc14d65f2ab6e6b93bab0d41278ad258e7ea01758a870f3f
M040008,Manhattan,1000 10 AVENUE,St. Luke's-Roosevelt Hospital Center,1010680001,1082718,40.769696,-73.986888,M040008,Manhattan,1,4,1000,TENTH AVENUE,10019,"1000 TENTH AVENUE, New York, NY 10019",1068,1,"Full block bounded by Ninth Avenue, Tenth  Avenue, West 58th Street, and West 59th Street",1990,Completed,Public Open Space,,"Skidmore Owings & Merrill/Norman Rosenfeld, Buck/Cane","Skidmore Owings & Merrill/Norman Rosenfeld, Buck/Cane",Public Open Space 13266.00 sf,Restricted Hours,Lighting; Litter Receptacles; Planting; Plaque/Sign; Seating; Trees on Street; Trees within Space,,,Full/Partial,987882,219698,6,145,,POINT (-73.986888 40.769696),False,10 AVENUE,1000,1000,Manhattan|1000|10 AVENUE,1990,Public Open Space,Restricted Hours,Public Open Space 13266.00 sf,Lighting; Litter Receptacles; Planting; Plaque/Sign; Seating; Trees on Street; Trees within Space,,,False,,https://data.cityofnewyork.us/City-Government/Privately-Owned-Public-Spaces-POPS-/rvih-nhyn,https://data.cityofnewyork.us/resource/rvih-nhyn.json?pops_number=M040008,2025-10-14,2026-09-20T19:28:47+00:00,e2a280e21f4fe509dc14d65f2ab6e6b93bab0d41278ad258e7ea01758a870f3f
M040009,Manhattan,650 WEST 42 STREET,River Place,1010890001,1085803,40.761271,-74.000466,M040009,Manhattan,1,4,650,WEST 42 STREET,10036,"650 WEST 42 STREET, New York, NY 10036",1089,1,"Block bounded by Eleventh Avenue, Twelfth Avenue, West 41st Street, and West 42nd Street",1999,Completed,Major Public Open Space; Public Open Space,Silverstein Properties,CK Architecture,Thomas Balsley Associates,Major Public Open Space 0.00 sf; Public Open Space 0.00 sf,Restricted Hours,Drinking Fountain; Food Service; Lighting; Litter Receptacles; Other Required; Planting; Plaque/Sign; Retail Frontage; Seating; Tables; Trees on Street; Trees within Space,"dog run, pavilion in the northern corner; 1 play area",,None,984121,216628,3,117,,POINT (-74.000466 40.761271),False,WEST 42 STREET,650,650,Manhattan|650|WEST 42 STREET,1999,Major Public Open Space; Public Open Space,Restricted Hours,Major Public Open Space 0.00 sf; Public Open Space 0.00 sf,Drinking Fountain; Food Service; Lighting; Litter Receptacles; Other Required; Planting; Plaque/Sign; Retail Frontage; Seating; Tables; Trees on Street; Trees within Space,"dog run, pavilion in the northern corner; 1 play area",,False,,https://data.cityofnewyork.us/City-Government/Privately-Owned-Public-Spaces-POPS-/rvih-nhyn,https://data.cityofnewyork.us/resource/rvih-nhyn.json?pops_number=M040009,2025-10-14,2026-09-20T19:28:47+00:00,e2a280e21f4fe509dc14d65f2ab6e6b93bab0d41278ad258e7ea01758a870f3f
M040010,Manhattan,585 8 AVENUE,,1007620038,1090194,40.755262,-73.991731,M040010,Manhattan,1,4,585,EIGHTH AVENUE,10018,"585 EIGHTH AVENUE, New York, NY 10018",762,38,West side of Eighth Avenue between West 38th and West 39th Streets,2013,Completed,Public Plaza,Sam Chang,"Gene Kaufman Architect, TC","Eberlin and Eberlin, PC",Public Plaza 2220.00 sf,24 Hours,Bicycle Parking; Drinking Fountain; Lighting; Litter Receptacles; Planting; Plaque/Sign; Retail Frontage; Seating; Tables; Trees on Street; Trees within Space,,,Full/Partial,986541,214439,3,115,,POINT (-73.991731 40.755262),False,8 AVENUE,585,585,Manhattan|585|8 AVENUE,2013,Public Plaza,24 Hours,Public Plaza 2220.00 sf,Bicycle Parking; Drinking Fountain; Lighting; Litter Receptacles; Planting; Plaque/Sign; Retail Frontage; Seating; Tables; Trees on Street; Trees within Space,,,False,,https://data.cityofnewyork.us/City-Government/Privately-Owned-Public-Spaces-POPS-/rvih-nhyn,https://data.cityofnewyork.us/resource/rvih-nhyn.json?pops_number=M040010,2025-10-14,2026-09-20T19:28:47+00:00,e2a280e21f4fe509dc14d65f2ab6e6b93bab0d41278ad258e7ea01758a870f3f
M040011,Manhattan,525 8 AVENUE,,1007600039,1085726,40.753821,-73.992669,M040011,Manhattan,1,4,525,EIGHTH AVENUE,10018,"525 EIGHTH AVENUE, New York, NY 10018",760,39,Northwest corner of Eighth Avenue and W 36th Street.,2019,Completed,Public Plaza,LSCH LLC,Gene Kaufman Architect,Gene Kaufman Architect,Public Plaza 2408.50 sf,24 Hours,Bicycle Parking; Drinking Fountain; Lighting; Litter Receptacles; Planting; Plaque/Sign; Retail Frontage; Seating; Tables; Trees within Space,,,Full/Partial,986281,213914,3,111,,POINT (-73.992669 40.753821),False,8 AVENUE,525,525,Manhattan|525|8 AVENUE,2019,Public Plaza,24 Hours,Public Plaza 2408.50 sf,Bicycle Parking; Drinking Fountain; Lighting; Litter Receptacles; Planting; Plaque/Sign; Retail Frontage; Seating; Tables; Trees within Space,,,False,,https://data.cityofnewyork.us/City-Government/Privately-Owned-Public-Spaces-POPS-/rvih-nhyn,https://data.cityofnewyork.us/resource/rvih-nhyn.json?pops_number=M040011,2025-10-14,2026-09-20T19:28:47+00:00,e2a280e21f4fe509dc14d65f2ab6e6b93bab0d41278ad258e7ea01758a870f3f
M040012,Manhattan,76 11 AVENUE,HFZ Plaza,1006897501,1089807,40.7447,-74.00742,M040012,Manhattan,1,4,76,ELEVENTH AVENUE,10011,"76 ELEVENTH AVENUE, New York, NY 10011",689,7501,,,,At-Grade Plaza,,,,,,,,,None,982194,210591,3,99,,POINT (-74.00742 40.7447),False,11 AVENUE,76,76,Manhattan|76|11 AVENUE,,At-Grade Plaza,,,,,,False,missing_year;missing_required_hours;missing_required_amenities,https://data.cityofnewyork.us/City-Government/Privately-Owned-Public-Spaces-POPS-/rvih-nhyn,https://data.cityofnewyork.us/resource/rvih-nhyn.json?pops_number=M040012,2025-10-14,2026-09-20T19:28:47+00:00,e2a280e21f4fe509dc14d65f2ab6e6b93bab0d41278ad258e7ea01758a870f3f
M040013,Manhattan,501 WEST 52 STREET,Clinton Green,1010810029,1081740,40.766241,-73.991004,M040013,Manhattan,1,4,501,WEST 52 STREET,10019,"501 WEST 52 STREET, New York, NY 10019",1081,29,"The subject property spans multiple block/lots across a North and South parcel. The North parcel (North of West 52nd Street) is on Block 1081, lot 39 and part of lot 29. The South parcel (South of West 52nd Street) is block 1080, part of lot 25.",,,Linear Open Space; Open Space,,,,,,,,,,986742,218439,3,135,,POINT (-73.991004 40.766241),False,WEST 52 STREET,501,501,Manhattan|501|WEST 52 STREET,,Linear Open Space; Open Space,,,,,,False,missing_year;missing_required_hours;missing_required_amenities,https://data.cityofnewyork.us/City-Government/Privately-Owned-Public-Spaces-POPS-/rvih-nhyn,https://data.cityofnewyork.us/resource/rvih-nhyn.json?pops_number=M040013,2025-10-14,2026-09-20T19:28:47+00:00,e2a280e21f4fe509dc14d65f2ab6e6b93bab0d41278ad258e7ea01758a870f3f
M040014,Manhattan,545 WEST 30 STREET,Hudson Yards Eastern Rail Yards Subarea A1,1007027502,1091045,40.753267,-74.002841,M040014,Manhattan,1,4,545,WEST 30 STREET,10001,"545 WEST 30 STREET, New York, NY 10001",702,7502,Numerous required public access areas approved under the Eastern Railyards A1 application. All required public access areas are located on the north side of West 30th Street extending to West 33rd Street.,,,'Covered Pedestrian Space'; Public Access Area,,,,,,Plaque/Sign,,,,983463,213712,3,99,,POINT (-74.002841 40.753267),False,WEST 30 STREET,545,545,Manhattan|545|WEST 30 STREET,,'Covered Pedestrian Space'; Public Access Area,,,Plaque/Sign,,,False,missing_year;missing_required_hours,https://data.cityofnewyork.us/City-Government/Privately-Owned-Public-Spaces-POPS-/rvih-nhyn,https://data.cityofnewyork.us/resource/rvih-nhyn.json?pops_number=M040014,2025-10-14,2026-09-20T19:28:47+00:00,e2a280e21f4fe509dc14d65f2ab6e6b93bab0d41278ad258e7ea01758a870f3f
M040015,Manhattan,450 WEST 33 STREET,,1007297503,1089695,40.753045,-73.999448,M040015,Manhattan,1,4,450,WEST 33 STREET,10001,"450 WEST 33 STREET, New York, NY 10001",729,7503,,,,Public Access Area,,REX Architecture PC,Field Operations,,,,,,None,984403,213631,3,103,,POINT (-73.999448 40.753045),False,WEST 33 STREET,450,450,Manhattan|450|WEST 33 STREET,,Public Access Area,,,,,,False,missing_year;missing_required_hours;missing_required_amenities,https://data.cityofnewyork.us/City-Government/Privately-Owned-Public-Spaces-POPS-/rvih-nhyn,https://data.cityofnewyork.us/resource/rvih-nhyn.json?pops_number=M040015,2025-10-14,2026-09-20T19:28:47+00:00,e2a280e21f4fe509dc14d65f2ab6e6b93bab0d41278ad258e7ea01758a870f3f
M040016,Manhattan,401 WEST 31 STREET,Hudson Yards / Manhattan West (Subarea B2),1007297505,1089694,40.752087,-73.997957,M040016,Manhattan,1,4,401,WEST 31 STREET,10001,"401 WEST 31 STREET, New York, NY 10001",729,7505,,,,Art Plaza; Central Plaza; Entry Plaza,,,,,,,,,,984816,213282,3,103,,POINT (-73.997957 40.752087),False,WEST 31 STREET,401,401,Manhattan|401|WEST 31 STREET,,Art Plaza; Central Plaza; Entry Plaza,,,,,,False,missing_year;missing_required_hours;missing_required_amenities,https://data.cityofnewyork.us/City-Government/Privately-Owned-Public-Spaces-POPS-/rvih-nhyn,https://data.cityofnewyork.us/resource/rvih-nhyn.json?pops_number=M040016,2025-10-14,2026-09-20T19:28:47+00:00,e2a280e21f4fe509dc14d65f2ab6e6b93bab0d41278ad258e7ea01758a870f3f
M050002,Manhattan,36 CENTRAL PARK SOUTH,Park Lane Hotel,1012740011,1035251,40.764811,-73.97538,M050002,Manhattan,1,5,36,CENTRAL PARK SOUTH,10019,"36 CENTRAL PARK SOUTH, New York, NY 10019",1274,11,South side of Central Park South between Fifth and Sixth Avenues,1971,Completed,Arcade; Plaza,,Emery Roth & Sons,Emery Roth & Sons,Arcade 2098.00 sf; Plaza 1958.00 sf,24 Hours,None; Trees on Street,,,Full/Partial,991070,217919,4,112.01,,POINT (-73.97538 40.764811),False,CENTRAL PARK SOUTH,36,36,Manhattan|36|CENTRAL PARK SOUTH,1971,Arcade; Plaza,24 Hours,Arcade 2098.00 sf; Plaza 1958.00 sf,None; Trees on Street,,,False,,https://data.cityofnewyork.us/City-Government/Privately-Owned-Public-Spaces-POPS-/rvih-nhyn,https://data.cityofnewyork.us/resource/rvih-nhyn.json?pops_number=M050002,2025-10-14,2026-09-20T19:28:47+00:00,e2a280e21f4fe509dc14d65f2ab6e6b93bab0d41278ad258e7ea01758a870f3f
M050003,Manhattan,767 5 AVENUE,General Motors Building,1012940001,1036082,40.763609,-73.972435,M050003,Manhattan,1,5,767,FIFTH AVENUE,10153,"767 FIFTH AVENUE, New York, NY 10153",1294,1,East side of Fifth Avenue between East 58th and 59th Streets,1968,Completed,Arcade; Plaza,,Edward Durell Stone,Edward Durell Stone; Thomas Balsley Associates (for alteration in 1999); Moed de Armas & Shannon Architects P.C. (for alteration in 2004 and 2011); MPFP & Mathews Nielsen (for design change and reduction in 2017),Arcade 1971.00 sf; Plaza 19730.00 sf,24 Hours,Artwork; Lighting; Litter Receptacles; None; Planting; Plaque/Sign; Retail Frontage; Seating; Tables; Trees within Space; Water Feature,,,Full/Partial,991886,217481,4,112.02,,POINT (-73.972435 40.763609),False,5 AVENUE,767,767,Manhattan|767|5 AVENUE,1968,Arcade; Plaza,24 Hours,Arcade 1971.00 sf; Plaza 19730.00 sf,Artwork; Lighting; Litter Receptacles; None; Planting; Plaque/Sign; Retail Frontage; Seating; Tables; Trees within Space; Water Feature,,,False,,https://data.cityofnewyork.us/City-Government/Privately-Owned-Public-Spaces-POPS-/rvih-nhyn,https://data.cityofnewyork.us/resource/rvih-nhyn.json?pops_number=M050003,2025-10-14,2026-09-20T19:28:47+00:00,e2a280e21f4fe509dc14d65f2ab6e6b93bab0d41278ad258e7ea01758a870f3f
M050004,Manhattan,500 PARK AVENUE,500 Park Tower,1012940037,1036084,40.762894,-73.970356,M050004,Manhattan,1,5,500,PARK AVENUE,10022,"500 PARK AVENUE, New York, NY 10022",1294,37,Southwest corner of Park Avenue and East 59th Street,1984,Completed,Arcade; Sidewalk Widening; Urban Plaza,500 Park Avenue Associates,"James Stewart Polshek & Associates/Schuman Lichtenstein Claman & Efron/Skidmore, Owings & Merrill","James Stewart Polshek & Associates/Schuman Lichtenstein Claman & Efron/Skidmore, Owings & Merrill",Arcade 2695.00 sf; Sidewalk Widening 1173.40 sf; Urban Plaza 1479.00 sf,24 Hours,Lighting; None; Planting; Plaque/Sign; Retail Frontage; Trees on Street,,,Full/Partial,992462,217221,4,112.02,,POINT (-73.970356 40.762894),False,PARK AVENUE,500,500,Manhattan|500|PARK AVENUE,1984,Arcade; Sidewalk Widening; Urban Plaza,24 Hours,Arcade 2695.00 sf; Sidewalk Widening 1173.40 sf; Urban Plaza 1479.00 sf,Lighting; None; Planting; Plaque/Sign; Retail Frontage; Trees on Street,,,False,,https://data.cityofnewyork.us/City-Government/Privately-Owned-Public-Spaces-POPS-/rvih-nhyn,https://data.cityofnewyork.us/resource/rvih-nhyn.json?pops_number=M050004,2025-10-14,2026-09-20T19:28:47+00:00,e2a280e21f4fe509dc14d65f2ab6e6b93bab0d41278ad258e7ea01758a870f3f
M050005,Manhattan,499 PARK AVENUE,,1013130004,1037164,40.76254,-73.969605,M050005,Manhattan,1,5,499,PARK AVENUE,10022,"499 PARK AVENUE, New York, NY 10022",1313,4,Southeast corner of Park Avenue and East 59th Street,1980,Completed,Glass-Enclosed Urban Plaza Equivalent; Open Urban Plaza Equivalent; Sidewalk Widening Equivalent; Through Block Arcade Equivalent,,I.M. Pei and Partners,I.M. Pei and Partners,Glass-Enclosed Urban Plaza Equivalent 1450.00 sf; Open Urban Plaza Equivalent 525.00 sf; Sidewalk Widening Equivalent 487.00 sf; Through Block Arcade Equivalent 1540.00 sf,24 Hours,Lighting; None; Plaque/Sign; Seating; Trees within Space,,,Full/Partial,992670,217092,4,112.03,,POINT (-73.969605 40.76254),False,PARK AVENUE,499,499,Manhattan|499|PARK AVENUE,1980,Glass-Enclosed Urban Plaza Equivalent; Open Urban Plaza Equivalent; Sidewalk Widening Equivalent; Through Block Arcade Equivalent,24 Hours,Glass-Enclosed Urban Plaza Equivalent 1450.00 sf; Open Urban Plaza Equivalent 525.00 sf; Sidewalk Widening Equivalent 487.00 sf; Through Block Arcade Equivalent 1540.00 sf,Lighting; None; Plaque/Sign; Seating; Trees within Space,,,False,,https://data.cityofnewyork.us/City-Government/Privately-Owned-Public-Spaces-POPS-/rvih-nhyn,https://data.cityofnewyork.us/resource/rvih-nhyn.json?pops_number=M050005,2025-10-14,2026-09-20T19:28:47+00:00,e2a280e21f4fe509dc14d65f2ab6e6b93bab0d41278ad258e7ea01758a870f3f
M050006,Manhattan,110 EAST 59 STREET,,1013130005,1037165,40.762219,-73.969317,M050006,Manhattan,1,5,110,EAST 59 STREET,10022,"110 EAST 59 STREET, New York, NY 10022",1313,5,South side of East 59th Street between Lexington and Park Avenues,1968,Completed,Arcade; Plaza (in C5-3); Plaza (in C6-4),,William Lescaze & Associates,William Lescaze & Associates,Arcade 4210.00 sf; Plaza (in C5-3) 4786.00 sf; Plaza (in C6-4) 398.00 sf,24 Hours,None,,,Full/Partial,992750,216975,4,112.03,,POINT (-73.969317 40.762219),False,EAST 59 STREET,110,110,Manhattan|110|EAST 59 STREET,1968,Arcade; Plaza (in C5-3); Plaza (in C6-4),24 Hours,Arcade 4210.00 sf; Plaza (in C5-3) 4786.00 sf; Plaza (in C6-4) 398.00 sf,None,,,False,,https://data.cityofnewyork.us/City-Government/Privately-Owned-Public-Spaces-POPS-/rvih-nhyn,https://data.cityofnewyork.us/resource/rvih-nhyn.json?pops_number=M050006,2025-10-14,2026-09-20T19:28:47+00:00,e2a280e21f4fe509dc14d65f2ab6e6b93bab0d41278ad258e7ea01758a870f3f
M050007,Manhattan,115 EAST 57 STREET,Galleria,1013127501,1036926,40.761711,-73.969757,M050007,Manhattan,1,5,115,EAST 57 STREET,10022,"115 EAST 57 STREET, New York, NY 10022",1312,7501,North side of East 57th Street between Lexington and Park Avenues,1974,Completed,Covered Pedestrian Space,,David Kenneth Specter/Philip Birnbaum,David Kenneth Specter,Covered Pedestrian Space 7419.29 sf,Restricted Hours,Climate Control; Lighting; Other Required; Planting; Plaque/Sign; Programs; Retail Frontage; Seating; Tables; Trees within Space; Water Feature,skylight,Other Permitted,Full/Partial,992628,216790,4,112.03,,POINT (-73.969757 40.761711),False,EAST 57 STREET,115,115,Manhattan|115|EAST 57 STREET,1974,Covered Pedestrian Space,Restricted Hours,Covered Pedestrian Space 7419.29 sf,Climate Control; Lighting; Other Required; Planting; Plaque/Sign; Programs; Retail Frontage; Seating; Tables; Trees within Space; Water Feature,skylight,Other Permitted,False,,https://data.cityofnewyork.us/City-Government/Privately-Owned-Public-Spaces-POPS-/rvih-nhyn,https://data.cityofnewyork.us/resource/rvih-nhyn.json?pops_number=M050007,2025-10-14,2026-09-20T19:28:47+00:00,e2a280e21f4fe509dc14d65f2ab6e6b93bab0d41278ad258e7ea01758a870f3f
M050008,Manhattan,9 WEST 57 STREET,Solow,1012730022,1035071,40.763886,-73.974991,M050008,Manhattan,1,5,9,WEST 57 STREET,10019,"9 WEST 57 STREET, New York, NY 10019",1273,22,North side of West 57th Street between Fifth and Sixth Avenues,1972,Completed,Arcade; Plaza,Solow Building Co.,"Skidmore, Owings & Merrill","Skidmore, Owings & Merrill",Arcade 10970.90 sf; Plaza 17596.90 sf,24 Hours,None,,,Full/Partial,991178,217582,4,112.01,,POINT (-73.974991 40.763886),False,WEST 57 STREET,9,9,Manhattan|9|WEST 57 STREET,1972,Arcade; Plaza,24 Hours,Arcade 10970.90 sf; Plaza 17596.90 sf,None,,,False,,https://data.cityofnewyork.us/City-Government/Privately-Owned-Public-Spaces-POPS-/rvih-nhyn,https://data.cityofnewyork.us/resource/rvih-nhyn.json?pops_number=M050008,2025-10-14,2026-09-20T19:28:47+00:00,e2a280e21f4fe509dc14d65f2ab6e6b93bab0d41278ad258e7ea01758a870f3f
M050009,Manhattan,58 WEST 58 STREET,,1012737501,1035078,40.764458,-73.976351,M050009,Manhattan,1,5,58,WEST 58 STREET,10019,"58 WEST 58 STREET, New York, NY 10019",1273,7501,South side of West 58th Street between Fifth and Sixth Avenues,1968,Completed,Arcade; Plaza,,Samuel Paul & Seymour Jarmul Architects,Samuel Paul & Seymour Jarmul Architects,Arcade 1500.00 sf; Plaza 4918.48 sf,24 Hours,None,,,Full/Partial,990801,217790,4,112.01,,POINT (-73.976351 40.764458),False,WEST 58 STREET,58,58,Manhattan|58|WEST 58 STREET,1968,Arcade; Plaza,24 Hours,Arcade 1500.00 sf; Plaza 4918.48 sf,None,,,False,,https://data.cityofnewyork.us/City-Government/Privately-Owned-Public-Spaces-POPS-/rvih-nhyn,https://data.cityofnewyork.us/resource/rvih-nhyn.json?pops_number=M050009,2025-10-14,2026-09-20T19:28:47+00:00,e2a280e21f4fe509dc14d65f2ab6e6b93bab0d41278ad258e7ea01758a870f3f
M050010,Manhattan,211 WEST 56 STREET,Carnegie Mews,1010280017,1024894,40.765474,-73.98147,M050010,Manhattan,1,5,211,WEST 56 STREET,10019,"211 WEST 56 STREET, New York, NY 10019",1028,17,Northeast corner of West 56th Street and Broadway,1976,Completed,Plaza,Ralph Kern,Philip Birnbaum,Philip Birnbaum,Plaza 4773.50 sf,24 Hours,Other Required; Planting,access ramp from West 56th Street to Plaza,,Full/Partial,989383,218160,6,137,,POINT (-73.98147 40.765474),False,WEST 56 STREET,211,211,Manhattan|211|WEST 56 STREET,1976,Plaza,24 Hours,Plaza 4773.50 sf,Other Required; Planting,access ramp from West 56th Street to Plaza,,False,,https://data.cityofnewyork.us/City-Government/Privately-Owned-Public-Spaces-POPS-/rvih-nhyn,https://data.cityofnewyork.us/resource/rvih-nhyn.json?pops_number=M050010,2025-10-14,2026-09-20T19:28:47+00:00,e2a280e21f4fe509dc14d65f2ab6e6b93bab0d41278ad258e7ea01758a870f3f
M050011,Manhattan,888 7 AVENUE,,1010280029,1024895,40.765361,-73.980881,M050011,Manhattan,1,5,888,SEVENTH AVENUE,10106,"888 SEVENTH AVENUE, New York, NY 10106",1028,29,West side of Seventh Avenue between West 56th and 57th Streets,1970,Completed,Plaza,Arlen Realty & Development Corp.,Emery Roth & Sons,Emery Roth & Sons; Thomas Balsley Associates (for alteration),Plaza 12317.00 sf,24 Hours,None,,,Full/Partial,989546,218119,6,137,,POINT (-73.980881 40.765361),False,7 AVENUE,888,888,Manhattan|888|7 AVENUE,1970,Plaza,24 Hours,Plaza 12317.00 sf,None,,,False,,https://data.cityofnewyork.us/City-Government/Privately-Owned-Public-Spaces-POPS-/rvih-nhyn,https://data.cityofnewyork.us/resource/rvih-nhyn.json?pops_number=M050011,2025-10-14,2026-09-20T19:28:47+00:00,e2a280e21f4fe509dc14d65f2ab6e6b93bab0d41278ad258e7ea01758a870f3f
M050012,Manhattan,118 WEST 57 STREET,Le Parker Meridien Hotel,1010090019,1023455,40.764263,-73.978481,M050012,Manhattan,1,5,118,WEST 57 STREET,10019,"118 WEST 57 STREET, New York, NY 10019",1009,19,South side of West 57th Street between Sixth and Seventh Avenues,1979,Completed,Plaza; Through Block Arcade,Jack Parker,Philip Birnbaum,Philip Birnbaum,Plaza 3000.00 sf; Through Block Arcade 6820.00 sf,24 Hours; Restricted Hours,Artwork; Lighting; Other Required; Planting; Plaque/Sign; Retail Frontage; Seating; Tables; Trees within Space,skylight above middle portion,,Full/Partial,990211,217719,6,137,,POINT (-73.978481 40.764263),False,WEST 57 STREET,118,118,Manhattan|118|WEST 57 STREET,1979,Plaza; Through Block Arcade,24 Hours; Restricted Hours,Plaza 3000.00 sf; Through Block Arcade 6820.00 sf,Artwork; Lighting; Other Required; Planting; Plaque/Sign; Retail Frontage; Seating; Tables; Trees within Space,skylight above middle portion,,False,,https://data.cityofnewyork.us/City-Government/Privately-Owned-Public-Spaces-POPS-/rvih-nhyn,https://data.cityofnewyork.us/resource/rvih-nhyn.json?pops_number=M050012,2025-10-14,2026-09-20T19:28:47+00:00,e2a280e21f4fe509dc14d65f2ab6e6b93bab0d41278ad258e7ea01758a870f3f
M050013,Manhattan,40 WEST 57 STREET,,1012720063,1035057,40.763549,-73.976359,M050013,Manhattan,1,5,40,WEST 57 STREET,10019,"40 WEST 57 STREET, New York, NY 10019",1272,63,South side of West 57th Street between Fifth and Sixth Avenues,1972,Completed,Plaza; Through Block Arcade,Samuel Lefrak,Jack Brown,Jack Brown,Plaza 5183.74 sf; Through Block Arcade 4366.12 sf,24 Hours; Restricted Hours,Lighting; Planting,,,Full/Partial,990799,217459,4,112.01,,POINT (-73.976359 40.763549),False,WEST 57 STREET,40,40,Manhattan|40|WEST 57 STREET,1972,Plaza; Through Block Arcade,24 Hours; Restricted Hours,Plaza 5183.74 sf; Through Block Arcade 4366.12 sf,Lighting; Planting,,,False,,https://data.cityofnewyork.us/City-Government/Privately-Owned-Public-Spaces-POPS-/rvih-nhyn,https://data.cityofnewyork.us/resource/rvih-nhyn.json?pops_number=M050013,2025-10-14,2026-09-20T19:28:47+00:00,e2a280e21f4fe509dc14d65f2ab6e6b93bab0d41278ad258e7ea01758a870f3f
M050014,Manhattan,725 5 AVENUE,Trump Tower,1012927501,1035794,40.762311,-73.973894,M050014,Manhattan,1,5,725,FIFTH AVENUE,10022,"725 FIFTH AVENUE, New York, NY 10022",1292,7501,East side of Fifth Avenue between East 56th and 57th Streets,1983,Completed,Covered Pedestrian Space; Landscaped Terraces; Passageway,Donald Trump,Swanke Hayden Connell Architects,Swanke Hayden Connell Architects; Thomas Balsley Associates,Covered Pedestrian Space 6626.00 sf; Landscaped Terraces 6336.00 sf; Passageway 0.00 sf,Closing for Events; Restricted Hours,Climate Control; Elevator; Escalator; Lighting; Litter Receptacles; Other Required; Planting; Plaque/Sign; Restrooms; Retail Frontage; Seating; Tables; Trees within Space; Water Feature,"Landscaped Terrace (Fifth Floor), Passageway: multiple pedestrian connections to Niketown; skylight",,Full/Partial,991482,217008,4,112.02,,POINT (-73.973894 40.762311),False,5 AVENUE,725,725,Manhattan|725|5 AVENUE,1983,Covered Pedestrian Space; Landscaped Terraces; Passageway,Closing for Events; Restricted Hours,Covered Pedestrian Space 6626.00 sf; Landscaped Terraces 6336.00 sf; Passageway 0.00 sf,Climate Control; Elevator; Escalator; Lighting; Litter Receptacles; Other Required; Planting; Plaque/Sign; Restrooms; Retail Frontage; Seating; Tables; Trees within Space; Water Feature,"Landscaped Terrace (Fifth Floor), Passageway: multiple pedestrian connections to Niketown; skylight",,False,,https://data.cityofnewyork.us/City-Government/Privately-Owned-Public-Spaces-POPS-/rvih-nhyn,https://data.cityofnewyork.us/resource/rvih-nhyn.json?pops_number=M050014,2025-10-14,2026-09-20T19:28:47+00:00,e2a280e21f4fe509dc14d65f2ab6e6b93bab0d41278ad258e7ea01758a870f3f
M050015,Manhattan,590 MADISON AVENUE,,1012920015,1035778,40.762105,-73.973042,M050015,Manhattan,1,5,590,MADISON AVENUE,10022,"590 MADISON AVENUE, New York, NY 10022",1292,15,Southwest corner of East 57th Street and Madison Avenue,1982,Completed,Arcade; Covered Pedestrian Space; Seating Area; Through Block Arcade; Urban Plaza,,Edward Larrabee Barnes,Edward Larrabee Barnes; Zion and Breen; Robert A. M. Stern (for alteration in 1995),Arcade 1851.00 sf; Covered Pedestrian Space 8261.00 sf; Seating Area 0.00 sf; Through Block Arcade 4669.00 sf; Urban Plaza 1821.00 sf,24 Hours; Closing for Events; Restricted Hours,Artwork; Food Service; Lighting; Litter Receptacles; None; Other Required; Plaque/Sign; Retail Frontage; Seating; Tables; Trees on Street; Trees within Space; Water Feature,access from 8:00 am to 10:00 pm from Through Block Arcade to passageway connecting to adjacent Trump Tower and to Fifth Avenue,,Full/Partial,991718,216933,4,112.02,,POINT (-73.973042 40.762105),False,MADISON AVENUE,590,590,Manhattan|590|MADISON AVENUE,1982,Arcade; Covered Pedestrian Space; Seating Area; Through Block Arcade; Urban Plaza,24 Hours; Closing for Events; Restricted Hours,Arcade 1851.00 sf; Covered Pedestrian Space 8261.00 sf; Seating Area 0.00 sf; Through Block Arcade 4669.00 sf; Urban Plaza 1821.00 sf,Artwork; Food Service; Lighting; Litter Receptacles; None; Other Required; Plaque/Sign; Retail Frontage; Seating; Tables; Trees on Street; Trees within Space; Water Feature,access from 8:00 am to 10:00 pm from Through Block Arcade to passageway connecting to adjacent Trump Tower and to Fifth Avenue,,False,,https://data.cityofnewyork.us/City-Government/Privately-Owned-Public-Spaces-POPS-/rvih-nhyn,https://data.cityofnewyork.us/resource/rvih-nhyn.json?pops_number=M050015,2025-10-14,2026-09-20T19:28:47+00:00,e2a280e21f4fe509dc14d65f2ab6e6b93bab0d41278ad258e7ea01758a870f3f
M050016,Manhattan,450 PARK AVENUE,,1012920037,1035780,40.761495,-73.971328,M050016,Manhattan,1,5,450,PARK AVENUE,10022,"450 PARK AVENUE, New York, NY 10022",1292,37,Southwest corner of Park Avenue and East 57th Street,1971,Completed,Plaza,Peter Sharp,Emery Roth & Sons,Emery Roth & Sons,Plaza 3900.00 sf,24 Hours,Lighting; Other Required; Planting; Seating; Trees on Street; Water Feature,access from Plaza to lobby,,Full/Partial,992193,216711,4,112.02,,POINT (-73.971328 40.761495),False,PARK AVENUE,450,450,Manhattan|450|PARK AVENUE,1971,Plaza,24 Hours,Plaza 3900.00 sf,Lighting; Other Required; Planting; Seating; Trees on Street; Water Feature,access from Plaza to lobby,,False,,https://data.cityofnewyork.us/City-Government/Privately-Owned-Public-Spaces-POPS-/rvih-nhyn,https://data.cityofnewyork.us/resource/rvih-nhyn.json?pops_number=M050016,2025-10-14,2026-09-20T19:28:47+00:00,e2a280e21f4fe509dc14d65f2ab6e6b93bab0d41278ad258e7ea01758a870f3f
M050017,Manhattan,230 WEST 27 STREET,,1007760055,1014237,40.747028,-73.995362,M050017,Manhattan,1,5,230,WEST 27 STREET,10001,"230 WEST 27 STREET, New York, NY 10001",776,55,South side of West 27th Street between Seventh and Eighth Avenues,1974,Completed,Plaza,Fashion Institute of Technology Staff Housing Co. Inc.,de Young & Moscowitz,de Young & Moscowitz,Plaza 3093.64 sf,24 Hours,None,,,Full/Partial,985535,211439,3,95,,POINT (-73.995362 40.747028),False,WEST 27 STREET,230,230,Manhattan|230|WEST 27 STREET,1974,Plaza,24 Hours,Plaza 3093.64 sf,None,,,False,,https://data.cityofnewyork.us/City-Government/Privately-Owned-Public-Spaces-POPS-/rvih-nhyn,https://data.cityofnewyork.us/resource/rvih-nhyn.json?pops_number=M050017,2025-10-14,2026-09-20T19:28:47+00:00,e2a280e21f4fe509dc14d65f2ab6e6b93bab0d41278ad258e7ea01758a870f3f
M050018,Manhattan,550 MADISON AVENUE,Sony,1012910010,1035769,40.761462,-73.973504,M050018,Manhattan,1,5,550,MADISON AVENUE,10022,"550 MADISON AVENUE, New York, NY 10022",1291,10,West side of Madison Avenue between East 55th and 56th Streets,1983,Completed,Arcade; Covered Pedestrian Space,AT&T,Johnson/Burgee,Johnson/Burgee; Gwathmey Siegel & Associates (for alteration in 1992 and 1998),Arcade 3542.00 sf; Covered Pedestrian Space 10164.00 sf,24 Hours; Closing for Events; Restricted Hours,Climate Control; Food Service; Lighting; Litter Receptacles; Other Required; Plaque/Sign; Restrooms; Retail Frontage; Seating; Tables; Trees on Street; Trees within Space,"10,600 sf exhibit area (Sony Wonder) required to be open Tuesday through Saturday, 9:30 am to 5:00 pm; 70-seat assembly space within the exhibit area available for use by the city's non-profit community for meetings when not in use by Sony Wonder; access to and from Covered Pedestrian Space and Madison Avenue through Sony office building lobby; mobile vendor cart of approximately 65 sf to sell merchandise and/or food",,Full/Partial,991590,216699,4,102,,POINT (-73.973504 40.761462),False,MADISON AVENUE,550,550,Manhattan|550|MADISON AVENUE,1983,Arcade; Covered Pedestrian Space,24 Hours; Closing for Events; Restricted Hours,Arcade 3542.00 sf; Covered Pedestrian Space 10164.00 sf,Climate Control; Food Service; Lighting; Litter Receptacles; Other Required; Plaque/Sign; Restrooms; Retail Frontage; Seating; Tables; Trees on Street; Trees within Space,"10,600 sf exhibit area (Sony Wonder) required to be open Tuesday through Saturday, 9:30 am to 5:00 pm; 70-seat assembly space within the exhibit area available for use by the city's non-profit community for meetings when not in use by Sony Wonder; access to and from Covered Pedestrian Space and Madison Avenue through Sony office building lobby; mobile vendor cart of approximately 65 sf to sell merchandise and/or food",,False,,https://data.cityofnewyork.us/City-Government/Privately-Owned-Public-Spaces-POPS-/rvih-nhyn,https://data.cityofnewyork.us/resource/rvih-nhyn.json?pops_number=M050018,2025-10-14,2026-09-20T19:28:47+00:00,e2a280e21f4fe509dc14d65f2ab6e6b93bab0d41278ad258e7ea01758a870f3f
M050019,Manhattan,1370 6 AVENUE,1370 Avenue of the Americas,1012710071,1034855,40.763275,-73.977471,M050019,Manhattan,1,5,1370,SIXTH AVENUE,10019,"1370 SIXTH AVENUE, New York, NY 10019",1271,71,Southeast corner of West 56th Street and Sixth Avenue,1971,Completed,Plaza,Peter Sharp,Emery Roth & Sons,Emery Roth & Sons; Thomas Balsley (for alteration),Plaza 4449.00 sf,24 Hours,Lighting; Planting; Plaque/Sign; Seating,,,Full/Partial,990491,217359,4,104,,POINT (-73.977471 40.763275),False,6 AVENUE,1370,1370,Manhattan|1370|6 AVENUE,1971,Plaza,24 Hours,Plaza 4449.00 sf,Lighting; Planting; Plaque/Sign; Seating,,,False,,https://data.cityofnewyork.us/City-Government/Privately-Owned-Public-Spaces-POPS-/rvih-nhyn,https://data.cityofnewyork.us/resource/rvih-nhyn.json?pops_number=M050019,2025-10-14,2026-09-20T19:28:47+00:00,e2a280e21f4fe509dc14d65f2ab6e6b93bab0d41278ad258e7ea01758a870f3f
M050020,Manhattan,230 WEST 55 STREET,La Premiere,1010267502,1078861,40.764686,-73.982694,M050020,Manhattan,1,5,230,WEST 55 STREET,10019,"230 WEST 55 STREET, New York, NY 10019",1026,7502,Southwest corner of West 55th Street and Broadway,1979,Completed,Residential Plaza,,Philip Birnbaum,Philip Birnbaum; Elliot Vilkas Architect (for alteration in 2004),Residential Plaza 5215.00 sf,Restricted Hours,Artwork; Bicycle Parking; Drinking Fountain; Lighting; Litter Receptacles; Planting; Plaque/Sign; Seating; Trees on Street; Trees within Space,,,Full/Partial,989044,217873,6,137,,POINT (-73.982694 40.764686),False,WEST 55 STREET,230,230,Manhattan|230|WEST 55 STREET,1979,Residential Plaza,Restricted Hours,Residential Plaza 5215.00 sf,Artwork; Bicycle Parking; Drinking Fountain; Lighting; Litter Receptacles; Planting; Plaque/Sign; Seating; Trees on Street; Trees within Space,,,False,,https://data.cityofnewyork.us/City-Government/Privately-Owned-Public-Spaces-POPS-/rvih-nhyn,https://data.cityofnewyork.us/resource/rvih-nhyn.json?pops_number=M050020,2025-10-14,2026-09-20T19:28:47+00:00,e2a280e21f4fe509dc14d65f2ab6e6b93bab0d41278ad258e7ea01758a870f3f
M050021,Manhattan,1345 6 AVENUE,Alliance Capital,1010070029,1083719,40.763064,-73.979254,M050021,Manhattan,1,5,1345,SIXTH AVENUE,10105,"1345 SIXTH AVENUE, New York, NY 10105",1007,29,West side of Sixth Avenue between West 54th and 55th Streets,1968,Completed,Plaza,Fisher Brothers,Emery Roth & Sons,Emery Roth & Sons,Plaza 30171.00 sf,24 Hours,Artwork; Bicycle Parking; Drinking Fountain; Lighting; Litter Receptacles; Planting; Plaque/Sign; Seating; Tables; Trees within Space; Water Feature,,Open Air Cafe,Full/Partial,989997,217282,6,137,,POINT (-73.979254 40.763064),False,6 AVENUE,1345,1345,Manhattan|1345|6 AVENUE,1968,Plaza,24 Hours,Plaza 30171.00 sf,Artwork; Bicycle Parking; Drinking Fountain; Lighting; Litter Receptacles; Planting; Plaque/Sign; Seating; Tables; Trees within Space; Water Feature,,Open Air Cafe,False,,https://data.cityofnewyork.us/City-Government/Privately-Owned-Public-Spaces-POPS-/rvih-nhyn,https://data.cityofnewyork.us/resource/rvih-nhyn.json?pops_number=M050021,2025-10-14,2026-09-20T19:28:47+00:00,e2a280e21f4fe509dc14d65f2ab6e6b93bab0d41278ad258e7ea01758a870f3f
M050022,Manhattan,1350 6 AVENUE,Men's Apparel,1012700071,1034815,40.762575,-73.977778,M050022,Manhattan,1,5,1350,SIXTH AVENUE,10019,"1350 SIXTH AVENUE, New York, NY 10019",1270,71,Southeast corner of West 55th Street and Sixth Avenue,1966,Completed,Plaza,Samuel Minskoff & Sons,Emery Roth & Sons,Emery Roth & Sons,Plaza 5879.50 sf,24 Hours,None,,,Full/Partial,990406,217104,4,104,,POINT (-73.977778 40.762575),False,6 AVENUE,1350,1350,Manhattan|1350|6 AVENUE,1966,Plaza,24 Hours,Plaza 5879.50 sf,None,,,False,,https://data.cityofnewyork.us/City-Government/Privately-Owned-Public-Spaces-POPS-/rvih-nhyn,https://data.cityofnewyork.us/resource/rvih-nhyn.json?pops_number=M050022,2025-10-14,2026-09-20T19:28:47+00:00,e2a280e21f4fe509dc14d65f2ab6e6b93bab0d41278ad258e7ea01758a870f3f
M050024,Manhattan,535 MADISON AVENUE,Warburg Dillon Read,1012900021,1035747,40.76043,-73.973277,M050024,Manhattan,1,5,535,MADISON AVENUE,10022,"535 MADISON AVENUE, New York, NY 10022",1290,21,Northeast corner of East 54th Street and Madison Avenue,1982,Completed,Arcade; Urban Plaza,"Park Tower Associates, Madison Ave. Associates",Edward Larrabee Barnes,Edward Larrabee Barnes; Zion Breen & Richardson Associates (for alteration in 2009),Arcade 1700.00 sf; Urban Plaza 4869.30 sf,24 Hours,Artwork; Bicycle Parking; Food Service; Lighting; Litter Receptacles; Planting; Plaque/Sign; Retail Frontage; Seating; Tables; Trees on Street; Trees within Space,,,Full/Partial,991653,216323,4,102,,POINT (-73.973277 40.76043),False,MADISON AVENUE,535,535,Manhattan|535|MADISON AVENUE,1982,Arcade; Urban Plaza,24 Hours,Arcade 1700.00 sf; Urban Plaza 4869.30 sf,Artwork; Bicycle Parking; Food Service; Lighting; Litter Receptacles; Planting; Plaque/Sign; Retail Frontage; Seating; Tables; Trees on Street; Trees within Space,,,False,,https://data.cityofnewyork.us/City-Government/Privately-Owned-Public-Spaces-POPS-/rvih-nhyn,https://data.cityofnewyork.us/resource/rvih-nhyn.json?pops_number=M050024,2025-10-14,2026-09-20T19:28:47+00:00,e2a280e21f4fe509dc14d65f2ab6e6b93bab0d41278ad258e7ea01758a870f3f
M050025,Manhattan,520 MADISON AVENUE,,1012890014,1035727,40.760258,-73.974476,M050025,Manhattan,1,5,520,MADISON AVENUE,10022,"520 MADISON AVENUE, New York, NY 10022",1289,14,West side of Madison Avenue between East 53rd and 54th Streets,1982,Completed,Sidewalk Widening; Urban Plaza,Tishman Speyer Properties,Swanke Hayden Connell,Swanke Hayden Connell,Sidewalk Widening 5353.00 sf; Urban Plaza 2610.00 sf,24 Hours,Lighting; Litter Receptacles; Planting; Plaque/Sign; Retail Frontage; Seating; Tables; Trees on Street; Trees within Space; Water Feature,,,Full/Partial,991321,216260,4,102,,POINT (-73.974476 40.760258),False,MADISON AVENUE,520,520,Manhattan|520|MADISON AVENUE,1982,Sidewalk Widening; Urban Plaza,24 Hours,Sidewalk Widening 5353.00 sf; Urban Plaza 2610.00 sf,Lighting; Litter Receptacles; Planting; Plaque/Sign; Retail Frontage; Seating; Tables; Trees on Street; Trees within Space; Water Feature,,,False,,https://data.cityofnewyork.us/City-Government/Privately-Owned-Public-Spaces-POPS-/rvih-nhyn,https://data.cityofnewyork.us/resource/rvih-nhyn.json?pops_number=M050025,2025-10-14,2026-09-20T19:28:47+00:00,e2a280e21f4fe509dc14d65f2ab6e6b93bab0d41278ad258e7ea01758a870f3f
M050026,Manhattan,1330 6 AVENUE,,1012690001,1034522,40.761966,-73.978478,M050026,Manhattan,1,5,1330,SIXTH AVENUE,10019,"1330 SIXTH AVENUE, New York, NY 10019",1269,1,East side of Sixth Avenue between West 53rd and 54th Streets,1965,Completed,Plaza,,Emery Roth & Sons,"Emery Roth & Sons; Moed de Armas & Shannon Architects, P.C. (for alteration in 2012)",Plaza 6312.00 sf,24 Hours,Artwork; Lighting; Litter Receptacles; Planting; Plaque/Sign; Retail Frontage; Seating; Tables,,,Full/Partial,990212,216882,4,104,,POINT (-73.978478 40.761966),False,6 AVENUE,1330,1330,Manhattan|1330|6 AVENUE,1965,Plaza,24 Hours,Plaza 6312.00 sf,Artwork; Lighting; Litter Receptacles; Planting; Plaque/Sign; Retail Frontage; Seating; Tables,,,False,,https://data.cityofnewyork.us/City-Government/Privately-Owned-Public-Spaces-POPS-/rvih-nhyn,https://data.cityofnewyork.us/resource/rvih-nhyn.json?pops_number=M050026,2025-10-14,2026-09-20T19:28:47+00:00,e2a280e21f4fe509dc14d65f2ab6e6b93bab0d41278ad258e7ea01758a870f3f
M050027,Manhattan,825 7 AVENUE,Tower 53,1010067501,1023166,40.762998,-73.981279,M050027,Manhattan,1,5,825,SEVENTH AVENUE,10019,"825 SEVENTH AVENUE, New York, NY 10019",1006,7501,Northwest corner of West 53rd Street and Seventh Avenue,1967,Completed,Plaza,Loews Corporation,Russell M. Boak Associates,Russell M. Boak Associates,Plaza 2554.70 sf,24 Hours,None,,,Full/Partial,989436,217258,4,131,,POINT (-73.981279 40.762998),False,7 AVENUE,825,825,Manhattan|825|7 AVENUE,1967,Plaza,24 Hours,Plaza 2554.70 sf,None,,,False,,https://data.cityofnewyork.us/City-Government/Privately-Owned-Public-Spaces-POPS-/rvih-nhyn,https://data.cityofnewyork.us/resource/rvih-nhyn.json?pops_number=M050027,2025-10-14,2026-09-20T19:28:47+00:00,e2a280e21f4fe509dc14d65f2ab6e6b93bab0d41278ad258e7ea01758a870f3f
M050028,Manhattan,1700 BROADWAY,,1010250025,1024836,40.763512,-73.982272,M050028,Manhattan,1,5,1700,BROADWAY,10019,"1700 BROADWAY, New York, NY 10019",1025,25,Full blockfront on east side of Broadway between West 53rd and 54th Streets,1968,Completed,Plaza,Jerome Weinstein,Emery Roth & Sons,Emery Roth & Sons; Moss Gilday Group and M. Paul Friedberg and Partners (for alteration in 2010),Plaza 8241.00 sf,24 Hours,Bicycle Parking; Lighting; Litter Receptacles; Other Required; Planting; Plaque/Sign; Seating; Tables; Trees within Space,green screen,Open Air Cafe,Full/Partial,989161,217445,3,131,,POINT (-73.982272 40.763512),False,BROADWAY,1700,1700,Manhattan|1700|BROADWAY,1968,Plaza,24 Hours,Plaza 8241.00 sf,Bicycle Parking; Lighting; Litter Receptacles; Other Required; Planting; Plaque/Sign; Seating; Tables; Trees within Space,green screen,Open Air Cafe,False,,https://data.cityofnewyork.us/City-Government/Privately-Owned-Public-Spaces-POPS-/rvih-nhyn,https://data.cityofnewyork.us/resource/rvih-nhyn.json?pops_number=M050028,2025-10-14,2026-09-20T19:28:47+00:00,e2a280e21f4fe509dc14d65f2ab6e6b93bab0d41278ad258e7ea01758a870f3f
M050029,Manhattan,810 7 AVENUE,,1010240038,1024828,40.762913,-73.982525,M050029,Manhattan,1,5,810,SEVENTH AVENUE,10019,"810 SEVENTH AVENUE, New York, NY 10019",1024,38,Southwest corner of Seventh Avenue and West 53rd Street,1970,Completed,Plaza,Abraham Sommer,Kahn and Jacobs,Kahn and Jacobs,Plaza 6575.00 sf,24 Hours,Litter Receptacles; Other Required; Planting; Plaque/Sign; Seating; Trees within Space,trellised arcade in Plaza along West 53rd Street,,Full/Partial,989091,217227,3,131,,POINT (-73.982525 40.762913),False,7 AVENUE,810,810,Manhattan|810|7 AVENUE,1970,Plaza,24 Hours,Plaza 6575.00 sf,Litter Receptacles; Other Required; Planting; Plaque/Sign; Seating; Trees within Space,trellised arcade in Plaza along West 53rd Street,,False,,https://data.cityofnewyork.us/City-Government/Privately-Owned-Public-Spaces-POPS-/rvih-nhyn,https://data.cityofnewyork.us/resource/rvih-nhyn.json?pops_number=M050029,2025-10-14,2026-09-20T19:28:47+00:00,e2a280e21f4fe509dc14d65f2ab6e6b93bab0d41278ad258e7ea01758a870f3f
M050030,Manhattan,1301 6 AVENUE,,1010050029,1023161,40.761768,-73.980027,M050030,Manhattan,1,5,1301,SIXTH AVENUE,10019,"1301 SIXTH AVENUE, New York, NY 10019",1005,29,West side of Sixth Avenue between West 52nd and 53rd Streets,1964,Completed,Arcade; Plaza,Percy and Harold D. Uris,Shreve Lamb Harmon Associates,Shreve Lamb Harmon Associates,Arcade 6274.00 sf; Plaza 18376.07 sf,24 Hours,None,,,Full/Partial,989783,216810,4,131,,POINT (-73.980027 40.761768),False,6 AVENUE,1301,1301,Manhattan|1301|6 AVENUE,1964,Arcade; Plaza,24 Hours,Arcade 6274.00 sf; Plaza 18376.07 sf,None,,,False,,https://data.cityofnewyork.us/City-Government/Privately-Owned-Public-Spaces-POPS-/rvih-nhyn,https://data.cityofnewyork.us/resource/rvih-nhyn.json?pops_number=M050030,2025-10-14,2026-09-20T19:28:47+00:00,e2a280e21f4fe509dc14d65f2ab6e6b93bab0d41278ad258e7ea01758a870f3f
M050031,Manhattan,51 WEST 52 STREET,CBS,1012680001,1081406,40.761227,-73.978746,M050031,Manhattan,1,5,51,WEST 52 STREET,10019,"51 WEST 52 STREET, New York, NY 10019",1268,1,East Side of Sixth Avenue between West 52nd and 53rd Streets,1965,Completed,Plaza,,Eero Saarinen/Kevin Roche John Dinkeloo and Associates,Eero Saarinen/Kevin Roche John Dinkeloo and Associates,Plaza 10731.60 sf,24 Hours,None,,,Full/Partial,990138,216613,4,104,,POINT (-73.978746 40.761227),False,WEST 52 STREET,51,51,Manhattan|51|WEST 52 STREET,1965,Plaza,24 Hours,Plaza 10731.60 sf,None,,,False,,https://data.cityofnewyork.us/City-Government/Privately-Owned-Public-Spaces-POPS-/rvih-nhyn,https://data.cityofnewyork.us/resource/rvih-nhyn.json?pops_number=M050031,2025-10-14,2026-09-20T19:28:47+00:00,e2a280e21f4fe509dc14d65f2ab6e6b93bab0d41278ad258e7ea01758a870f3f
M050032,Manhattan,10 EAST 53 STREET,HarperCollins,1012880007,1035709,40.759813,-73.975317,M050032,Manhattan,1,5,10,EAST 53 STREET,10022,"10 EAST 53 STREET, New York, NY 10022",1288,7,South side of East 53rd Street between Madison and Fifth Avenues,1971,Completed,Plaza; Through Block Arcade,Percy and Harold Uris,"Emery Roth & Sons; TPG Architects, LLP (for alteration in 2014)","Emery Roth & Sons; Thomas Balsley Associates (for alteration in 2014); TPG Architecture, LLP (2015 Design Change)",Plaza 2890.00 sf; Through Block Arcade 3723.50 sf,24 Hours; Restricted Hours,Artwork; Bicycle Parking; Climate Control; Lighting; Litter Receptacles; Other Required; Planting; Plaque/Sign; Retail Frontage; Seating; Tables; Trees on Street,"12' 5"" x 12' 8"" green screen, 2 brushed stainless steel canopies",,Full/Partial,991088,216098,4,102,,POINT (-73.975317 40.759813),False,EAST 53 STREET,10,10,Manhattan|10|EAST 53 STREET,1971,Plaza; Through Block Arcade,24 Hours; Restricted Hours,Plaza 2890.00 sf; Through Block Arcade 3723.50 sf,Artwork; Bicycle Parking; Climate Control; Lighting; Litter Receptacles; Other Required; Planting; Plaque/Sign; Retail Frontage; Seating; Tables; Trees on Street,"12' 5"" x 12' 8"" green screen, 2 brushed stainless steel canopies",,False,,https://data.cityofnewyork.us/City-Government/Privately-Owned-Public-Spaces-POPS-/rvih-nhyn,https://data.cityofnewyork.us/resource/rvih-nhyn.json?pops_number=M050032,2025-10-14,2026-09-20T19:28:47+00:00,e2a280e21f4fe509dc14d65f2ab6e6b93bab0d41278ad258e7ea01758a870f3f
M050033,Manhattan,55 EAST 52 STREET,Park Avenue Plaza,1012880027,1083869,40.759124,-73.973671,M050033,Manhattan,1,5,55,EAST 52 STREET,10055,"55 EAST 52 STREET, New York, NY 10055",1288,27,North side of East 52nd Street between Park and Madison Avenues,1979,Completed,Through Block Arcade,Fisher Brothers,"Skidmore, Owings & Merrill","Skidmore, Owings & Merrill; Janson Goldstein and Mathews Nielsen (for alteration in 2013)",Through Block Arcade 13000.00 sf,Restricted Hours,Artwork; Bicycle Parking; Climate Control; Drinking Fountain; Food Service; Lighting; Litter Receptacles; Other Required; Planting; Plaque/Sign; Restrooms; Retail Frontage; Seating; Tables; Trees within Space; Water Feature,"skylight, glass crystal detail and lighting on east wall, 8 transparent glass floor to ceiling columns",,Full/Partial,991544,215847,4,102,,POINT (-73.973671 40.759124),False,EAST 52 STREET,55,55,Manhattan|55|EAST 52 STREET,1979,Through Block Arcade,Restricted Hours,Through Block Arcade 13000.00 sf,Artwork; Bicycle Parking; Climate Control; Drinking Fountain; Food Service; Lighting; Litter Receptacles; Other Required; Planting; Plaque/Sign; Restrooms; Retail Frontage; Seating; Tables; Trees within Space; Water Feature,"skylight, glass crystal detail and lighting on east wall, 8 transparent glass floor to ceiling columns",,False,,https://data.cityofnewyork.us/City-Government/Privately-Owned-Public-Spaces-POPS-/rvih-nhyn,https://data.cityofnewyork.us/resource/rvih-nhyn.json?pops_number=M050033,2025-10-14,2026-09-20T19:28:47+00:00,e2a280e21f4fe509dc14d65f2ab6e6b93bab0d41278ad258e7ea01758a870f3f
M050034,Manhattan,345 PARK AVENUE,,1013060001,1036460,40.757754,-73.972426,M050034,Manhattan,1,5,345,PARK AVENUE,10154,"345 PARK AVENUE, New York, NY 10154",1306,1,East side of Park Avenue between East 51st and 52nd Streets,1968,Completed,Plaza,Samuel Rudin,Emery Roth & Sons,Emery Roth & Sons,Plaza 24928.00 sf,24 Hours,None,,,None,991889,215348,4,100,,POINT (-73.972426 40.757754),False,PARK AVENUE,345,345,Manhattan|345|PARK AVENUE,1968,Plaza,24 Hours,Plaza 24928.00 sf,None,,,False,,https://data.cityofnewyork.us/City-Government/Privately-Owned-Public-Spaces-POPS-/rvih-nhyn,https://data.cityofnewyork.us/resource/rvih-nhyn.json?pops_number=M050034,2025-10-14,2026-09-20T19:28:47+00:00,e2a280e21f4fe509dc14d65f2ab6e6b93bab0d41278ad258e7ea01758a870f3f
M050035,Manhattan,645 5 AVENUE,Olympic Tower,1012877501,1035481,40.759199,-73.976086,M050035,Manhattan,1,5,645,FIFTH AVENUE,10022,"645 FIFTH AVENUE, New York, NY 10022",1287,7501,Northeast corner of East 51st Street and Fifth Avenue,1974,Completed,Covered Pedestrian Space,,"Skidmore, Owings & Merrill","Skidmore, Owings & Merrill; Tudda, Scherer, Zborowski (for alteration in 1986); WPG Design Group (for alteration in 2000 and 2003); Robert Krone Architect (for alteration in 2007); Perkins Eastman (for alterations in 2013); MdeAS Architects (for 2018 mod)",Covered Pedestrian Space 8681.00 sf,Restricted Hours,Artwork; Climate Control; Elevator; Food Service; Lighting; Other Required; Planting; Plaque/Sign; Programs; Restrooms; Retail Frontage; Seating; Tables; Trees within Space; Water Feature,"public stair between ground and lower level, 41,013 sf of extra Use Group F Retail Space in the building, 507 sf museum display space on street level, informational desk, WiFi, skylight, telephones, museum shop at lower level foyer",Other Permitted,Full/Partial,990875,215874,4,102,,POINT (-73.976086 40.759199),False,5 AVENUE,645,645,Manhattan|645|5 AVENUE,1974,Covered Pedestrian Space,Restricted Hours,Covered Pedestrian Space 8681.00 sf,Artwork; Climate Control; Elevator; Food Service; Lighting; Other Required; Planting; Plaque/Sign; Programs; Restrooms; Retail Frontage; Seating; Tables; Trees within Space; Water Feature,"public stair between ground and lower level, 41,013 sf of extra Use Group F Retail Space in the building, 507 sf museum display space on street level, informational desk, WiFi, skylight, telephones, museum shop at lower level foyer",Other Permitted,False,,https://data.cityofnewyork.us/City-Government/Privately-Owned-Public-Spaces-POPS-/rvih-nhyn,https://data.cityofnewyork.us/resource/rvih-nhyn.json?pops_number=M050035,2025-10-14,2026-09-20T19:28:47+00:00,e2a280e21f4fe509dc14d65f2ab6e6b93bab0d41278ad258e7ea01758a870f3f
M050036,Manhattan,650 5 AVENUE,,1012670041,1034517,40.75977,-73.976804,M050036,Manhattan,1,5,650,FIFTH AVENUE,10019,"650 FIFTH AVENUE, New York, NY 10019",1267,41,Southwest corner of West 52nd Street and Fifth Avenue,1977,Completed,Cellar Floor Public Space; Covered Pedestrian Space,The Pahlavi Foundation,John Carl Warnecke,Michael LeClere,Cellar Floor Public Space 0.00 sf; Covered Pedestrian Space 3363.00 sf,Restricted Hours,Climate Control; Escalator; Lighting; Litter Receptacles; Other Required; Planting; Plaque/Sign; Retail Frontage; Seating; Tables; Trees within Space,"pedestrian bridge over Cellar Floor Public Space; Cellar Floor Public Space, Covered Pedestrian Space: stone and granite paving; stone and granite paving",,Full/Partial,990676,216082,4,104,,POINT (-73.976804 40.75977),False,5 AVENUE,650,650,Manhattan|650|5 AVENUE,1977,Cellar Floor Public Space; Covered Pedestrian Space,Restricted Hours,Cellar Floor Public Space 0.00 sf; Covered Pedestrian Space 3363.00 sf,Climate Control; Escalator; Lighting; Litter Receptacles; Other Required; Planting; Plaque/Sign; Retail Frontage; Seating; Tables; Trees within Space,"pedestrian bridge over Cellar Floor Public Space; Cellar Floor Public Space, Covered Pedestrian Space: stone and granite paving; stone and granite paving",,False,,https://data.cityofnewyork.us/City-Government/Privately-Owned-Public-Spaces-POPS-/rvih-nhyn,https://data.cityofnewyork.us/resource/rvih-nhyn.json?pops_number=M050036,2025-10-14,2026-09-20T19:28:47+00:00,e2a280e21f4fe509dc14d65f2ab6e6b93bab0d41278ad258e7ea01758a870f3f
M050037,Manhattan,1285 6 AVENUE,PaineWebber,1010040029,1023158,40.761165,-73.980533,M050037,Manhattan,1,5,1285,SIXTH AVENUE,10019,"1285 SIXTH AVENUE, New York, NY 10019",1004,29,Full block bounded by Sixth and Seventh Avenues and West 51st and 52nd Streets,1984,Completed,Pedestrian Circulation Space; Sidewalk Widening; Through Block Galleria; Urban Plaza,Equitable Life Assurance Society,"Skidmore, Owings & Merrill/Edward Larrabee Barnes Associates","Skidmore, Owings & Merrill/Edward Larrabee Barnes Associates",Pedestrian Circulation Space 0.00 sf; Sidewalk Widening 0.00 sf; Through Block Galleria 8185.96 sf; Urban Plaza 9944.10 sf,24 Hours; Restricted Hours,Artwork; Drinking Fountain; Escalator; Lighting; Litter Receptacles; None; Planting; Plaque/Sign; Retail Frontage; Seating; Tables; Trees on Street; Trees within Space; Water Feature,,,Full/Partial,989643,216590,4,131,,POINT (-73.980533 40.761165),False,6 AVENUE,1285,1285,Manhattan|1285|6 AVENUE,1984,Pedestrian Circulation Space; Sidewalk Widening; Through Block Galleria; Urban Plaza,24 Hours; Restricted Hours,Pedestrian Circulation Space 0.00 sf; Sidewalk Widening 0.00 sf; Through Block Galleria 8185.96 sf; Urban Plaza 9944.10 sf,Artwork; Drinking Fountain; Escalator; Lighting; Litter Receptacles; None; Planting; Plaque/Sign; Retail Frontage; Seating; Tables; Trees on Street; Trees within Space; Water Feature,,,False,,https://data.cityofnewyork.us/City-Government/Privately-Owned-Public-Spaces-POPS-/rvih-nhyn,https://data.cityofnewyork.us/resource/rvih-nhyn.json?pops_number=M050037,2025-10-14,2026-09-20T19:28:47+00:00,e2a280e21f4fe509dc14d65f2ab6e6b93bab0d41278ad258e7ea01758a870f3f
M050038,Manhattan,1633 BROADWAY,Paramount Plaza,1010220043,1024812,40.762107,-73.984702,M050038,Manhattan,1,5,1633,BROADWAY,10019,"1633 BROADWAY, New York, NY 10019",1022,43,West side of Broadway between West 50th and 51st Streets,1971,Completed,Special Permit Arcade; Special Permit Plaza; Underground Concourse,Percy & Harold Uris,Emery Roth & Sons,"Emery Roth & Sons; Thomas Balsley Associates (for alteration in 1989); Moed de Armas and Shannon, P.C. (for alteration in 2012); The Office of S. Steve Wygoda, Architects and Planners (for alteration in 2014)",Special Permit Arcade 8033.20 sf; Special Permit Plaza 23666.00 sf; Underground Concourse 6420.00 sf,24 Hours,Bicycle Parking; Lighting; Litter Receptacles; Other Required; Planting; Plaque/Sign; Retail Frontage; Seating; Subway; Tables; Trees within Space,"2 legitimate theaters (one of 1,600 to 1,800 seats and one of 350 to 650 seats)",Open Air Cafe,Full/Partial,988488,216933,3,131,,POINT (-73.984702 40.762107),False,BROADWAY,1633,1633,Manhattan|1633|BROADWAY,1971,Special Permit Arcade; Special Permit Plaza; Underground Concourse,24 Hours,Special Permit Arcade 8033.20 sf; Special Permit Plaza 23666.00 sf; Underground Concourse 6420.00 sf,Bicycle Parking; Lighting; Litter Receptacles; Other Required; Planting; Plaque/Sign; Retail Frontage; Seating; Subway; Tables; Trees within Space,"2 legitimate theaters (one of 1,600 to 1,800 seats and one of 350 to 650 seats)",Open Air Cafe,False,,https://data.cityofnewyork.us/City-Government/Privately-Owned-Public-Spaces-POPS-/rvih-nhyn,https://data.cityofnewyork.us/resource/rvih-nhyn.json?pops_number=M050038,2025-10-14,2026-09-20T19:28:47+00:00,e2a280e21f4fe509dc14d65f2ab6e6b93bab0d41278ad258e7ea01758a870f3f
M050039,Manhattan,457 MADISON AVENUE,New York Palace Hotel,1012860053,1035466,40.758249,-73.975,M050039,Manhattan,1,5,457,MADISON AVENUE,10022,"457 MADISON AVENUE, New York, NY 10022",1286,53,East side of Madison Avenue between East 50th and 51st Streets,1978,Completed,Courtyard,Harry Helmsley,"McKim, Mead & White/Emery Roth & Sons","McKim, Mead & White/Emery Roth & Sons; MDD Landscape Design (for café and public seating area in 2008)",Courtyard 5914.30 sf,24 Hours,Litter Receptacles; Other Required; Planting; Plaque/Sign; Programs; Seating; Water Feature,"through block pedestrian circulation through hotel lobby from East 50th and 51st Streets and Madison Avenue entrances, available at least Monday through Friday, 7:30 am to 9:00 pm, excluding holidays",,Full/Partial,991176,215528,4,102,,POINT (-73.975 40.758249),False,MADISON AVENUE,457,457,Manhattan|457|MADISON AVENUE,1978,Courtyard,24 Hours,Courtyard 5914.30 sf,Litter Receptacles; Other Required; Planting; Plaque/Sign; Programs; Seating; Water Feature,"through block pedestrian circulation through hotel lobby from East 50th and 51st Streets and Madison Avenue entrances, available at least Monday through Friday, 7:30 am to 9:00 pm, excluding holidays",,False,,https://data.cityofnewyork.us/City-Government/Privately-Owned-Public-Spaces-POPS-/rvih-nhyn,https://data.cityofnewyork.us/resource/rvih-nhyn.json?pops_number=M050039,2025-10-14,2026-09-20T19:28:47+00:00,e2a280e21f4fe509dc14d65f2ab6e6b93bab0d41278ad258e7ea01758a870f3f
M050040,Manhattan,560 LEXINGTON AVENUE,,1013050013,1036451,40.756859,-73.97264,M050040,Manhattan,1,5,560,LEXINGTON AVENUE,10022,"560 LEXINGTON AVENUE, New York, NY 10022",1305,13,Northwest corner of East 50th Street and Lexington Avenue,1981,Completed,Arcade; Covered Pedestrian Space; Public Access Area,Jack and Lewis Rudin,The Eggers Group,The Eggers Group; Skidmore Owings and Merrill LLP (for alteration in 2014),Arcade 2421.00 sf; Covered Pedestrian Space 3489.00 sf; Public Access Area 0.00 sf,24 Hours,Artwork; Lighting; Litter Receptacles; Planting; Plaque/Sign; Retail Frontage; Seating; Subway; Tables; Trees on Street; Trees within Space,,,Full/Partial,991830,215022,4,100,,POINT (-73.97264 40.756859),False,LEXINGTON AVENUE,560,560,Manhattan|560|LEXINGTON AVENUE,1981,Arcade; Covered Pedestrian Space; Public Access Area,24 Hours,Arcade 2421.00 sf; Covered Pedestrian Space 3489.00 sf; Public Access Area 0.00 sf,Artwork; Lighting; Litter Receptacles; Planting; Plaque/Sign; Retail Frontage; Seating; Subway; Tables; Trees on Street; Trees within Space,,,False,,https://data.cityofnewyork.us/City-Government/Privately-Owned-Public-Spaces-POPS-/rvih-nhyn,https://data.cityofnewyork.us/resource/rvih-nhyn.json?pops_number=M050040,2025-10-14,2026-09-20T19:28:47+00:00,e2a280e21f4fe509dc14d65f2ab6e6b93bab0d41278ad258e7ea01758a870f3f
M050041,Manhattan,437 MADISON AVENUE,,1012850021,1035455,40.75737,-73.975394,M050041,Manhattan,1,5,437,MADISON AVENUE,10022,"437 MADISON AVENUE, New York, NY 10022",1285,21,East side of Madison Avenue between East 49th and 50th Streets,1968,Completed,Arcade; Plaza,William Kaufman and Jack Weiler,Emery Roth & Sons,M. Paul Friedberg; MPFP LLC (for alteration in 2014),Arcade 1160.00 sf; Plaza 11385.00 sf,24 Hours,Bicycle Parking; Drinking Fountain; Lighting; Litter Receptacles; None; Planting; Plaque/Sign; Retail Frontage; Seating; Tables; Trees on Street; Trees within Space,,,Full/Partial,991067,215208,4,102,,POINT (-73.975394 40.75737),False,MADISON AVENUE,437,437,Manhattan|437|MADISON AVENUE,1968,Arcade; Plaza,24 Hours,Arcade 1160.00 sf; Plaza 11385.00 sf,Bicycle Parking; Drinking Fountain; Lighting; Litter Receptacles; None; Planting; Plaque/Sign; Retail Frontage; Seating; Tables; Trees on Street; Trees within Space,,,False,,https://data.cityofnewyork.us/City-Government/Privately-Owned-Public-Spaces-POPS-/rvih-nhyn,https://data.cityofnewyork.us/resource/rvih-nhyn.json?pops_number=M050041,2025-10-14,2026-09-20T19:28:47+00:00,e2a280e21f4fe509dc14d65f2ab6e6b93bab0d41278ad258e7ea01758a870f3f
M050042,Manhattan,1251 6 AVENUE,1251 Avenue of the Americas,1010027501,1022706,40.759971,-73.981612,M050042,Manhattan,1,5,1251,SIXTH AVENUE,10020,"1251 SIXTH AVENUE, New York, NY 10020",1002,7501,West side of Sixth Avenue between West 49th and 50th Streets,1970,Completed,Plaza,,Harrison and Abramovitz,Harrison and Abramovitz,Plaza 29819.90 sf,24 Hours,None,,,Full/Partial,989344,216155,4,125,,POINT (-73.981612 40.759971),False,6 AVENUE,1251,1251,Manhattan|1251|6 AVENUE,1970,Plaza,24 Hours,Plaza 29819.90 sf,None,,,False,,https://data.cityofnewyork.us/City-Government/Privately-Owned-Public-Spaces-POPS-/rvih-nhyn,https://data.cityofnewyork.us/resource/rvih-nhyn.json?pops_number=M050042,2025-10-14,2026-09-20T19:28:47+00:00,e2a280e21f4fe509dc14d65f2ab6e6b93bab0d41278ad258e7ea01758a870f3f
M050043,Manhattan,1221 6 AVENUE,McGraw-Hill,1010010029,1022693,40.759381,-73.982067,M050043,Manhattan,1,5,1221,SIXTH AVENUE,10036,"1221 SIXTH AVENUE, New York, NY 10036",1001,29,West side of Sixth Avenue between West 48th and 49th Streets,1971,Completed,Plaza; Sunken Plaza,Rockefeller Center Inc.,Harrison & Abramovitz & Harris,Harrison & Abramovitz & Harris; Moed de Armas & Shannon Architects (for alteration in 2015),Plaza 28613.17 sf; Sunken Plaza 0.00 sf,24 Hours,Bicycle Parking; Lighting; Litter Receptacles; Planting; Plaque/Sign; Retail Frontage; Seating; Subway; Tables; Trees within Space,,Open Air Cafe,Full/Partial,989218,215940,4,125,,POINT (-73.982067 40.759381),False,6 AVENUE,1221,1221,Manhattan|1221|6 AVENUE,1971,Plaza; Sunken Plaza,24 Hours,Plaza 28613.17 sf; Sunken Plaza 0.00 sf,Bicycle Parking; Lighting; Litter Receptacles; Planting; Plaque/Sign; Retail Frontage; Seating; Subway; Tables; Trees within Space,,Open Air Cafe,False,,https://data.cityofnewyork.us/City-Government/Privately-Owned-Public-Spaces-POPS-/rvih-nhyn,https://data.cityofnewyork.us/resource/rvih-nhyn.json?pops_number=M050043,2025-10-14,2026-09-20T19:28:47+00:00,e2a280e21f4fe509dc14d65f2ab6e6b93bab0d41278ad258e7ea01758a870f3f
M050045,Manhattan,280 PARK AVENUE,,1012840033,1035441,40.756418,-73.975094,M050045,Manhattan,1,5,280,PARK AVENUE,10017,"280 PARK AVENUE, New York, NY 10017",1284,33,West side of Park Avenue between East 48th and 49th Streets,1968,Completed,Plaza,Rose Associates,Emery Roth & Sons,Emery Roth & Sons; TSC Design (for alteration in 2009); Mathews Nielsen (for alteration in 2013),Plaza 17603.00 sf,24 Hours,Bicycle Parking; Drinking Fountain; Food Service; Lighting; Litter Receptacles; Planting; Plaque/Sign; Retail Frontage; Seating; Tables; Trees on Street; Trees within Space,,Open Air Cafe,Full/Partial,991150,214861,4,94,,POINT (-73.975094 40.756418),False,PARK AVENUE,280,280,Manhattan|280|PARK AVENUE,1968,Plaza,24 Hours,Plaza 17603.00 sf,Bicycle Parking; Drinking Fountain; Food Service; Lighting; Litter Receptacles; Planting; Plaque/Sign; Retail Frontage; Seating; Tables; Trees on Street; Trees within Space,,Open Air Cafe,False,,https://data.cityofnewyork.us/City-Government/Privately-Owned-Public-Spaces-POPS-/rvih-nhyn,https://data.cityofnewyork.us/resource/rvih-nhyn.json?pops_number=M050045,2025-10-14,2026-09-20T19:28:47+00:00,e2a280e21f4fe509dc14d65f2ab6e6b93bab0d41278ad258e7ea01758a870f3f
M050046,Manhattan,299 PARK AVENUE,Westvaco,1013030001,1036223,40.756014,-73.974138,M050046,Manhattan,1,5,299,PARK AVENUE,10171,"299 PARK AVENUE, New York, NY 10171",1303,1,East side of Park Avenue between East 48th and 49th Streets,1967,Completed,Arcade; Plaza,Park Lane Holding Corporation,Emery Roth & Sons,Emery Roth & Sons,Arcade 578.30 sf; Plaza 15313.00 sf,24 Hours,None,,,None,991415,214714,4,92,,POINT (-73.974138 40.756014),False,PARK AVENUE,299,299,Manhattan|299|PARK AVENUE,1967,Arcade; Plaza,24 Hours,Arcade 578.30 sf; Plaza 15313.00 sf,None,,,False,,https://data.cityofnewyork.us/City-Government/Privately-Owned-Public-Spaces-POPS-/rvih-nhyn,https://data.cityofnewyork.us/resource/rvih-nhyn.json?pops_number=M050046,2025-10-14,2026-09-20T19:28:47+00:00,e2a280e21f4fe509dc14d65f2ab6e6b93bab0d41278ad258e7ea01758a870f3f
M050047,Manhattan,1211 6 AVENUE,1211 Avenue of the Americas,1010000029,1022678,40.758664,-73.982399,M050047,Manhattan,1,5,1211,SIXTH AVENUE,10036,"1211 SIXTH AVENUE, New York, NY 10036",1000,29,West side of Sixth Avenue between West 47th and 48th Streets,1973,Completed,Plaza; Subway Concourse; Through Block Arcade,Rockefeller Center Inc,Harrison and Abramovitz,Harrison and Abramovitz,Plaza 21872.00 sf; Subway Concourse 0.00 sf; Through Block Arcade 5579.27 sf,24 Hours,Escalator; Lighting; None; Retail Frontage; Subway,,,Full/Partial,989126,215679,4,125,,POINT (-73.982399 40.758664),False,6 AVENUE,1211,1211,Manhattan|1211|6 AVENUE,1973,Plaza; Subway Concourse; Through Block Arcade,24 Hours,Plaza 21872.00 sf; Subway Concourse 0.00 sf; Through Block Arcade 5579.27 sf,Escalator; Lighting; None; Retail Frontage; Subway,,,False,,https://data.cityofnewyork.us/City-Government/Privately-Owned-Public-Spaces-POPS-/rvih-nhyn,https://data.cityofnewyork.us/resource/rvih-nhyn.json?pops_number=M050047,2025-10-14,2026-09-20T19:28:47+00:00,e2a280e21f4fe509dc14d65f2ab6e6b93bab0d41278ad258e7ea01758a870f3f
M050048,Manhattan,1185 6 AVENUE,Stevens Tower,1009990029,1083717,40.757899,-73.982519,M050048,Manhattan,1,5,1185,SIXTH AVENUE,10036,"1185 SIXTH AVENUE, New York, NY 10036",999,29,Full blockfront on west side Sixth Avenue between  West 46th and 47th Streets,1970,Completed,Basement Concourse; Landscaped Pedestrian Plaza; Special Permit Plaza,Fisher Brothers,Emery Roth & Sons,Emery Roth & Sons,Basement Concourse 0.00 sf; Landscaped Pedestrian Plaza 9991.29 sf; Special Permit Plaza 6138.08 sf,24 Hours,Escalator; Food Service; Lighting; Other Required; Planting; Seating; Subway; Tables; Trees within Space; Water Feature,legitimate theater of 300 to 450 seats below grade and accessed from the Landscaped Pedestrian Plaza,,None,989093,215400,4,125,,POINT (-73.982519 40.757899),False,6 AVENUE,1185,1185,Manhattan|1185|6 AVENUE,1970,Basement Concourse; Landscaped Pedestrian Plaza; Special Permit Plaza,24 Hours,Basement Concourse 0.00 sf; Landscaped Pedestrian Plaza 9991.29 sf; Special Permit Plaza 6138.08 sf,Escalator; Food Service; Lighting; Other Required; Planting; Seating; Subway; Tables; Trees within Space; Water Feature,legitimate theater of 300 to 450 seats below grade and accessed from the Landscaped Pedestrian Plaza,,False,,https://data.cityofnewyork.us/City-Government/Privately-Owned-Public-Spaces-POPS-/rvih-nhyn,https://data.cityofnewyork.us/resource/rvih-nhyn.json?pops_number=M050048,2025-10-14,2026-09-20T19:28:47+00:00,e2a280e21f4fe509dc14d65f2ab6e6b93bab0d41278ad258e7ea01758a870f3f
M050049,Manhattan,575 5 AVENUE,,1012827501,1035407,40.756268,-73.978242,M050049,Manhattan,1,5,575,FIFTH AVENUE,10017,"575 FIFTH AVENUE, New York, NY 10017",1282,7501,Southeast corner of East 47th Street and Fifth Avenue,1983,Completed,Covered Pedestrian Space,575 Fifth Associates,Emery Roth & Sons,Emery Roth & Sons; Gensler and Moed de Armas & Shannon Architects (for alteration in 2007),Covered Pedestrian Space 3442.00 sf,Restricted Hours,Artwork; Climate Control; Drinking Fountain; Food Service; Lighting; Planting; Plaque/Sign; Restrooms; Retail Frontage; Seating; Tables,,Other Permitted,Full/Partial,990278,214806,4,94,,POINT (-73.978242 40.756268),False,5 AVENUE,575,575,Manhattan|575|5 AVENUE,1983,Covered Pedestrian Space,Restricted Hours,Covered Pedestrian Space 3442.00 sf,Artwork; Climate Control; Drinking Fountain; Food Service; Lighting; Planting; Plaque/Sign; Restrooms; Retail Frontage; Seating; Tables,,Other Permitted,False,,https://data.cityofnewyork.us/City-Government/Privately-Owned-Public-Spaces-POPS-/rvih-nhyn,https://data.cityofnewyork.us/resource/rvih-nhyn.json?pops_number=M050049,2025-10-14,2026-09-20T19:28:47+00:00,e2a280e21f4fe509dc14d65f2ab6e6b93bab0d41278ad258e7ea01758a870f3f
M050050,Manhattan,245 PARK AVENUE,,1013010001,1036205,40.754626,-73.974723,M050050,Manhattan,1,5,245,PARK AVENUE,10167,"245 PARK AVENUE, New York, NY 10167",1301,1,Full block bounded by Lexington and Park Avenues and East 46th and 47th Streets,1966,Completed,Arcade; Plaza,Percy and Harold Uris,"Shreve, Lamb & Harmon","Shreve, Lamb & Harmon; Moed de Armas & Shannon Architects (for alteration in 2002 and 2008)",Arcade 10401.75 sf; Plaza 19137.80 sf,24 Hours,Bicycle Parking; Lighting; Litter Receptacles; None; Planting; Plaque/Sign; Seating; Tables,,,Full/Partial,991253,214208,4,92,,POINT (-73.974723 40.754626),False,PARK AVENUE,245,245,Manhattan|245|PARK AVENUE,1966,Arcade; Plaza,24 Hours,Arcade 10401.75 sf; Plaza 19137.80 sf,Bicycle Parking; Lighting; Litter Receptacles; None; Planting; Plaque/Sign; Seating; Tables,,,False,,https://data.cityofnewyork.us/City-Government/Privately-Owned-Public-Spaces-POPS-/rvih-nhyn,https://data.cityofnewyork.us/resource/rvih-nhyn.json?pops_number=M050050,2025-10-14,2026-09-20T19:28:47+00:00,e2a280e21f4fe509dc14d65f2ab6e6b93bab0d41278ad258e7ea01758a870f3f
M050051,Manhattan,10 EAST 29 STREET,Madison Belvedere,1008580008,1087326,40.744642,-73.986214,M050051,Manhattan,1,5,10,EAST 29 STREET,10016,"10 EAST 29 STREET, New York, NY 10016",858,8,South side of East 29th Street between Madison and Fifth Avenues,1998,Completed,Residential Plaza,Rose Associates,Schuman Lichtenstein Claman Efron,Thomas Balsley Associates,Residential Plaza 12699.00 sf,Restricted Hours,Bicycle Parking; Drinking Fountain; Lighting; Litter Receptacles; Other Required; Planting; Plaque/Sign; Seating; Tables; Trees on Street; Trees within Space,Primary Space: steel pipe colored landscape feature,,Full/Partial,988070,210570,2,74,,POINT (-73.986214 40.744642),False,EAST 29 STREET,10,10,Manhattan|10|EAST 29 STREET,1998,Residential Plaza,Restricted Hours,Residential Plaza 12699.00 sf,Bicycle Parking; Drinking Fountain; Lighting; Litter Receptacles; Other Required; Planting; Plaque/Sign; Seating; Tables; Trees on Street; Trees within Space,Primary Space: steel pipe colored landscape feature,,False,,https://data.cityofnewyork.us/City-Government/Privately-Owned-Public-Spaces-POPS-/rvih-nhyn,https://data.cityofnewyork.us/resource/rvih-nhyn.json?pops_number=M050051,2025-10-14,2026-09-20T19:28:47+00:00,e2a280e21f4fe509dc14d65f2ab6e6b93bab0d41278ad258e7ea01758a870f3f
M050052,Manhattan,1166 6 AVENUE,,1012617501,1071414,40.75682,-73.981851,M050052,Manhattan,1,5,1166,SIXTH AVENUE,10036,"1166 SIXTH AVENUE, New York, NY 10036",1261,7501,East side of Sixth Avenue between West 45th and 46th Streets,1972,Completed,Arcade; Plaza; Through Block Plaza,Tishman Realty,Skidmore Owings & Merrill,Skidmore Owings & Merrill; Kliment & Halsband (for alteration in 1989); William Fellows Architect (for alteration in 2000 and 2003),Arcade 4750.00 sf; Plaza 5759.50 sf; Through Block Plaza 17035.00 sf,24 Hours; Restricted Hours,Artwork; Bicycle Parking; Drinking Fountain; Lighting; Litter Receptacles; Other Required; Planting; Plaque/Sign; Seating; Tables; Trees on Street; Trees within Space; Water Feature,florist or food concession adjacent to the Through Block Plaza,,Full/Partial,989278,215007,4,96,,POINT (-73.981851 40.75682),False,6 AVENUE,1166,1166,Manhattan|1166|6 AVENUE,1972,Arcade; Plaza; Through Block Plaza,24 Hours; Restricted Hours,Arcade 4750.00 sf; Plaza 5759.50 sf; Through Block Plaza 17035.00 sf,Artwork; Bicycle Parking; Drinking Fountain; Lighting; Litter Receptacles; Other Required; Planting; Plaque/Sign; Seating; Tables; Trees on Street; Trees within Space; Water Feature,florist or food concession adjacent to the Through Block Plaza,,False,,https://data.cityofnewyork.us/City-Government/Privately-Owned-Public-Spaces-POPS-/rvih-nhyn,https://data.cityofnewyork.us/resource/rvih-nhyn.json?pops_number=M050052,2025-10-14,2026-09-20T19:28:47+00:00,e2a280e21f4fe509dc14d65f2ab6e6b93bab0d41278ad258e7ea01758a870f3f
M050053,Manhattan,1515 BROADWAY,One Astor Place,1010160036,1024714,40.757929,-73.986439,M050053,Manhattan,1,5,1515,BROADWAY,10036,"1515 BROADWAY, New York, NY 10036",1016,36,Full blockfront on west side of Broadway between West 44th and 45th Streets,1971,Completed,Pedestrian Thoroughfare; Shubert Alley,Samuel Minskoff & Sons,Kahn and Jacobs,Kahn and Jacobs,Pedestrian Thoroughfare 0.00 sf; Shubert Alley 0.00 sf,24 Hours,None,,,Full/Partial,988007,215411,3,119,,POINT (-73.986439 40.757929),False,BROADWAY,1515,1515,Manhattan|1515|BROADWAY,1971,Pedestrian Thoroughfare; Shubert Alley,24 Hours,Pedestrian Thoroughfare 0.00 sf; Shubert Alley 0.00 sf,None,,,False,,https://data.cityofnewyork.us/City-Government/Privately-Owned-Public-Spaces-POPS-/rvih-nhyn,https://data.cityofnewyork.us/resource/rvih-nhyn.json?pops_number=M050053,2025-10-14,2026-09-20T19:28:47+00:00,e2a280e21f4fe509dc14d65f2ab6e6b93bab0d41278ad258e7ea01758a870f3f
M050054,Manhattan,1155 6 AVENUE,,1009970029,1022631,40.756672,-73.98336,M050054,Manhattan,1,5,1155,SIXTH AVENUE,10036,"1155 SIXTH AVENUE, New York, NY 10036",997,29,Full blockfront on west side of Sixth Avenue between West 44th and 45th Streets,1983,Completed,Arcade; Sidewalk Widening; Urban Plaza,Durst Building Corporation,Emery Roth & Sons,Emery Roth & Sons; Thomas Balsley Associates; Fox & Fowle Architects (for alteration in 2003); STUDIOS Architecture (for 2016 design change),Arcade 1460.00 sf; Sidewalk Widening 3714.00 sf; Urban Plaza 4258.00 sf,24 Hours,Bicycle Parking; Drinking Fountain; Lighting; Litter Receptacles; None; Planting; Plaque/Sign; Retail Frontage; Seating; Trees on Street; Trees within Space,,,Full/Partial,988860,214953,4,119,,POINT (-73.98336 40.756672),False,6 AVENUE,1155,1155,Manhattan|1155|6 AVENUE,1983,Arcade; Sidewalk Widening; Urban Plaza,24 Hours,Arcade 1460.00 sf; Sidewalk Widening 3714.00 sf; Urban Plaza 4258.00 sf,Bicycle Parking; Drinking Fountain; Lighting; Litter Receptacles; None; Planting; Plaque/Sign; Retail Frontage; Seating; Trees on Street; Trees within Space,,,False,,https://data.cityofnewyork.us/City-Government/Privately-Owned-Public-Spaces-POPS-/rvih-nhyn,https://data.cityofnewyork.us/resource/rvih-nhyn.json?pops_number=M050054,2025-10-14,2026-09-20T19:28:47+00:00,e2a280e21f4fe509dc14d65f2ab6e6b93bab0d41278ad258e7ea01758a870f3f
M050055,Manhattan,1133 6 AVENUE,,1009960029,1080824,40.756057,-73.983866,M050055,Manhattan,1,5,1133,SIXTH AVENUE,10036,"1133 SIXTH AVENUE, New York, NY 10036",996,29,Full blockfront on west side of Sixth Avenue between West 43rd and 44th Streets,1969,Completed,Plaza,The Durst Organization,Emery Roth & Sons,Emery Roth & Sons; Gensler (2014 Cafe + Design Change),Plaza 5177.00 sf,24 Hours,Litter Receptacles; Planting; Plaque/Sign; Seating,,,Full/Partial,988720,214729,4,119,,POINT (-73.983866 40.756057),False,6 AVENUE,1133,1133,Manhattan|1133|6 AVENUE,1969,Plaza,24 Hours,Plaza 5177.00 sf,Litter Receptacles; Planting; Plaque/Sign; Seating,,,False,,https://data.cityofnewyork.us/City-Government/Privately-Owned-Public-Spaces-POPS-/rvih-nhyn,https://data.cityofnewyork.us/resource/rvih-nhyn.json?pops_number=M050055,2025-10-14,2026-09-20T19:28:47+00:00,e2a280e21f4fe509dc14d65f2ab6e6b93bab0d41278ad258e7ea01758a870f3f
M050057,Manhattan,1114 6 AVENUE,Grace,1012580009,1034196,40.754825,-73.982848,M050057,Manhattan,1,5,1114,SIXTH AVENUE,10036,"1114 SIXTH AVENUE, New York, NY 10036",1258,9,Southeast corner of Sixth Avenue and West 43rd Streets,1971,Completed,Arcade; Plaza,Robert Arnow,"Skidmore, Owings & Merrill","Skidmore, Owings & Merrill; Moed de Armas and Shannon (for alteration in 2010)",Arcade 3710.00 sf; Plaza 19659.59 sf,24 Hours,Bicycle Parking; Drinking Fountain; Lighting; Litter Receptacles; None; Planting; Plaque/Sign; Retail Frontage; Seating; Tables; Trees within Space,,Open Air Cafe,Full/Partial,989002,214280,4,96,,POINT (-73.982848 40.754825),False,6 AVENUE,1114,1114,Manhattan|1114|6 AVENUE,1971,Arcade; Plaza,24 Hours,Arcade 3710.00 sf; Plaza 19659.59 sf,Bicycle Parking; Drinking Fountain; Lighting; Litter Receptacles; None; Planting; Plaque/Sign; Retail Frontage; Seating; Tables; Trees within Space,,Open Air Cafe,False,,https://data.cityofnewyork.us/City-Government/Privately-Owned-Public-Spaces-POPS-/rvih-nhyn,https://data.cityofnewyork.us/resource/rvih-nhyn.json?pops_number=M050057,2025-10-14,2026-09-20T19:28:47+00:00,e2a280e21f4fe509dc14d65f2ab6e6b93bab0d41278ad258e7ea01758a870f3f
M050058,Manhattan,6 EAST 43 STREET,Emigrant Savings Bank,1012770008,1035347,40.753507,-73.979798,M050058,Manhattan,1,5,6,EAST 43 STREET,10017,"6 EAST 43 STREET, New York, NY 10017",1277,8,South side of East 43rd Street between Madison and Fifth Avenues,1968,Completed,Plaza,Fisher Brothers,Emery Roth & Sons,Emery Roth & Sons,Plaza 1524.96 sf,24 Hours,None,,,Full/Partial,989847,213800,4,94,,POINT (-73.979798 40.753507),False,EAST 43 STREET,6,6,Manhattan|6|EAST 43 STREET,1968,Plaza,24 Hours,Plaza 1524.96 sf,None,,,False,,https://data.cityofnewyork.us/City-Government/Privately-Owned-Public-Spaces-POPS-/rvih-nhyn,https://data.cityofnewyork.us/resource/rvih-nhyn.json?pops_number=M050058,2025-10-14,2026-09-20T19:28:47+00:00,e2a280e21f4fe509dc14d65f2ab6e6b93bab0d41278ad258e7ea01758a870f3f
M050059,Manhattan,120 PARK AVENUE,Philip Morris,1012760033,1035334,40.751928,-73.978305,M050059,Manhattan,1,5,120,PARK AVENUE,10017,"120 PARK AVENUE, New York, NY 10017",1276,33,Southwest corner of East 42nd Street and Park Avenue,1982,Completed,Arcade; Covered Pedestrian Space,"Philip Morris Company, Inc.",Ulrich Franzen,Ulrich Franzen,Arcade 4081.00 sf; Covered Pedestrian Space 5102.50 sf,24 Hours; Restricted Hours,Artwork; Climate Control; Escalator; Food Service; Lighting; Other Required; Planting; Plaque/Sign; Programs; Restrooms; Retail Frontage; Seating; Subway; Tables; Trees within Space,special exhibition area adjacent to Covered Pedestrian Space used by Whitney Museum of American Art with changing exhibits about six times a year,,Full/Partial,990261,213225,4,82,,POINT (-73.978305 40.751928),False,PARK AVENUE,120,120,Manhattan|120|PARK AVENUE,1982,Arcade; Covered Pedestrian Space,24 Hours; Restricted Hours,Arcade 4081.00 sf; Covered Pedestrian Space 5102.50 sf,Artwork; Climate Control; Escalator; Food Service; Lighting; Other Required; Planting; Plaque/Sign; Programs; Restrooms; Retail Frontage; Seating; Subway; Tables; Trees within Space,special exhibition area adjacent to Covered Pedestrian Space used by Whitney Museum of American Art with changing exhibits about six times a year,,False,,https://data.cityofnewyork.us/City-Government/Privately-Owned-Public-Spaces-POPS-/rvih-nhyn,https://data.cityofnewyork.us/resource/rvih-nhyn.json?pops_number=M050059,2025-10-14,2026-09-20T19:28:47+00:00,e2a280e21f4fe509dc14d65f2ab6e6b93bab0d41278ad258e7ea01758a870f3f
M050060,Manhattan,1095 6 AVENUE,Bell Atlantic,1009947501,1087119,40.754754,-73.985006,M050060,Manhattan,1,5,1095,SIXTH AVENUE,10036,"1095 SIXTH AVENUE, New York, NY 10036",994,7501,Full blockfront on west side of Sixth Avenue between West 41st and 42nd Streets,1971,Completed,Special Permit Plaza; Subway Concourse,New York Telephone Co.,Kahn and Jacobs,Kahn and Jacobs; Bonsignore Brignati & Mazzotta (for alteration in 1989); Moed de Armas & Shannon (for alteration in 2010),Special Permit Plaza 17034.18 sf; Subway Concourse 0.00 sf,24 Hours,Artwork; Bicycle Parking; Drinking Fountain; Lighting; Litter Receptacles; Planting; Plaque/Sign; Programs; Seating; Subway; Tables; Trees on Street; Trees within Space,,,Full/Partial,988404,214254,4,113,,POINT (-73.985006 40.754754),False,6 AVENUE,1095,1095,Manhattan|1095|6 AVENUE,1971,Special Permit Plaza; Subway Concourse,24 Hours,Special Permit Plaza 17034.18 sf; Subway Concourse 0.00 sf,Artwork; Bicycle Parking; Drinking Fountain; Lighting; Litter Receptacles; Planting; Plaque/Sign; Programs; Seating; Subway; Tables; Trees on Street; Trees within Space,,,False,,https://data.cityofnewyork.us/City-Government/Privately-Owned-Public-Spaces-POPS-/rvih-nhyn,https://data.cityofnewyork.us/resource/rvih-nhyn.json?pops_number=M050060,2025-10-14,2026-09-20T19:28:47+00:00,e2a280e21f4fe509dc14d65f2ab6e6b93bab0d41278ad258e7ea01758a870f3f
M050061,Manhattan,101 PARK AVENUE,,1012950001,1036144,40.750874,-73.977756,M050061,Manhattan,1,5,101,PARK AVENUE,10178,"101 PARK AVENUE, New York, NY 10178",1295,1,Full blockfront on the east side of Park Avenue between East 40th and 41st Streets,1983,Completed,Arcade; Sidewalk Widening; Urban Plaza,Kalikow & Co,Eli Attia,Eli Attia,Arcade 855.00 sf; Sidewalk Widening 1722.43 sf; Urban Plaza 13874.00 sf,24 Hours,Artwork; Lighting; Litter Receptacles; Plaque/Sign; Retail Frontage; Seating; Trees on Street; Trees within Space; Water Feature,,,Full/Partial,990413,212841,4,80,,POINT (-73.977756 40.750874),False,PARK AVENUE,101,101,Manhattan|101|PARK AVENUE,1983,Arcade; Sidewalk Widening; Urban Plaza,24 Hours,Arcade 855.00 sf; Sidewalk Widening 1722.43 sf; Urban Plaza 13874.00 sf,Artwork; Lighting; Litter Receptacles; Plaque/Sign; Retail Frontage; Seating; Trees on Street; Trees within Space; Water Feature,,,False,,https://data.cityofnewyork.us/City-Government/Privately-Owned-Public-Spaces-POPS-/rvih-nhyn,https://data.cityofnewyork.us/resource/rvih-nhyn.json?pops_number=M050061,2025-10-14,2026-09-20T19:28:47+00:00,e2a280e21f4fe509dc14d65f2ab6e6b93bab0d41278ad258e7ea01758a870f3f
M050062,Manhattan,445 5 AVENUE,Fifth Avenue Tower,1008697501,1017603,40.751588,-73.981752,M050062,Manhattan,1,5,445,FIFTH AVENUE,10016,"445 FIFTH AVENUE, New York, NY 10016",869,7501,Northeast corner of East 39th Street and  Fifth Avenue,1985,Completed,Urban Plaza,,Emery Roth & Sons,Weintraub & di Domenico,Urban Plaza 2263.00 sf,24 Hours,Lighting; Litter Receptacles; Other Required; Planting; Plaque/Sign; Retail Frontage; Seating; Trees on Street; Trees within Space; Water Feature,colonnade,,Full/Partial,989306,213101,4,82,,POINT (-73.981752 40.751588),False,5 AVENUE,445,445,Manhattan|445|5 AVENUE,1985,Urban Plaza,24 Hours,Urban Plaza 2263.00 sf,Lighting; Litter Receptacles; Other Required; Planting; Plaque/Sign; Retail Frontage; Seating; Trees on Street; Trees within Space; Water Feature,colonnade,,False,,https://data.cityofnewyork.us/City-Government/Privately-Owned-Public-Spaces-POPS-/rvih-nhyn,https://data.cityofnewyork.us/resource/rvih-nhyn.json?pops_number=M050062,2025-10-14,2026-09-20T19:28:47+00:00,e2a280e21f4fe509dc14d65f2ab6e6b93bab0d41278ad258e7ea01758a870f3f
M050063,Manhattan,1411 BROADWAY,World Apparel Center,1008150001,1015275,40.754194,-73.987566,M050063,Manhattan,1,5,1411,BROADWAY,10018,"1411 BROADWAY, New York, NY 10018",815,1,Full block bounded by Broadway and Seventh Avenue and West 39th and 40th Streets,1968,Completed,Arcade; Plaza,Keystone Associates,Irwin Chanin,Irwin Chanin; Moed de Armas & Shannon Architects (for alteration in 2014),Arcade 1119.00 sf; Plaza 14851.00 sf,24 Hours,Artwork; Bicycle Parking; Drinking Fountain; Lighting; Litter Receptacles; Planting; Plaque/Sign; Retail Frontage; Seating; Tables; Trees on Street; Trees within Space,,,Full/Partial,987695,214050,3,113,,POINT (-73.987566 40.754194),False,BROADWAY,1411,1411,Manhattan|1411|BROADWAY,1968,Arcade; Plaza,24 Hours,Arcade 1119.00 sf; Plaza 14851.00 sf,Artwork; Bicycle Parking; Drinking Fountain; Lighting; Litter Receptacles; Planting; Plaque/Sign; Retail Frontage; Seating; Tables; Trees on Street; Trees within Space,,,False,,https://data.cityofnewyork.us/City-Government/Privately-Owned-Public-Spaces-POPS-/rvih-nhyn,https://data.cityofnewyork.us/resource/rvih-nhyn.json?pops_number=M050063,2025-10-14,2026-09-20T19:28:47+00:00,e2a280e21f4fe509dc14d65f2ab6e6b93bab0d41278ad258e7ea01758a870f3f
M050064,Manhattan,1 PENNSYLVANIA PLAZA,One Penn Plaza,1007830070,1014387,40.751263,-73.992374,M050064,Manhattan,1,5,1,PENNSYLVANIA PLAZA,10119,"1 PENNSYLVANIA PLAZA, New York, NY 10119",783,70,Full block between Seventh and Eighth Avenues and West 33rd and 34th Streets,1972,Completed,Arcade; Plaza,Harry Helmsley & Larry Wien,Kahn and Jacobs,Kahn and Jacobs; Thomas Balsley Associates (for alteration in 2007); Zurita Architects (for alteration in 2010),Arcade 3822.00 sf; Plaza 50095.50 sf,24 Hours,Artwork; Bicycle Parking; Drinking Fountain; Lighting; Litter Receptacles; Plaque/Sign; Retail Frontage; Seating; Tables; Trees within Space,,,Full/Partial,986363,212982,3,101,,POINT (-73.992374 40.751263),False,PENNSYLVANIA PLAZA,1,1,Manhattan|1|PENNSYLVANIA PLAZA,1972,Arcade; Plaza,24 Hours,Arcade 3822.00 sf; Plaza 50095.50 sf,Artwork; Bicycle Parking; Drinking Fountain; Lighting; Litter Receptacles; Plaque/Sign; Retail Frontage; Seating; Tables; Trees within Space,,,False,,https://data.cityofnewyork.us/City-Government/Privately-Owned-Public-Spaces-POPS-/rvih-nhyn,https://data.cityofnewyork.us/resource/rvih-nhyn.json?pops_number=M050064,2025-10-14,2026-09-20T19:28:47+00:00,e2a280e21f4fe509dc14d65f2ab6e6b93bab0d41278ad258e7ea01758a870f3f
M050065,Manhattan,3 PARK AVENUE,Three Park Avenue,1008897501,1087537,40.746511,-73.981075,M050065,Manhattan,1,5,3,PARK AVENUE,10016,"3 PARK AVENUE, New York, NY 10016",889,7501,Full blockfront on east side of Park Avenue between East 33rd and 34th Streets,1974,Completed,Arcade; Plaza,,Shreve Lamb & Harmon,Shreve Lamb & Harmon,Arcade 2761.00 sf; Plaza 8862.00 sf,24 Hours,None,,,Full/Partial,989494,211251,4,72,,POINT (-73.981075 40.746511),False,PARK AVENUE,3,3,Manhattan|3|PARK AVENUE,1974,Arcade; Plaza,24 Hours,Arcade 2761.00 sf; Plaza 8862.00 sf,None,,,False,,https://data.cityofnewyork.us/City-Government/Privately-Owned-Public-Spaces-POPS-/rvih-nhyn,https://data.cityofnewyork.us/resource/rvih-nhyn.json?pops_number=M050065,2025-10-14,2026-09-20T19:28:47+00:00,e2a280e21f4fe509dc14d65f2ab6e6b93bab0d41278ad258e7ea01758a870f3f
M050066,Manhattan,475 PARK AVENUE SOUTH,,1008870095,1018471,40.745402,-73.982089,M050066,Manhattan,1,5,475,PARK AVENUE SOUTH,10016,"475 PARK AVENUE SOUTH, New York, NY 10016",887,95,Southeast corner of East 32nd Street and Park Avenue South,1969,Completed,Arcade; Plaza,Cohen Brothers Realty Corp.,"Shreve, Lamb & Harmon","Shreve, Lamb & Harmon",Arcade 1542.75 sf; Plaza 6424.50 sf,24 Hours,None,,,Full/Partial,989213,210847,2,72,,POINT (-73.982089 40.745402),False,PARK AVENUE SOUTH,475,475,Manhattan|475|PARK AVENUE SOUTH,1969,Arcade; Plaza,24 Hours,Arcade 1542.75 sf; Plaza 6424.50 sf,None,,,False,,https://data.cityofnewyork.us/City-Government/Privately-Owned-Public-Spaces-POPS-/rvih-nhyn,https://data.cityofnewyork.us/resource/rvih-nhyn.json?pops_number=M050066,2025-10-14,2026-09-20T19:28:47+00:00,e2a280e21f4fe509dc14d65f2ab6e6b93bab0d41278ad258e7ea01758a870f3f
M050067,Manhattan,1250 BROADWAY,,1008330011,1015805,40.747774,-73.987874,M050067,Manhattan,1,5,1250,BROADWAY,10001,"1250 BROADWAY, New York, NY 10001",833,11,Full blockfront on the east side of Broadway between West 31st and 32nd Streets,1968,Completed,Arcade; Plaza,"Louis Cooper, Jerry Bregstein","Shreve, Lamb & Harmon","Shreve, Lamb & Harmon",Arcade 1035.72 sf; Plaza 8562.55 sf,24 Hours,Bicycle Parking; Drinking Fountain; Lighting; Litter Receptacles; None; Planting; Plaque/Sign; Retail Frontage; Seating; Trees on Street; Trees within Space,,,Full/Partial,987610,211711,3,76,,POINT (-73.987874 40.747774),False,BROADWAY,1250,1250,Manhattan|1250|BROADWAY,1968,Arcade; Plaza,24 Hours,Arcade 1035.72 sf; Plaza 8562.55 sf,Bicycle Parking; Drinking Fountain; Lighting; Litter Receptacles; None; Planting; Plaque/Sign; Retail Frontage; Seating; Trees on Street; Trees within Space,,,False,,https://data.cityofnewyork.us/City-Government/Privately-Owned-Public-Spaces-POPS-/rvih-nhyn,https://data.cityofnewyork.us/resource/rvih-nhyn.json?pops_number=M050067,2025-10-14,2026-09-20T19:28:47+00:00,e2a280e21f4fe509dc14d65f2ab6e6b93bab0d41278ad258e7ea01758a870f3f
M050068,Manhattan,2 PENNSYLVANIA PLAZA,Two Penn Plaza/Madison Square Garden,1007810002,1083026,40.749981,-73.992132,M050068,Manhattan,1,5,2,PENNSYLVANIA PLAZA,10121,"2 PENNSYLVANIA PLAZA, New York, NY 10121",781,2,Full blocks between Seventh and Eighth Avenues and West 31st and 33rd Streets,1967,Completed,Plaza (C6-2); Plaza (C6-4),"Tishman Realty & Construction Co.,  Inc.",Charles Luckman,Charles Luckman,Plaza (C6-2) 18124.40 sf; Plaza (C6-4) 0.00 sf,24 Hours,None,,,Full/Partial,986430,212515,3,101,,POINT (-73.992132 40.749981),False,PENNSYLVANIA PLAZA,2,2,Manhattan|2|PENNSYLVANIA PLAZA,1967,Plaza (C6-2); Plaza (C6-4),24 Hours,Plaza (C6-2) 18124.40 sf; Plaza (C6-4) 0.00 sf,None,,,False,,https://data.cityofnewyork.us/City-Government/Privately-Owned-Public-Spaces-POPS-/rvih-nhyn,https://data.cityofnewyork.us/resource/rvih-nhyn.json?pops_number=M050068,2025-10-14,2026-09-20T19:28:47+00:00,e2a280e21f4fe509dc14d65f2ab6e6b93bab0d41278ad258e7ea01758a870f3f
M050069,Manhattan,41 MADISON AVENUE,New York Merchandise Mart,1008550037,1016749,40.742383,-73.986269,M050069,Manhattan,1,5,41,MADISON AVENUE,10010,"41 MADISON AVENUE, New York, NY 10010",855,37,Southeast corner of East 26th Street and Madison Avenue,1972,Completed,Arcade; Plaza,Samuel Rudin,Emery Roth & Sons,Emery Roth & Sons; Fox and Fowle Architects (for alteration in 2002),Arcade 571.95 sf; Plaza 4785.00 sf,24 Hours,Lighting; Litter Receptacles; Planting; Plaque/Sign; Seating,,,Full/Partial,988055,209747,2,56,,POINT (-73.986269 40.742383),False,MADISON AVENUE,41,41,Manhattan|41|MADISON AVENUE,1972,Arcade; Plaza,24 Hours,Arcade 571.95 sf; Plaza 4785.00 sf,Lighting; Litter Receptacles; Planting; Plaque/Sign; Seating,,,False,,https://data.cityofnewyork.us/City-Government/Privately-Owned-Public-Spaces-POPS-/rvih-nhyn,https://data.cityofnewyork.us/resource/rvih-nhyn.json?pops_number=M050069,2025-10-14,2026-09-20T19:28:47+00:00,e2a280e21f4fe509dc14d65f2ab6e6b93bab0d41278ad258e7ea01758a870f3f
M050070,Manhattan,5 EAST 22 STREET,Madison Green,1008517501,1016304,40.740794,-73.988889,M050070,Manhattan,1,5,5,EAST 22 STREET,10010,"5 EAST 22 STREET, New York, NY 10010",851,7501,Full blockfront on east side of Broadway between East 22nd and 23rd Streets,1983,Completed,Residential Plaza,,Philip Birnbaum,David Spector,Residential Plaza 13142.53 sf,Restricted Hours,Artwork; Bicycle Parking; Drinking Fountain; Lighting; Litter Receptacles; Planting; Plaque/Sign; Seating; Trees on Street; Trees within Space,,,Full/Partial,987329,209168,2,56,,POINT (-73.988889 40.740794),False,EAST 22 STREET,5,5,Manhattan|5|EAST 22 STREET,1983,Residential Plaza,Restricted Hours,Residential Plaza 13142.53 sf,Artwork; Bicycle Parking; Drinking Fountain; Lighting; Litter Receptacles; Planting; Plaque/Sign; Seating; Trees on Street; Trees within Space,,,False,,https://data.cityofnewyork.us/City-Government/Privately-Owned-Public-Spaces-POPS-/rvih-nhyn,https://data.cityofnewyork.us/resource/rvih-nhyn.json?pops_number=M050070,2025-10-14,2026-09-20T19:28:47+00:00,e2a280e21f4fe509dc14d65f2ab6e6b93bab0d41278ad258e7ea01758a870f3f
M050071,Manhattan,108 5 AVENUE,,1008177501,1015318,40.737289,-73.993043,M050071,Manhattan,1,5,108,FIFTH AVENUE,10011,"108 FIFTH AVENUE, New York, NY 10011",817,7501,Southwest corner of West 16th Street Fifth Avenue,1986,Completed,Residential Plaza,,Rothzeid Kaiserman Thomason & Bee,Stamatios P. Lykos & Associates,Residential Plaza 1979.00 sf,24 Hours,Artwork; Bicycle Parking; Drinking Fountain; Lighting; Litter Receptacles; Planting; Plaque/Sign; Retail Frontage; Seating; Trees on Street; Trees within Space; Water Feature,,,Full/Partial,986178,207891,3,54,,POINT (-73.993043 40.737289),False,5 AVENUE,108,108,Manhattan|108|5 AVENUE,1986,Residential Plaza,24 Hours,Residential Plaza 1979.00 sf,Artwork; Bicycle Parking; Drinking Fountain; Lighting; Litter Receptacles; Planting; Plaque/Sign; Retail Frontage; Seating; Trees on Street; Trees within Space; Water Feature,,,False,,https://data.cityofnewyork.us/City-Government/Privately-Owned-Public-Spaces-POPS-/rvih-nhyn,https://data.cityofnewyork.us/resource/rvih-nhyn.json?pops_number=M050071,2025-10-14,2026-09-20T19:28:47+00:00,e2a280e21f4fe509dc14d65f2ab6e6b93bab0d41278ad258e7ea01758a870f3f
M050072,Manhattan,50 LEXINGTON AVENUE,,1008800019,1018071,40.740536,-73.984335,M050072,Manhattan,1,5,50,LEXINGTON AVENUE,10010,"50 LEXINGTON AVENUE, New York, NY 10010",880,19,Northwest corner of East 24th Street and Lexington Avenue,1987,Completed,Public Access Areas; Residential Plaza,,Weschler Grasso Menziuso,"Weschler Grasso Menziuso; Armand Le Gardeur, Architect (for alteration in 2012)",Public Access Areas 4304.50 sf; Residential Plaza 0.00 sf,24 Hours,Bicycle Parking; Drinking Fountain; Lighting; Litter Receptacles; Other Required; Planting; Plaque/Sign; Seating; Trees on Street; Trees within Space,Primary Space: 157 sf entry pavilion,,Full/Partial,988591,209074,2,68,,POINT (-73.984335 40.740536),False,LEXINGTON AVENUE,50,50,Manhattan|50|LEXINGTON AVENUE,1987,Public Access Areas; Residential Plaza,24 Hours,Public Access Areas 4304.50 sf; Residential Plaza 0.00 sf,Bicycle Parking; Drinking Fountain; Lighting; Litter Receptacles; Other Required; Planting; Plaque/Sign; Seating; Trees on Street; Trees within Space,Primary Space: 157 sf entry pavilion,,False,,https://data.cityofnewyork.us/City-Government/Privately-Owned-Public-Spaces-POPS-/rvih-nhyn,https://data.cityofnewyork.us/resource/rvih-nhyn.json?pops_number=M050072,2025-10-14,2026-09-20T19:28:47+00:00,e2a280e21f4fe509dc14d65f2ab6e6b93bab0d41278ad258e7ea01758a870f3f
M050074,Manhattan,156 WEST 56 STREET,CitySpire,1010087503,1076177,40.764241,-73.979745,M050074,Manhattan,1,5,156,WEST 56 STREET,10019,"156 WEST 56 STREET, New York, NY 10019",1008,7503,South side of West 56th Street between Sixth and Seventh Avenues,1987,Completed,Building Entrance Recess Area; Through Block Connection,Ian Bruce Eichner,Murphy/Jahn,Brennan Beer Gorman,Building Entrance Recess Area 682.54 sf; Through Block Connection 3842.08 sf,24 Hours; Restricted Hours,Climate Control; Lighting; Other Required; Plaque/Sign,display windows and exhibition area,,Full/Partial,989861,217711,6,137,,POINT (-73.979745 40.764241),False,WEST 56 STREET,156,156,Manhattan|156|WEST 56 STREET,1987,Building Entrance Recess Area; Through Block Connection,24 Hours; Restricted Hours,Building Entrance Recess Area 682.54 sf; Through Block Connection 3842.08 sf,Climate Control; Lighting; Other Required; Plaque/Sign,display windows and exhibition area,,False,,https://data.cityofnewyork.us/City-Government/Privately-Owned-Public-Spaces-POPS-/rvih-nhyn,https://data.cityofnewyork.us/resource/rvih-nhyn.json?pops_number=M050074,2025-10-14,2026-09-20T19:28:47+00:00,e2a280e21f4fe509dc14d65f2ab6e6b93bab0d41278ad258e7ea01758a870f3f
M050075,Manhattan,135 WEST 52 STREET,Flatotel,1010057501,1023160,40.762046,-73.980893,M050075,Manhattan,1,5,135,WEST 52 STREET,10019,"135 WEST 52 STREET, New York, NY 10019",1005,7501,North side of West 52nd Street between Sixth and Seventh Avenues,1985,Completed,Through Block Galleria,East/West Associates,Rafael Vinoly,"Rafael Vinoly, MPFP Landscape Architects PLLC (for 2016 design change)",Through Block Galleria 6450.23 sf,Restricted Hours,Drinking Fountain; Lighting; Litter Receptacles; Planting; Plaque/Sign; Seating; Water Feature,,,Full/Partial,989543,216911,4,131,,POINT (-73.980893 40.762046),False,WEST 52 STREET,135,135,Manhattan|135|WEST 52 STREET,1985,Through Block Galleria,Restricted Hours,Through Block Galleria 6450.23 sf,Drinking Fountain; Lighting; Litter Receptacles; Planting; Plaque/Sign; Seating; Water Feature,,,False,,https://data.cityofnewyork.us/City-Government/Privately-Owned-Public-Spaces-POPS-/rvih-nhyn,https://data.cityofnewyork.us/resource/rvih-nhyn.json?pops_number=M050075,2025-10-14,2026-09-20T19:28:47+00:00,e2a280e21f4fe509dc14d65f2ab6e6b93bab0d41278ad258e7ea01758a870f3f
M050076,Manhattan,712 5 AVENUE,,1012710038,1077363,40.762294,-73.975103,M050076,Manhattan,1,5,712,FIFTH AVENUE,10019,"712 FIFTH AVENUE, New York, NY 10019",1271,38,West side of Fifth Avenue between West 55th and 56th Streets,1989,Completed,Access Area; Exhibit Area; Pedestrian Circulation Space,Solomon Equities,Kohn Pedersen Fox/Schuman Lichtenstein Claman Efron,Beyer Blinder Belle,Access Area 0.00 sf; Exhibit Area 0.00 sf; Pedestrian Circulation Space 0.00 sf,24 Hours; Restricted Hours,Elevator; Escalator; Lighting; Other Required; Plaque/Sign,"Exhibit Area and Access Area may be relocated from time to time to locations at the rear of the “Fifth Avenue Atrium” and may not be used for any retail sales activities, except that the Exhibit Area may be used for sales of products related to the Lalique Windows; Exhibit Area on the ground floor level of the “Fifth Avenue Atrium” to contain a first-class, educational display and informational materials, prepared by an expert architectural historian, concerning the Lalique windows; Exhibit Area and Access Area may be relocated from time to time to locations at the rear of the “Fifth Avenue Atrium” and may not be used for any retail sales activities, except that the Exhibit Area may be used for sales of products related to the Lalique Windows; no floor-mounted retail display or obstruction shall be installed on the ground floor level of the “Fifth Avenue Atrium” which shall exceed a height measured from the floor of 11 feet 6 inches in the front 27 feet of the “Fifth Avenue Atrium” or a height of 5 feet 6 inches in the remaining 10 feet 3 inches of the “Fifth Avenue Atrium,” except during the holiday season, from Thanksgiving Day through the following January 15th, in order to install a Christmas tree or comparable holiday ornamentation; portions",Other Permitted,Full/Partial,991147,217002,4,104,,POINT (-73.975103 40.762294),False,5 AVENUE,712,712,Manhattan|712|5 AVENUE,1989,Access Area; Exhibit Area; Pedestrian Circulation Space,24 Hours; Restricted Hours,Access Area 0.00 sf; Exhibit Area 0.00 sf; Pedestrian Circulation Space 0.00 sf,Elevator; Escalator; Lighting; Other Required; Plaque/Sign,"Exhibit Area and Access Area may be relocated from time to time to locations at the rear of the “Fifth Avenue Atrium” and may not be used for any retail sales activities, except that the Exhibit Area may be used for sales of products related to the Lalique Windows; Exhibit Area on the ground floor level of the “Fifth Avenue Atrium” to contain a first-class, educational display and informational materials, prepared by an expert architectural historian, concerning the Lalique windows; Exhibit Area and Access Area may be relocated from time to time to locations at the rear of the “Fifth Avenue Atrium” and may not be used for any retail sales activities, except that the Exhibit Area may be used for sales of products related to the Lalique Windows; no floor-mounted retail display or obstruction shall be installed on the ground floor level of the “Fifth Avenue Atrium” which shall exceed a height measured from the floor of 11 feet 6 inches in the front 27 feet of the “Fifth Avenue Atrium” or a height of 5 feet 6 inches in the remaining 10 feet 3 inches of the “Fifth Avenue Atrium,” except during the holiday season, from Thanksgiving Day through the following January 15th, in order to install a Christmas tree or comparable holiday ornamentation; portions",Other Permitted,False,,https://data.cityofnewyork.us/City-Government/Privately-Owned-Public-Spaces-POPS-/rvih-nhyn,https://data.cityofnewyork.us/resource/rvih-nhyn.json?pops_number=M050076,2025-10-14,2026-09-20T19:28:47+00:00,e2a280e21f4fe509dc14d65f2ab6e6b93bab0d41278ad258e7ea01758a870f3f
M050077,Manhattan,899 7 AVENUE,Carnegie Hall Tower,,,40.765619,-73.979954,M050077,Manhattan,1,5,899,SEVENTH AVENUE,10019,"899 SEVENTH AVENUE, New York, NY 10019",,,North side of West 56th Street and south side of West 57th Street between Sixth and Seventh Avenues,1988,Completed,Through Block Connection,Rockrose Development Corp.,Cesar Pelli Associates,Cesar Pelli Associates,Through Block Connection 3563.00 sf,Restricted Hours,Climate Control; Lighting; Plaque/Sign,,,Full/Partial,989803,218213,6,137,,POINT (-73.979954 40.765619),False,7 AVENUE,899,899,Manhattan|899|7 AVENUE,1988,Through Block Connection,Restricted Hours,Through Block Connection 3563.00 sf,Climate Control; Lighting; Plaque/Sign,,,False,missing_bbl;missing_bin,https://data.cityofnewyork.us/City-Government/Privately-Owned-Public-Spaces-POPS-/rvih-nhyn,https://data.cityofnewyork.us/resource/rvih-nhyn.json?pops_number=M050077,2025-10-14,2026-09-20T19:28:47+00:00,e2a280e21f4fe509dc14d65f2ab6e6b93bab0d41278ad258e7ea01758a870f3f
M050078,Manhattan,611 5 AVENUE,Saks Tower,1012857501,1081145,40.757966,-73.976816,M050078,Manhattan,1,5,611,FIFTH AVENUE,10022,"611 FIFTH AVENUE, New York, NY 10022",1285,7501,East side of Fifth Avenue between East 49th and 50th Streets,1990,Completed,Building Entrance Recess Area; Special Permit Pedestrian Circulation Sp,Saks Fifth Avenue/Swiss Bank Corp.,Lee Harris Pomeroy,Lee Harris Pomeroy,Building Entrance Recess Area 174.00 sf; Special Permit Pedestrian Circulation Sp 930.00 sf,24 Hours,Lighting; Other Required; Planting; Plaque/Sign; Seating,"through block public passage connecting East 49th and East 50th Streets, open to the public during the Saks Fifth Avenue department store hours",,Full/Partial,990673,215425,4,102,,POINT (-73.976816 40.757966),False,5 AVENUE,611,611,Manhattan|611|5 AVENUE,1990,Building Entrance Recess Area; Special Permit Pedestrian Circulation Sp,24 Hours,Building Entrance Recess Area 174.00 sf; Special Permit Pedestrian Circulation Sp 930.00 sf,Lighting; Other Required; Planting; Plaque/Sign; Seating,"through block public passage connecting East 49th and East 50th Streets, open to the public during the Saks Fifth Avenue department store hours",,False,,https://data.cityofnewyork.us/City-Government/Privately-Owned-Public-Spaces-POPS-/rvih-nhyn,https://data.cityofnewyork.us/resource/rvih-nhyn.json?pops_number=M050078,2025-10-14,2026-09-20T19:28:47+00:00,e2a280e21f4fe509dc14d65f2ab6e6b93bab0d41278ad258e7ea01758a870f3f
M050079,Manhattan,135 EAST 57 STREET,,1013120015,1036904,40.761387,-73.969367,M050079,Manhattan,1,5,135,EAST 57 STREET,10022,"135 EAST 57 STREET, New York, NY 10022",1312,15,Northwest corner of East 57th Street and Lexington Avenue,1987,Completed,Open Park Space; Plaza,Madison Lexington Venture,Kohn Pedersen Fox,"Kohn Pedersen Fox; Thomas Balsley Associates (for Open Park Space, west of building)",Open Park Space 2500.00 sf; Plaza 4820.00 sf,24 Hours; Restricted Hours,Food Service; Lighting; Litter Receptacles; Other Required; Planting; Plaque/Sign; Seating; Tables; Trees within Space; Water Feature,tempietto,,Full/Partial,992736,216672,4,112.03,,POINT (-73.969367 40.761387),False,EAST 57 STREET,135,135,Manhattan|135|EAST 57 STREET,1987,Open Park Space; Plaza,24 Hours; Restricted Hours,Open Park Space 2500.00 sf; Plaza 4820.00 sf,Food Service; Lighting; Litter Receptacles; Other Required; Planting; Plaque/Sign; Seating; Tables; Trees within Space; Water Feature,tempietto,,False,,https://data.cityofnewyork.us/City-Government/Privately-Owned-Public-Spaces-POPS-/rvih-nhyn,https://data.cityofnewyork.us/resource/rvih-nhyn.json?pops_number=M050079,2025-10-14,2026-09-20T19:28:47+00:00,e2a280e21f4fe509dc14d65f2ab6e6b93bab0d41278ad258e7ea01758a870f3f
M050081,Manhattan,235 WEST 48 STREET,Ritz,1010200005,1076194,40.760894,-73.986092,M050081,Manhattan,1,5,235,WEST 48 STREET,10036,"235 WEST 48 STREET, New York, NY 10036",1020,5,North side of West 48th Street between Broadway and Eighth Avenue,1989,Completed,Urban Plaza,Jason Carter,Schuman Lichtenstein Claman Efron,Schuman Lichtenstein Claman Efron; Thomas Balsley Associates (for alterations circa 2000 and 2009),Urban Plaza 6690.42 sf,Restricted Hours,Artwork; Lighting; Litter Receptacles; Planting; Plaque/Sign; Retail Frontage; Seating; Tables; Trees on Street; Trees within Space; Water Feature,,,Full/Partial,988103,216491,3,125,,POINT (-73.986092 40.760894),False,WEST 48 STREET,235,235,Manhattan|235|WEST 48 STREET,1989,Urban Plaza,Restricted Hours,Urban Plaza 6690.42 sf,Artwork; Lighting; Litter Receptacles; Planting; Plaque/Sign; Retail Frontage; Seating; Tables; Trees on Street; Trees within Space; Water Feature,,,False,,https://data.cityofnewyork.us/City-Government/Privately-Owned-Public-Spaces-POPS-/rvih-nhyn,https://data.cityofnewyork.us/resource/rvih-nhyn.json?pops_number=M050081,2025-10-14,2026-09-20T19:28:47+00:00,e2a280e21f4fe509dc14d65f2ab6e6b93bab0d41278ad258e7ea01758a870f3f
M050082,Manhattan,420 5 AVENUE,,1008397501,1081017,40.750812,-73.983336,M050082,Manhattan,1,5,420,FIFTH AVENUE,10018,"420 FIFTH AVENUE, New York, NY 10018",839,7501,Full blockfront on west side of Fifth Avenue between West 37th and 38th Streets,1989,Completed,Urban Plaza,Hammerson Property Corp.,Brennan Beer Gorman,M. Paul Friedberg & Partners,Urban Plaza 3765.00 sf,24 Hours,Lighting; Litter Receptacles; Planting; Plaque/Sign; Retail Frontage; Seating; Trees on Street; Trees within Space,,,Full/Partial,988867,212818,4,84,,POINT (-73.983336 40.750812),False,5 AVENUE,420,420,Manhattan|420|5 AVENUE,1989,Urban Plaza,24 Hours,Urban Plaza 3765.00 sf,Lighting; Litter Receptacles; Planting; Plaque/Sign; Retail Frontage; Seating; Trees on Street; Trees within Space,,,False,,https://data.cityofnewyork.us/City-Government/Privately-Owned-Public-Spaces-POPS-/rvih-nhyn,https://data.cityofnewyork.us/resource/rvih-nhyn.json?pops_number=M050082,2025-10-14,2026-09-20T19:28:47+00:00,e2a280e21f4fe509dc14d65f2ab6e6b93bab0d41278ad258e7ea01758a870f3f
M050083,Manhattan,1325 6 AVENUE,1325 Avenue of the Americas,1010060013,1076175,40.76288,-73.980702,M050083,Manhattan,1,5,1325,SIXTH AVENUE,10019,"1325 SIXTH AVENUE, New York, NY 10019",1006,13,North side of  West 53rd Street and south side of West 54th Street between Sixth and Seventh Avenues,1989,Completed,Through Block Galleria,Minskoff Equities/A. Taubman,Kohn Pedersen Fox,Kohn Pedersen Fox,Through Block Galleria 6781.49 sf,Restricted Hours,Lighting; Litter Receptacles; Other Required; Plaque/Sign; Retail Frontage; Seating; Tables,"skylight over 3,439.68 sf of Through Block Galleria",,Full/Partial,989596,217215,4,131,,POINT (-73.980702 40.76288),False,6 AVENUE,1325,1325,Manhattan|1325|6 AVENUE,1989,Through Block Galleria,Restricted Hours,Through Block Galleria 6781.49 sf,Lighting; Litter Receptacles; Other Required; Plaque/Sign; Retail Frontage; Seating; Tables,"skylight over 3,439.68 sf of Through Block Galleria",,False,,https://data.cityofnewyork.us/City-Government/Privately-Owned-Public-Spaces-POPS-/rvih-nhyn,https://data.cityofnewyork.us/resource/rvih-nhyn.json?pops_number=M050083,2025-10-14,2026-09-20T19:28:47+00:00,e2a280e21f4fe509dc14d65f2ab6e6b93bab0d41278ad258e7ea01758a870f3f
M050084,Manhattan,1755 BROADWAY,Symphony House,1010287501,1070014,40.765974,-73.982553,M050084,Manhattan,1,5,1755,BROADWAY,10019,"1755 BROADWAY, New York, NY 10019",1028,7501,Full blockfront on West 56th Street between Broadway and Eighth Avenues,1987,Completed,Urban Plaza,Jack Resnick,Emery Roth & Sons,Thomas Balsley Associates,Urban Plaza 4953.89 sf,Restricted Hours,Lighting; Litter Receptacles; Planting; Plaque/Sign; Retail Frontage; Seating; Trees on Street; Trees within Space,,Open Air Cafe,Full/Partial,989083,218342,6,137,,POINT (-73.982553 40.765974),False,BROADWAY,1755,1755,Manhattan|1755|BROADWAY,1987,Urban Plaza,Restricted Hours,Urban Plaza 4953.89 sf,Lighting; Litter Receptacles; Planting; Plaque/Sign; Retail Frontage; Seating; Trees on Street; Trees within Space,,Open Air Cafe,False,,https://data.cityofnewyork.us/City-Government/Privately-Owned-Public-Spaces-POPS-/rvih-nhyn,https://data.cityofnewyork.us/resource/rvih-nhyn.json?pops_number=M050084,2025-10-14,2026-09-20T19:28:47+00:00,e2a280e21f4fe509dc14d65f2ab6e6b93bab0d41278ad258e7ea01758a870f3f
M050085,Manhattan,146 WEST 57 STREET,Metropolitan Tower,1010097501,1085969,40.764719,-73.97929,M050085,Manhattan,1,5,146,WEST 57 STREET,10019,"146 WEST 57 STREET, New York, NY 10019",1009,7501,South side of West 57th Street between Sixth and Seventh Avenues,1986,Completed,Through Block Connection; Urban Plaza,Harry Macklowe,Schuman Lichtenstein Claman Efron,Schuman Lichtenstein Claman Efron,Through Block Connection 0.00 sf; Urban Plaza 4375.00 sf,24 Hours; Restricted Hours,Lighting; Litter Receptacles; Planting; Plaque/Sign; Retail Frontage; Seating; Trees on Street; Trees within Space,,,Full/Partial,989987,217885,6,137,,POINT (-73.97929 40.764719),False,WEST 57 STREET,146,146,Manhattan|146|WEST 57 STREET,1986,Through Block Connection; Urban Plaza,24 Hours; Restricted Hours,Through Block Connection 0.00 sf; Urban Plaza 4375.00 sf,Lighting; Litter Receptacles; Planting; Plaque/Sign; Retail Frontage; Seating; Trees on Street; Trees within Space,,,False,,https://data.cityofnewyork.us/City-Government/Privately-Owned-Public-Spaces-POPS-/rvih-nhyn,https://data.cityofnewyork.us/resource/rvih-nhyn.json?pops_number=M050085,2025-10-14,2026-09-20T19:28:47+00:00,e2a280e21f4fe509dc14d65f2ab6e6b93bab0d41278ad258e7ea01758a870f3f
M050086,Manhattan,65 EAST 55 STREET,Park Avenue Tower,1012910028,1035771,40.760886,-73.972133,M050086,Manhattan,1,5,65,EAST 55 STREET,10022,"65 EAST 55 STREET, New York, NY 10022",1291,28,North side of East 55th Street between Park and Madison Avenues,1985,Completed,Urban Plaza,Park Tower Realty,Murphy/Jahn,"Murphy/Jahn, MdeAs (2016 redesign)",Urban Plaza 6437.17 sf,24 Hours,Artwork; Bicycle Parking; Drinking Fountain; Lighting; Litter Receptacles; Planting; Plaque/Sign; Retail Frontage; Seating; Trees on Street; Trees within Space,,,Full/Partial,991970,216489,4,102,,POINT (-73.972133 40.760886),False,EAST 55 STREET,65,65,Manhattan|65|EAST 55 STREET,1985,Urban Plaza,24 Hours,Urban Plaza 6437.17 sf,Artwork; Bicycle Parking; Drinking Fountain; Lighting; Litter Receptacles; Planting; Plaque/Sign; Retail Frontage; Seating; Trees on Street; Trees within Space,,,False,,https://data.cityofnewyork.us/City-Government/Privately-Owned-Public-Spaces-POPS-/rvih-nhyn,https://data.cityofnewyork.us/resource/rvih-nhyn.json?pops_number=M050086,2025-10-14,2026-09-20T19:28:47+00:00,e2a280e21f4fe509dc14d65f2ab6e6b93bab0d41278ad258e7ea01758a870f3f
M050087,Manhattan,383 MADISON AVENUE,Bear Stearns,1012820021,1035404,40.755469,-73.976726,M050087,Manhattan,1,5,383,MADISON AVENUE,10179,"383 MADISON AVENUE, New York, NY 10179",1282,21,Full block bounded by Madison and Vanderbilt Avenues and East 46th and 47th Streets,1999,Completed,Building Entrance Recess Area; New North End Access to 47th Street Cro; Off-Street Rail Mass Transit Access; Through Block Connection,Sterling Equities (Fred Wilpon),"Skidmore, Owings & Merrill","Skidmore, Owings & Merrill",Building Entrance Recess Area 0.00 sf; New North End Access to 47th Street Cro 707.00 sf; Off-Street Rail Mass Transit Access 5031.00 sf; Through Block Connection 5706.00 sf,24 Hours; Restricted Hours,Artwork; Escalator; Lighting; Other Required; Planting; Plaque/Sign,stairway connecting Off-Street Rail Mass Transit Access Improvement and New North End Access to 47th Street Cross Passageway; stairway connecting Off-Street Rail Mass Transit Access Improvement and New North End Access to 47th Street Cross Passageway,,Full/Partial,990698,214515,4,94,,POINT (-73.976726 40.755469),False,MADISON AVENUE,383,383,Manhattan|383|MADISON AVENUE,1999,Building Entrance Recess Area; New North End Access to 47th Street Cro; Off-Street Rail Mass Transit Access; Through Block Connection,24 Hours; Restricted Hours,Building Entrance Recess Area 0.00 sf; New North End Access to 47th Street Cro 707.00 sf; Off-Street Rail Mass Transit Access 5031.00 sf; Through Block Connection 5706.00 sf,Artwork; Escalator; Lighting; Other Required; Planting; Plaque/Sign,stairway connecting Off-Street Rail Mass Transit Access Improvement and New North End Access to 47th Street Cross Passageway; stairway connecting Off-Street Rail Mass Transit Access Improvement and New North End Access to 47th Street Cross Passageway,,False,,https://data.cityofnewyork.us/City-Government/Privately-Owned-Public-Spaces-POPS-/rvih-nhyn,https://data.cityofnewyork.us/resource/rvih-nhyn.json?pops_number=M050087,2025-10-14,2026-09-20T19:28:47+00:00,e2a280e21f4fe509dc14d65f2ab6e6b93bab0d41278ad258e7ea01758a870f3f
M050088,Manhattan,31 WEST 52 STREET,Deutsche Bank,1012687501,1071418,40.760925,-73.978013,M050088,Manhattan,1,5,31,WEST 52 STREET,10019,"31 WEST 52 STREET, New York, NY 10019",1268,7501,North side of West 52nd Street between Fifth and Sixth Avenues,1985,Completed,Urban Plaza,Gerald D. Hines,Kevin Roche John Dinkeloo and Associates,Kevin Roche John Dinkeloo and Associates,Urban Plaza 7654.00 sf,24 Hours,Artwork; Lighting; Litter Receptacles; Planting; Plaque/Sign; Retail Frontage; Seating; Trees on Street; Trees within Space,,Open Air Cafe,Full/Partial,990341,216503,4,104,,POINT (-73.978013 40.760925),False,WEST 52 STREET,31,31,Manhattan|31|WEST 52 STREET,1985,Urban Plaza,24 Hours,Urban Plaza 7654.00 sf,Artwork; Lighting; Litter Receptacles; Planting; Plaque/Sign; Retail Frontage; Seating; Trees on Street; Trees within Space,,Open Air Cafe,False,,https://data.cityofnewyork.us/City-Government/Privately-Owned-Public-Spaces-POPS-/rvih-nhyn,https://data.cityofnewyork.us/resource/rvih-nhyn.json?pops_number=M050088,2025-10-14,2026-09-20T19:28:47+00:00,e2a280e21f4fe509dc14d65f2ab6e6b93bab0d41278ad258e7ea01758a870f3f
M050089,Manhattan,40 EAST 52 STREET,,1012870028,1076267,40.758495,-73.974123,M050089,Manhattan,1,5,40,EAST 52 STREET,10022,"40 EAST 52 STREET, New York, NY 10022",1287,28,South side of East 52nd Street between Park and Madison Avenues,1986,Completed,Urban Plaza,Jack and Lewis Rudin,The Eggers Group,The Eggers Group,Urban Plaza 4124.88 sf,24 Hours,Lighting; Litter Receptacles; Plaque/Sign; Retail Frontage; Seating; Trees on Street; Trees within Space; Water Feature,,,Full/Partial,991419,215618,4,102,,POINT (-73.974123 40.758495),False,EAST 52 STREET,40,40,Manhattan|40|EAST 52 STREET,1986,Urban Plaza,24 Hours,Urban Plaza 4124.88 sf,Lighting; Litter Receptacles; Plaque/Sign; Retail Frontage; Seating; Trees on Street; Trees within Space; Water Feature,,,False,,https://data.cityofnewyork.us/City-Government/Privately-Owned-Public-Spaces-POPS-/rvih-nhyn,https://data.cityofnewyork.us/resource/rvih-nhyn.json?pops_number=M050089,2025-10-14,2026-09-20T19:28:47+00:00,e2a280e21f4fe509dc14d65f2ab6e6b93bab0d41278ad258e7ea01758a870f3f
M050090,Manhattan,145 WEST 44 STREET,Millennium Broadway,1009970010,1085016,40.757155,-73.984645,M050090,Manhattan,1,5,145,WEST 44 STREET,10036,"145 WEST 44 STREET, New York, NY 10036",997,10,North side of West 44th Street between Sixth Avenue and Broadway,1990,Completed,Through Block Connection,Harry Macklowe,Gruzen Samton Steinglass/ Perkins & Will,Gruzen Samton Steinglass/ Perkins & Will,Through Block Connection 3012.00 sf,Restricted Hours,Lighting; Plaque/Sign,,,Full/Partial,988504,215129,4,119,,POINT (-73.984645 40.757155),False,WEST 44 STREET,145,145,Manhattan|145|WEST 44 STREET,1990,Through Block Connection,Restricted Hours,Through Block Connection 3012.00 sf,Lighting; Plaque/Sign,,,False,,https://data.cityofnewyork.us/City-Government/Privately-Owned-Public-Spaces-POPS-/rvih-nhyn,https://data.cityofnewyork.us/resource/rvih-nhyn.json?pops_number=M050090,2025-10-14,2026-09-20T19:28:47+00:00,e2a280e21f4fe509dc14d65f2ab6e6b93bab0d41278ad258e7ea01758a870f3f
M050091,Manhattan,1535 BROADWAY,Marriott Marquis,1010177501,1024727,40.758627,-73.986197,M050091,Manhattan,1,5,1535,BROADWAY,10036,"1535 BROADWAY, New York, NY 10036",1017,7501,West side of Broadway between West 45th and 46th Streets,1985,Completed,Broadway Plaza; Covered Public Pedestrian Area; Interior Spaces; Shubert Alley Extension,Portman Properties,John Portman,John Portman,Broadway Plaza 4000.00 sf; Covered Public Pedestrian Area 24950.00 sf; Interior Spaces 40300.00 sf; Shubert Alley Extension 4970.00 sf,24 Hours; Restricted Hours,Climate Control; Elevator; Other Required; Plaque/Sign; Retail Frontage,"imate theater of at least 1,050 seats; not less than $50,000 for renovation of 46th Street theater; entrances from Shubert Alley Extension to hotel lobby and retail above",,Full/Partial,988074,215665,3,119,,POINT (-73.986197 40.758627),False,BROADWAY,1535,1535,Manhattan|1535|BROADWAY,1985,Broadway Plaza; Covered Public Pedestrian Area; Interior Spaces; Shubert Alley Extension,24 Hours; Restricted Hours,Broadway Plaza 4000.00 sf; Covered Public Pedestrian Area 24950.00 sf; Interior Spaces 40300.00 sf; Shubert Alley Extension 4970.00 sf,Climate Control; Elevator; Other Required; Plaque/Sign; Retail Frontage,"imate theater of at least 1,050 seats; not less than $50,000 for renovation of 46th Street theater; entrances from Shubert Alley Extension to hotel lobby and retail above",,False,,https://data.cityofnewyork.us/City-Government/Privately-Owned-Public-Spaces-POPS-/rvih-nhyn,https://data.cityofnewyork.us/resource/rvih-nhyn.json?pops_number=M050091,2025-10-14,2026-09-20T19:28:47+00:00,e2a280e21f4fe509dc14d65f2ab6e6b93bab0d41278ad258e7ea01758a870f3f
M050092,Manhattan,489 5 AVENUE,,1012760004,1076266,40.752999,-73.980759,M050092,Manhattan,1,5,489,FIFTH AVENUE,10017,"489 FIFTH AVENUE, New York, NY 10017",1276,4,East side of Fifth Avenue between East 41st and 42nd Streets,1972,Completed,Arcade,,Kahn and Jacobs,Kahn and Jacobs,Arcade 510.00 sf,24 Hours,None,,,Full/Partial,989581,213615,4,82,,POINT (-73.980759 40.752999),False,5 AVENUE,489,489,Manhattan|489|5 AVENUE,1972,Arcade,24 Hours,Arcade 510.00 sf,None,,,False,,https://data.cityofnewyork.us/City-Government/Privately-Owned-Public-Spaces-POPS-/rvih-nhyn,https://data.cityofnewyork.us/resource/rvih-nhyn.json?pops_number=M050092,2025-10-14,2026-09-20T19:28:47+00:00,e2a280e21f4fe509dc14d65f2ab6e6b93bab0d41278ad258e7ea01758a870f3f
M050093,Manhattan,407 PARK AVENUE SOUTH,Ascot,1008840001,1018204,40.743374,-73.983627,M050093,Manhattan,1,5,407,PARK AVENUE SOUTH,10016,"407 PARK AVENUE SOUTH, New York, NY 10016",884,1,Northeast corner of East 28th Street and Park Avenue South,1984,Completed,Residential Plaza,,Philip Birnbaum & Associates,Thomas Balsley Associates,Residential Plaza 3686.07 sf,Restricted Hours,Bicycle Parking; Drinking Fountain; Lighting; Litter Receptacles; Planting; Plaque/Sign; Seating; Trees on Street; Trees within Space,,,Full/Partial,988787,210108,2,72,,POINT (-73.983627 40.743374),False,PARK AVENUE SOUTH,407,407,Manhattan|407|PARK AVENUE SOUTH,1984,Residential Plaza,Restricted Hours,Residential Plaza 3686.07 sf,Bicycle Parking; Drinking Fountain; Lighting; Litter Receptacles; Planting; Plaque/Sign; Seating; Trees on Street; Trees within Space,,,False,,https://data.cityofnewyork.us/City-Government/Privately-Owned-Public-Spaces-POPS-/rvih-nhyn,https://data.cityofnewyork.us/resource/rvih-nhyn.json?pops_number=M050093,2025-10-14,2026-09-20T19:28:47+00:00,e2a280e21f4fe509dc14d65f2ab6e6b93bab0d41278ad258e7ea01758a870f3f
M050094,Manhattan,45 EAST 25 STREET,Stanford,1008557501,1016750,40.742024,-73.986164,M050094,Manhattan,1,5,45,EAST 25 STREET,10010,"45 EAST 25 STREET, New York, NY 10010",855,7501,North side of East 25th Street between Park Avenue South and Madison Avenue,1986,Completed,Plaza,,Liebman Liebman Associates,Liebman Liebman Associates,Plaza 2000.40 sf,24 Hours,None,,,Full/Partial,988084,209616,2,56,,POINT (-73.986164 40.742024),False,EAST 25 STREET,45,45,Manhattan|45|EAST 25 STREET,1986,Plaza,24 Hours,Plaza 2000.40 sf,None,,,False,,https://data.cityofnewyork.us/City-Government/Privately-Owned-Public-Spaces-POPS-/rvih-nhyn,https://data.cityofnewyork.us/resource/rvih-nhyn.json?pops_number=M050094,2025-10-14,2026-09-20T19:28:47+00:00,e2a280e21f4fe509dc14d65f2ab6e6b93bab0d41278ad258e7ea01758a870f3f
M050095,Manhattan,12 EAST 49 STREET,Tower 49,1012840007,1035434,40.757231,-73.977022,M050095,Manhattan,1,5,12,EAST 49 STREET,10017,"12 EAST 49 STREET, New York, NY 10017",1284,7,South side of East 49th Street between Madison and Fifth Avenues,1984,Completed,Arcade; Public Access Passageway; Sidewalk Widening; Urban Plaza,Solstead Associates (David and Jean Solomon),"Skidmore, Owings & Merrill","Skidmore, Owings & Merrill; Thomas Balsley Associates (for alteration in 2004)",Arcade 3779.00 sf; Public Access Passageway 0.00 sf; Sidewalk Widening 998.00 sf; Urban Plaza 6387.00 sf,24 Hours; Restricted Hours,Lighting; Litter Receptacles; Planting; Plaque/Sign; Seating; Tables; Trees on Street; Trees within Space,,,Full/Partial,990616,215157,4,94,,POINT (-73.977022 40.757231),False,EAST 49 STREET,12,12,Manhattan|12|EAST 49 STREET,1984,Arcade; Public Access Passageway; Sidewalk Widening; Urban Plaza,24 Hours; Restricted Hours,Arcade 3779.00 sf; Public Access Passageway 0.00 sf; Sidewalk Widening 998.00 sf; Urban Plaza 6387.00 sf,Lighting; Litter Receptacles; Planting; Plaque/Sign; Seating; Tables; Trees on Street; Trees within Space,,,False,,https://data.cityofnewyork.us/City-Government/Privately-Owned-Public-Spaces-POPS-/rvih-nhyn,https://data.cityofnewyork.us/resource/rvih-nhyn.json?pops_number=M050095,2025-10-14,2026-09-20T19:28:47+00:00,e2a280e21f4fe509dc14d65f2ab6e6b93bab0d41278ad258e7ea01758a870f3f
M050097,Manhattan,745 7 AVENUE,,1010020001,1084667,40.76052,-73.982843,M050097,Manhattan,1,5,745,SEVENTH AVENUE,10019,"745 SEVENTH AVENUE, New York, NY 10019",1002,1,East side of Seventh Avenue between West 49th and 50th Streets,1999,Completed,Public Plaza; Underground Passageway,"Rockefeller Group Development Corp., Morgan Stanley Dean Witter & Co.",Kohn Pedersen Fox Associates,Kohn Pedersen Fox Associates,Public Plaza 15648.00 sf; Underground Passageway 0.00 sf,Restricted Hours,Elevator; Food Service; Lighting; Planting; Plaque/Sign; Seating; Subway; Tables; Trees within Space; Water Feature,,,Full/Partial,989003,216355,4,125,,POINT (-73.982843 40.76052),False,7 AVENUE,745,745,Manhattan|745|7 AVENUE,1999,Public Plaza; Underground Passageway,Restricted Hours,Public Plaza 15648.00 sf; Underground Passageway 0.00 sf,Elevator; Food Service; Lighting; Planting; Plaque/Sign; Seating; Subway; Tables; Trees within Space; Water Feature,,,False,,https://data.cityofnewyork.us/City-Government/Privately-Owned-Public-Spaces-POPS-/rvih-nhyn,https://data.cityofnewyork.us/resource/rvih-nhyn.json?pops_number=M050097,2025-10-14,2026-09-20T19:28:47+00:00,e2a280e21f4fe509dc14d65f2ab6e6b93bab0d41278ad258e7ea01758a870f3f
M050100,Manhattan,1548 BROADWAY,Bertelsmann,,,40.758432,-73.98515,M050100,Manhattan,1,5,1548,BROADWAY,10036,"1548 BROADWAY, New York, NY 10036",,,"East side of Broadway between West 45th and West 46th Streets. Original BBL: 998/1001-1005,8.",1999,Completed,Through Block Connection,Broadway State Partners/Eichner Properties,"Skidmore, Owings & Merrill","Skidmore, Owings & Merrill",Through Block Connection 3012.00 sf,Restricted Hours,Lighting; Plaque/Sign,,,Full/Partial,988364,215594,4,119,,POINT (-73.98515 40.758432),False,BROADWAY,1548,1548,Manhattan|1548|BROADWAY,1999,Through Block Connection,Restricted Hours,Through Block Connection 3012.00 sf,Lighting; Plaque/Sign,,,False,missing_bbl;missing_bin,https://data.cityofnewyork.us/City-Government/Privately-Owned-Public-Spaces-POPS-/rvih-nhyn,https://data.cityofnewyork.us/resource/rvih-nhyn.json?pops_number=M050100,2025-10-14,2026-09-20T19:28:47+00:00,e2a280e21f4fe509dc14d65f2ab6e6b93bab0d41278ad258e7ea01758a870f3f
M050101,Manhattan,114 WEST 47 STREET,United States Trust,1009990019,1022667,40.75814,-73.983038,M050101,Manhattan,1,5,114,WEST 47 STREET,10036,"114 WEST 47 STREET, New York, NY 10036",999,19,South side of  West 47th Street between Sixth and Seventh Avenues,1989,Completed,Through Block Connection,The Durst Organization,Fox & Fowle Architects,Fox & Fowle Architects,Through Block Connection 3012.45 sf,Restricted Hours,Lighting; Plaque/Sign,,,Full/Partial,988949,215488,4,125,,POINT (-73.983038 40.75814),False,WEST 47 STREET,114,114,Manhattan|114|WEST 47 STREET,1989,Through Block Connection,Restricted Hours,Through Block Connection 3012.45 sf,Lighting; Plaque/Sign,,,False,,https://data.cityofnewyork.us/City-Government/Privately-Owned-Public-Spaces-POPS-/rvih-nhyn,https://data.cityofnewyork.us/resource/rvih-nhyn.json?pops_number=M050101,2025-10-14,2026-09-20T19:28:47+00:00,e2a280e21f4fe509dc14d65f2ab6e6b93bab0d41278ad258e7ea01758a870f3f
M050102,Manhattan,151 WEST 54 STREET,London Hotel,1010070005,1069590,40.763503,-73.980463,M050102,Manhattan,1,5,151,WEST 54 STREET,10019,"151 WEST 54 STREET, New York, NY 10019",1007,5,"North side of West 54th Street between Sixth and Seventh Avenues. Additional lot: 1007/5, 58.",1990,Completed,Through Block Connection,"William Zeckendorf, Jr.",Frank Williams & Associates,Frank Williams & Associates,Through Block Connection 3012.45 sf,Restricted Hours,Lighting; Plaque/Sign,,,Full/Partial,989662,217442,6,137,,POINT (-73.980463 40.763503),False,WEST 54 STREET,151,151,Manhattan|151|WEST 54 STREET,1990,Through Block Connection,Restricted Hours,Through Block Connection 3012.45 sf,Lighting; Plaque/Sign,,,False,,https://data.cityofnewyork.us/City-Government/Privately-Owned-Public-Spaces-POPS-/rvih-nhyn,https://data.cityofnewyork.us/resource/rvih-nhyn.json?pops_number=M050102,2025-10-14,2026-09-20T19:28:47+00:00,e2a280e21f4fe509dc14d65f2ab6e6b93bab0d41278ad258e7ea01758a870f3f
M050103,Manhattan,425 5 AVENUE,,1008687503,1085975,40.750965,-73.982199,M050103,Manhattan,1,5,425,FIFTH AVENUE,10016,"425 FIFTH AVENUE, New York, NY 10016",868,7503,"Northeast corner of East 38th Street and Fifth Avenue. Original BBL: 868/1,5,70.",2003,Completed,Pedestrian Circulation Space; Urban Plaza,,"Michael Graves, H. Thomas O'Hara Architects",Thomas Balsley Associates,Pedestrian Circulation Space 0.00 sf; Urban Plaza 2880.21 sf,24 Hours,Drinking Fountain; Lighting; Litter Receptacles; Planting; Plaque/Sign; Retail Frontage; Seating; Tables; Trees on Street; Trees within Space; Water Feature,,,Full/Partial,989182,212874,4,82,,POINT (-73.982199 40.750965),False,5 AVENUE,425,425,Manhattan|425|5 AVENUE,2003,Pedestrian Circulation Space; Urban Plaza,24 Hours,Pedestrian Circulation Space 0.00 sf; Urban Plaza 2880.21 sf,Drinking Fountain; Lighting; Litter Receptacles; Planting; Plaque/Sign; Retail Frontage; Seating; Tables; Trees on Street; Trees within Space; Water Feature,,,False,,https://data.cityofnewyork.us/City-Government/Privately-Owned-Public-Spaces-POPS-/rvih-nhyn,https://data.cityofnewyork.us/resource/rvih-nhyn.json?pops_number=M050103,2025-10-14,2026-09-20T19:28:47+00:00,e2a280e21f4fe509dc14d65f2ab6e6b93bab0d41278ad258e7ea01758a870f3f
M050104,Manhattan,1585 BROADWAY,Morgan Stanley Building,1010197502,1076193,40.759977,-73.985507,M050104,Manhattan,1,5,1585,BROADWAY,10036,"1585 BROADWAY, New York, NY 10036",1019,7502,West side of Broadway between West 47th Street and West 48th Street,1989,Completed,Through Block Connection,,Gwathmey Siegel & Associates Architects/Emery Roth & Sons,,,Restricted Hours,Lighting; Plaque/Sign,,,None,988265,216157,3,125,,POINT (-73.985507 40.759977),False,BROADWAY,1585,1585,Manhattan|1585|BROADWAY,1989,Through Block Connection,Restricted Hours,,Lighting; Plaque/Sign,,,False,,https://data.cityofnewyork.us/City-Government/Privately-Owned-Public-Spaces-POPS-/rvih-nhyn,https://data.cityofnewyork.us/resource/rvih-nhyn.json?pops_number=M050104,2025-10-14,2026-09-20T19:28:47+00:00,e2a280e21f4fe509dc14d65f2ab6e6b93bab0d41278ad258e7ea01758a870f3f
M050106,Manhattan,125 WEST 55 STREET,Avenue of the Americas Plaza,1010080019,1076176,40.763747,-73.978951,M050106,Manhattan,1,5,125,WEST 55 STREET,10019,"125 WEST 55 STREET, New York, NY 10019",1008,19,"North side of West 55th Street and south side of West 56th Street between Sixth Avenue and Seventh Avenue. Additional lots: 1008/19, 21, 22, 25 & 44.",1990,Completed,Through Block Connection,Macklowe Properties,Edward Larrabee Barnes,Edward Larrabee Barnes,Through Block Connection 0.00 sf,Restricted Hours,Lighting; Plaque/Sign,,,Full/Partial,990081,217531,6,137,,POINT (-73.978951 40.763747),False,WEST 55 STREET,125,125,Manhattan|125|WEST 55 STREET,1990,Through Block Connection,Restricted Hours,Through Block Connection 0.00 sf,Lighting; Plaque/Sign,,,False,,https://data.cityofnewyork.us/City-Government/Privately-Owned-Public-Spaces-POPS-/rvih-nhyn,https://data.cityofnewyork.us/resource/rvih-nhyn.json?pops_number=M050106,2025-10-14,2026-09-20T19:28:47+00:00,e2a280e21f4fe509dc14d65f2ab6e6b93bab0d41278ad258e7ea01758a870f3f
M050107,Manhattan,776 6 AVENUE,The Capitol at Chelsea,1008280001,1015632,40.744914,-73.990772,M050107,Manhattan,1,5,776,SIXTH AVENUE,10001,"776 SIXTH AVENUE, New York, NY 10001",828,1,"Full blockfront east side of Sixth Avenue between West 27th Street and West 26th Street. Original BBL: 828/1,4,5,74,77,80.",2002,Completed,Urban Plaza,,Costas Kondylis,Thomas Balsley Associates,Urban Plaza 10147.00 sf,Restricted Hours,Artwork; Drinking Fountain; Lighting; Litter Receptacles; Other Required; Planting; Plaque/Sign; Retail Frontage; Seating; Tables; Trees on Street; Trees within Space; Water Feature,Yes,,Full/Partial,986807,210669,3,58,,POINT (-73.990772 40.744914),False,6 AVENUE,776,776,Manhattan|776|6 AVENUE,2002,Urban Plaza,Restricted Hours,Urban Plaza 10147.00 sf,Artwork; Drinking Fountain; Lighting; Litter Receptacles; Other Required; Planting; Plaque/Sign; Retail Frontage; Seating; Tables; Trees on Street; Trees within Space; Water Feature,Yes,,False,,https://data.cityofnewyork.us/City-Government/Privately-Owned-Public-Spaces-POPS-/rvih-nhyn,https://data.cityofnewyork.us/resource/rvih-nhyn.json?pops_number=M050107,2025-10-14,2026-09-20T19:28:47+00:00,e2a280e21f4fe509dc14d65f2ab6e6b93bab0d41278ad258e7ea01758a870f3f
M050108,Manhattan,11 WEST 53 STREET,Museum of Modern Art,1012690020,1081128,40.761276,-73.976742,M050108,Manhattan,1,5,11,WEST 53 STREET,10019,"11 WEST 53 STREET, New York, NY 10019",1269,20,"North side of West 53rd Street between Fifth Avenue and Avenue of the Americas. Additional lots: 1269/11,12,13,14,20,58,165.",2004,Completed,Building Entrance Recess Areas; Through Block Lobby,,Taniguchi and Associates,Taniguchi and Associates,Building Entrance Recess Areas 0.00 sf; Through Block Lobby 0.00 sf,Closing for Events; Restricted Hours,Artwork,,,Full/Partial,990693,216631,4,104,,POINT (-73.976742 40.761276),False,WEST 53 STREET,11,11,Manhattan|11|WEST 53 STREET,2004,Building Entrance Recess Areas; Through Block Lobby,Closing for Events; Restricted Hours,Building Entrance Recess Areas 0.00 sf; Through Block Lobby 0.00 sf,Artwork,,,False,,https://data.cityofnewyork.us/City-Government/Privately-Owned-Public-Spaces-POPS-/rvih-nhyn,https://data.cityofnewyork.us/resource/rvih-nhyn.json?pops_number=M050108,2025-10-14,2026-09-20T19:28:47+00:00,e2a280e21f4fe509dc14d65f2ab6e6b93bab0d41278ad258e7ea01758a870f3f
M050109,Manhattan,325 5 AVENUE,,1008627503,1087309,40.747329,-73.98486,M050109,Manhattan,1,5,325,FIFTH AVENUE,10016,"325 FIFTH AVENUE, New York, NY 10016",862,7503,"East side of Fifth Avenue between 32nd Street and 33rd Street. Original BBL: 862/1,3,4,9,11,73.",2005,Completed,Residential Plaza,Douglaston Development,Stephen B. Jacobs,Thomas Balsley Associates,Residential Plaza 8270.00 sf,Restricted Hours,Artwork; Bicycle Parking; Drinking Fountain; Lighting; Litter Receptacles; Planting; Plaque/Sign; Seating; Tables; Trees on Street; Trees within Space,,,Full/Partial,988445,211549,4,74,,POINT (-73.98486 40.747329),False,5 AVENUE,325,325,Manhattan|325|5 AVENUE,2005,Residential Plaza,Restricted Hours,Residential Plaza 8270.00 sf,Artwork; Bicycle Parking; Drinking Fountain; Lighting; Litter Receptacles; Planting; Plaque/Sign; Seating; Tables; Trees on Street; Trees within Space,,,False,,https://data.cityofnewyork.us/City-Government/Privately-Owned-Public-Spaces-POPS-/rvih-nhyn,https://data.cityofnewyork.us/resource/rvih-nhyn.json?pops_number=M050109,2025-10-14,2026-09-20T19:28:47+00:00,e2a280e21f4fe509dc14d65f2ab6e6b93bab0d41278ad258e7ea01758a870f3f
M050110,Manhattan,835 6 AVENUE,Hotel Eventi,1008057502,1015146,40.747129,-73.990281,M050110,Manhattan,1,5,835,SIXTH AVENUE,10001,"835 SIXTH AVENUE, New York, NY 10001",805,7502,Full blockfront west side of Sixth Avenue between West 30th Street and West 29th Street,2010,Completed,Public Plaza; Urban Plaza,JD Carlisle Development,Perkins Eastman,Lee Weintraub Landscape Architecture,Urban Plaza 10819.00 sf,24 Hours,Bicycle Parking; Drinking Fountain; Lighting; Litter Receptacles; Other Required; Planting; Plaque/Sign; Retail Frontage; Seating; Tables; Trees on Street; Trees within Space; Water Feature,screen wall; Movable Tables and Chairs; Open Air Cafe,Open Air Cafe,Full/Partial,986943,211476,3,95,,POINT (-73.990281 40.747129),False,6 AVENUE,835,835,Manhattan|835|6 AVENUE,2010,Public Plaza; Urban Plaza,24 Hours,Urban Plaza 10819.00 sf,Bicycle Parking; Drinking Fountain; Lighting; Litter Receptacles; Other Required; Planting; Plaque/Sign; Retail Frontage; Seating; Tables; Trees on Street; Trees within Space; Water Feature,screen wall; Movable Tables and Chairs; Open Air Cafe,Open Air Cafe,False,,https://data.cityofnewyork.us/City-Government/Privately-Owned-Public-Spaces-POPS-/rvih-nhyn,https://data.cityofnewyork.us/resource/rvih-nhyn.json?pops_number=M050110,2025-10-14,2026-09-20T19:28:47+00:00,e2a280e21f4fe509dc14d65f2ab6e6b93bab0d41278ad258e7ea01758a870f3f
M050111,Manhattan,172 MADISON AVENUE,,1008637502,1089701,40.747406,-73.983637,M050111,Manhattan,1,5,172,MADISON AVENUE,10016,"172 MADISON AVENUE, New York, NY 10016",863,7502,Northwest corner of East 33rd Street and Madison Avenue,2017,Completed,Public Plaza,Yitzhak Tessler,Karl Fischer,SCAPE Landscape Architecture,Public Plaza 3612.00 sf,24 Hours,Artwork; Bicycle Parking; Drinking Fountain; Lighting; Litter Receptacles; Planting; Plaque/Sign; Retail Frontage; Seating; Trees on Street; Trees within Space,,,Full/Partial,988784,211577,4,74,,POINT (-73.983637 40.747406),False,MADISON AVENUE,172,172,Manhattan|172|MADISON AVENUE,2017,Public Plaza,24 Hours,Public Plaza 3612.00 sf,Artwork; Bicycle Parking; Drinking Fountain; Lighting; Litter Receptacles; Planting; Plaque/Sign; Retail Frontage; Seating; Trees on Street; Trees within Space,,,False,,https://data.cityofnewyork.us/City-Government/Privately-Owned-Public-Spaces-POPS-/rvih-nhyn,https://data.cityofnewyork.us/resource/rvih-nhyn.json?pops_number=M050111,2025-10-14,2026-09-20T19:28:47+00:00,e2a280e21f4fe509dc14d65f2ab6e6b93bab0d41278ad258e7ea01758a870f3f
M050112,Manhattan,432 PARK AVENUE,432 Park Avenue,1012927502,1088817,40.7615,-73.971797,M050112,Manhattan,1,5,432,PARK AVENUE,10022,"432 PARK AVENUE, New York, NY 10022",1292,7502,"Southwest of East 57th Street between Madison Avenue and Park Avenue. Original BBL: 1292/33,41,42.",2017,Completed,Public Plaza,"CIM Group, Macklowe Properties",Rafael Vinoly and SLCE Architects,"Rafael Vinoly, SLCE Architects, and Zion Breen and Richardson",Public Plaza 6340.69 sf,24 Hours,Bicycle Parking; Drinking Fountain; Lighting; Litter Receptacles; Other Required; Planting; Plaque/Sign; Retail Frontage; Seating; Tables; Trees on Street; Trees within Space,decorative back painted glass panel,,Full/Partial,992063,216713,4,112.02,,POINT (-73.971797 40.7615),False,PARK AVENUE,432,432,Manhattan|432|PARK AVENUE,2017,Public Plaza,24 Hours,Public Plaza 6340.69 sf,Bicycle Parking; Drinking Fountain; Lighting; Litter Receptacles; Other Required; Planting; Plaque/Sign; Retail Frontage; Seating; Tables; Trees on Street; Trees within Space,decorative back painted glass panel,,False,,https://data.cityofnewyork.us/City-Government/Privately-Owned-Public-Spaces-POPS-/rvih-nhyn,https://data.cityofnewyork.us/resource/rvih-nhyn.json?pops_number=M050112,2025-10-14,2026-09-20T19:28:47+00:00,e2a280e21f4fe509dc14d65f2ab6e6b93bab0d41278ad258e7ea01758a870f3f
M050113,Manhattan,1185 BROADWAY,,1008307503,1000000,40.745677,-73.989083,M050113,Manhattan,1,5,1185,BROADWAY,10001,"1185 BROADWAY, New York, NY 10001",830,7503,,,Completed,Public Plaza,,Rafael Vinoly Architects,Langan Architects,Public Plaza 4184.00 sf,24 Hours,Bicycle Parking; Drinking Fountain; Lighting; Litter Receptacles; Planting; Plaque/Sign; Retail Frontage; Seating; Tables; Trees on Street; Trees within Space,,,Full/Partial,987275,210947,3,76,,POINT (-73.989083 40.745677),True,BROADWAY,1185,1185,Manhattan|1185|BROADWAY,,Public Plaza,24 Hours,Public Plaza 4184.00 sf,Bicycle Parking; Drinking Fountain; Lighting; Litter Receptacles; Planting; Plaque/Sign; Retail Frontage; Seating; Tables; Trees on Street; Trees within Space,,,False,bin_placeholder_not_matchable;missing_year,https://data.cityofnewyork.us/City-Government/Privately-Owned-Public-Spaces-POPS-/rvih-nhyn,https://data.cityofnewyork.us/resource/rvih-nhyn.json?pops_number=M050113,2025-10-14,2026-09-20T19:28:47+00:00,e2a280e21f4fe509dc14d65f2ab6e6b93bab0d41278ad258e7ea01758a870f3f
M050115,Manhattan,1241 BROADWAY,,1008320017,1090786,40.747409,-73.988671,M050115,Manhattan,1,5,1241,BROADWAY,10001,"1241 BROADWAY, New York, NY 10001",832,17,,,Under Construction,Arcade,GDSNY,Skidmore Owings and Merrill,,,,,,,Full/Partial,987389,211578,3,76,,POINT (-73.988671 40.747409),False,BROADWAY,1241,1241,Manhattan|1241|BROADWAY,,Arcade,,,,,,True,missing_year;under_construction;missing_required_hours;missing_required_amenities,https://data.cityofnewyork.us/City-Government/Privately-Owned-Public-Spaces-POPS-/rvih-nhyn,https://data.cityofnewyork.us/resource/rvih-nhyn.json?pops_number=M050115,2025-10-14,2026-09-20T19:28:47+00:00,e2a280e21f4fe509dc14d65f2ab6e6b93bab0d41278ad258e7ea01758a870f3f
M050116,Manhattan,270 PARK AVENUE,,1012830021,1091010,40.755982,-73.97599,M050116,Manhattan,1,5,270,PARK AVENUE,10017,"270 PARK AVENUE, New York, NY 10017",1283,21,,,Under Construction,Pedestrian Circulation Space,,Ken Smith Workshop,,,24 Hours,Bicycle Parking; Drinking Fountain; Lighting; Litter Receptacles; Other Required; Plaque/Sign; Seating; Trees on Street; Trees within Space,"1 Canopy; Steps are 5"" high with 15"" tread; water features",Open Air Cafe,Full/Partial,990902,214702,4,94,,POINT (-73.97599 40.755982),False,PARK AVENUE,270,270,Manhattan|270|PARK AVENUE,,Pedestrian Circulation Space,24 Hours,,Bicycle Parking; Drinking Fountain; Lighting; Litter Receptacles; Other Required; Plaque/Sign; Seating; Trees on Street; Trees within Space,"1 Canopy; Steps are 5"" high with 15"" tread; water features",Open Air Cafe,True,missing_year;under_construction,https://data.cityofnewyork.us/City-Government/Privately-Owned-Public-Spaces-POPS-/rvih-nhyn,https://data.cityofnewyork.us/resource/rvih-nhyn.json?pops_number=M050116,2025-10-14,2026-09-20T19:28:47+00:00,e2a280e21f4fe509dc14d65f2ab6e6b93bab0d41278ad258e7ea01758a870f3f
M050117,Manhattan,415 MADISON AVENUE,,1012840021,1000000,40.756662,-73.976058,M050117,Manhattan,1,5,415,MADISON AVENUE,10017,"415 MADISON AVENUE, New York, NY 10017",1284,21,,,Under Construction,Open Air Concourse,,Skidmore Owings and Merrill,,,,Bicycle Parking,,,Full/Partial,990883,214950,4,94,,POINT (-73.976058 40.756662),True,MADISON AVENUE,415,415,Manhattan|415|MADISON AVENUE,,Open Air Concourse,,,Bicycle Parking,,,True,bin_placeholder_not_matchable;missing_year;under_construction;missing_required_hours,https://data.cityofnewyork.us/City-Government/Privately-Owned-Public-Spaces-POPS-/rvih-nhyn,https://data.cityofnewyork.us/resource/rvih-nhyn.json?pops_number=M050117,2025-10-14,2026-09-20T19:28:47+00:00,e2a280e21f4fe509dc14d65f2ab6e6b93bab0d41278ad258e7ea01758a870f3f
M060002,Manhattan,155 EAST 29 STREET,Biltmore Plaza,1008850042,1018263,40.742964,-73.98057,M060002,Manhattan,1,6,155,EAST 29 STREET,10016,"155 EAST 29 STREET, New York, NY 10016",885,42,Northwest corner of East 29th Street and Third Avenue,1981,Completed,Plaza,,Brizee Levitt Associates,Brizee Levitt Associates,Plaza 6121.00 sf,24 Hours,None,,,Full/Partial,989634,209959,2,72,,POINT (-73.98057 40.742964),False,EAST 29 STREET,155,155,Manhattan|155|EAST 29 STREET,1981,Plaza,24 Hours,Plaza 6121.00 sf,None,,,False,,https://data.cityofnewyork.us/City-Government/Privately-Owned-Public-Spaces-POPS-/rvih-nhyn,https://data.cityofnewyork.us/resource/rvih-nhyn.json?pops_number=M060002,2025-10-14,2026-09-20T19:28:47+00:00,e2a280e21f4fe509dc14d65f2ab6e6b93bab0d41278ad258e7ea01758a870f3f
M060003,Manhattan,155 EAST 31 STREET,Windsor Court,1008870030,1078756,40.744476,-73.980112,M060003,Manhattan,1,6,155,EAST 31 STREET,10016,"155 EAST 31 STREET, New York, NY 10016",887,30,North side of East 31st Street between Third and Lexington Avenues,1987,Completed,Residential Plaza,Mastic Development  Corp.,Philip Birnbaum & Associates,Thomas Balsley Associates,Residential Plaza 6590.68 sf,Restricted Hours,Bicycle Parking; Drinking Fountain; Lighting; Litter Receptacles; Planting; Plaque/Sign; Seating; Trees on Street; Trees within Space,,,Full/Partial,989761,210510,2,72,,POINT (-73.980112 40.744476),False,EAST 31 STREET,155,155,Manhattan|155|EAST 31 STREET,1987,Residential Plaza,Restricted Hours,Residential Plaza 6590.68 sf,Bicycle Parking; Drinking Fountain; Lighting; Litter Receptacles; Planting; Plaque/Sign; Seating; Trees on Street; Trees within Space,,,False,,https://data.cityofnewyork.us/City-Government/Privately-Owned-Public-Spaces-POPS-/rvih-nhyn,https://data.cityofnewyork.us/resource/rvih-nhyn.json?pops_number=M060003,2025-10-14,2026-09-20T19:28:47+00:00,e2a280e21f4fe509dc14d65f2ab6e6b93bab0d41278ad258e7ea01758a870f3f
M060005,Manhattan,150 EAST 34 STREET,Dumont Plaza,1008890055,1018507,40.745895,-73.979288,M060005,Manhattan,1,6,150,EAST 34 STREET,10016,"150 EAST 34 STREET, New York, NY 10016",889,55,South side of East 34th Street between Third and Lexington  Avenues,1987,Completed,Residential Plaza,,Goldhammer Wittenstein Good,Anthony G. Piscopia,Residential Plaza 3516.00 sf,24 Hours,Artwork; Bicycle Parking; Drinking Fountain; Lighting; Litter Receptacles; Other Required; Planting; Plaque/Sign; Seating; Trees on Street; Trees within Space; Water Feature,Primary Space: pavilion,,Full/Partial,989989,211027,4,72,,POINT (-73.979288 40.745895),False,EAST 34 STREET,150,150,Manhattan|150|EAST 34 STREET,1987,Residential Plaza,24 Hours,Residential Plaza 3516.00 sf,Artwork; Bicycle Parking; Drinking Fountain; Lighting; Litter Receptacles; Other Required; Planting; Plaque/Sign; Seating; Trees on Street; Trees within Space; Water Feature,Primary Space: pavilion,,False,,https://data.cityofnewyork.us/City-Government/Privately-Owned-Public-Spaces-POPS-/rvih-nhyn,https://data.cityofnewyork.us/resource/rvih-nhyn.json?pops_number=M060005,2025-10-14,2026-09-20T19:28:47+00:00,e2a280e21f4fe509dc14d65f2ab6e6b93bab0d41278ad258e7ea01758a870f3f
M060006,Manhattan,166 EAST 34 STREET,,1008890039,1018502,40.745467,-73.978675,M060006,Manhattan,1,6,166,EAST 34 STREET,10016,"166 EAST 34 STREET, New York, NY 10016",889,39,West side of Third Avenue between East 33rd and 34th Streets,1974,Completed,Plaza,,Philip Birnbaum,Philip Birnbaum,Plaza 4412.40 sf,24 Hours,Plaque/Sign,,,Full/Partial,990159,210871,4,72,,POINT (-73.978675 40.745467),False,EAST 34 STREET,166,166,Manhattan|166|EAST 34 STREET,1974,Plaza,24 Hours,Plaza 4412.40 sf,Plaque/Sign,,,False,,https://data.cityofnewyork.us/City-Government/Privately-Owned-Public-Spaces-POPS-/rvih-nhyn,https://data.cityofnewyork.us/resource/rvih-nhyn.json?pops_number=M060006,2025-10-14,2026-09-20T19:28:47+00:00,e2a280e21f4fe509dc14d65f2ab6e6b93bab0d41278ad258e7ea01758a870f3f
M060007,Manhattan,115 EAST 34 STREET,Murray Hill,1008900011,1018517,40.746892,-73.980165,M060007,Manhattan,1,6,115,EAST 34 STREET,10016,"115 EAST 34 STREET, New York, NY 10016",890,11,North side of East 34th Street between Lexington and Park Avenues,1980,Completed,Plaza,,Philip Birnbaum,Philip Birnbaum,Plaza 1330.00 sf,24 Hours,None,,,Full/Partial,989746,211390,4,72,,POINT (-73.980165 40.746892),False,EAST 34 STREET,115,115,Manhattan|115|EAST 34 STREET,1980,Plaza,24 Hours,Plaza 1330.00 sf,None,,,False,,https://data.cityofnewyork.us/City-Government/Privately-Owned-Public-Spaces-POPS-/rvih-nhyn,https://data.cityofnewyork.us/resource/rvih-nhyn.json?pops_number=M060007,2025-10-14,2026-09-20T19:28:47+00:00,e2a280e21f4fe509dc14d65f2ab6e6b93bab0d41278ad258e7ea01758a870f3f
M060008,Manhattan,132 EAST 35 STREET,Murray Hill House,1008900020,1018519,40.746873,-73.979696,M060008,Manhattan,1,6,132,EAST 35 STREET,10016,"132 EAST 35 STREET, New York, NY 10016",890,20,West side of Lexington Avenue between East 34th and 35th Streets,1969,Completed,Plaza,,Philip Birnbaum,Philip Birnbaum,Plaza 3966.99 sf,24 Hours,None,,,Full/Partial,989876,211383,4,72,,POINT (-73.979696 40.746873),False,EAST 35 STREET,132,132,Manhattan|132|EAST 35 STREET,1969,Plaza,24 Hours,Plaza 3966.99 sf,None,,,False,,https://data.cityofnewyork.us/City-Government/Privately-Owned-Public-Spaces-POPS-/rvih-nhyn,https://data.cityofnewyork.us/resource/rvih-nhyn.json?pops_number=M060008,2025-10-14,2026-09-20T19:28:47+00:00,e2a280e21f4fe509dc14d65f2ab6e6b93bab0d41278ad258e7ea01758a870f3f
M060009,Manhattan,560 3 AVENUE,Murray Hill Mews,1008930041,1019099,40.748093,-73.976866,M060009,Manhattan,1,6,560,THIRD AVENUE,10016,"560 THIRD AVENUE, New York, NY 10016",893,41,West side of Third Avenue between East 37th and 38th Streets,1974,Completed,Plaza,,Philip Birnbaum,Philip Birnbaum,Plaza 6594.50 sf,Restricted Hours,Planting; Plaque/Sign; Seating,,Other Permitted,Full/Partial,990660,211828,4,80,,POINT (-73.976866 40.748093),False,3 AVENUE,560,560,Manhattan|560|3 AVENUE,1974,Plaza,Restricted Hours,Plaza 6594.50 sf,Planting; Plaque/Sign; Seating,,Other Permitted,False,,https://data.cityofnewyork.us/City-Government/Privately-Owned-Public-Spaces-POPS-/rvih-nhyn,https://data.cityofnewyork.us/resource/rvih-nhyn.json?pops_number=M060009,2025-10-14,2026-09-20T19:28:47+00:00,e2a280e21f4fe509dc14d65f2ab6e6b93bab0d41278ad258e7ea01758a870f3f
M060010,Manhattan,600 3 AVENUE,,1008950045,1019483,40.749359,-73.975952,M060010,Manhattan,1,6,600,THIRD AVENUE,10016,"600 THIRD AVENUE, New York, NY 10016",895,45,West side of Third Avenue between East 39th and 40th Streets,1970,Completed,Arcade; Plaza,Sigmund Sommer,Emery Roth & Sons,Emery Roth & Sons,Arcade 1974.60 sf; Plaza 6582.83 sf,24 Hours,Bicycle Parking; Drinking Fountain; Lighting; Litter Receptacles; None; Planting; Plaque/Sign; Seating; Tables; Trees within Space,,,Full/Partial,990913,212289,4,80,,POINT (-73.975952 40.749359),False,3 AVENUE,600,600,Manhattan|600|3 AVENUE,1970,Arcade; Plaza,24 Hours,Arcade 1974.60 sf; Plaza 6582.83 sf,Bicycle Parking; Drinking Fountain; Lighting; Litter Receptacles; None; Planting; Plaque/Sign; Seating; Tables; Trees within Space,,,False,,https://data.cityofnewyork.us/City-Government/Privately-Owned-Public-Spaces-POPS-/rvih-nhyn,https://data.cityofnewyork.us/resource/rvih-nhyn.json?pops_number=M060010,2025-10-14,2026-09-20T19:28:47+00:00,e2a280e21f4fe509dc14d65f2ab6e6b93bab0d41278ad258e7ea01758a870f3f
M060011,Manhattan,201 EAST 17 STREET,Park Towers Medical Plaza,1008980001,1019551,40.735365,-73.985267,M060011,Manhattan,1,6,201,EAST 17 STREET,10003,"201 EAST 17 STREET, New York, NY 10003",898,1,East side of Third Avenue between East 17th and 18th Streets,1973,Completed,Plaza,,Philip Birnbaum,Philip Birnbaum,Plaza 7738.14 sf,24 Hours,None,,,Full/Partial,988333,207190,2,48,,POINT (-73.985267 40.735365),False,EAST 17 STREET,201,201,Manhattan|201|EAST 17 STREET,1973,Plaza,24 Hours,Plaza 7738.14 sf,None,,,False,,https://data.cityofnewyork.us/City-Government/Privately-Owned-Public-Spaces-POPS-/rvih-nhyn,https://data.cityofnewyork.us/resource/rvih-nhyn.json?pops_number=M060011,2025-10-14,2026-09-20T19:28:47+00:00,e2a280e21f4fe509dc14d65f2ab6e6b93bab0d41278ad258e7ea01758a870f3f
M060012,Manhattan,200 EAST 24 STREET,Crystal House,1009040050,1019782,40.739149,-73.982513,M060012,Manhattan,1,6,200,EAST 24 STREET,10010,"200 EAST 24 STREET, New York, NY 10010",904,50,Southeast corner of East 24th Street and Third Avenue,1972,Completed,Plaza,,Clarence Lilien & Associates,Clarence Lilien & Associates,Plaza 3079.22 sf,24 Hours,None,,,Full/Partial,989096,208569,2,64,,POINT (-73.982513 40.739149),False,EAST 24 STREET,200,200,Manhattan|200|EAST 24 STREET,1972,Plaza,24 Hours,Plaza 3079.22 sf,None,,,False,,https://data.cityofnewyork.us/City-Government/Privately-Owned-Public-Spaces-POPS-/rvih-nhyn,https://data.cityofnewyork.us/resource/rvih-nhyn.json?pops_number=M060012,2025-10-14,2026-09-20T19:28:47+00:00,e2a280e21f4fe509dc14d65f2ab6e6b93bab0d41278ad258e7ea01758a870f3f
M060014,Manhattan,240 EAST 27 STREET,Parc East Tower Apartments,1009070025,1019855,40.740247,-73.97964,M060014,Manhattan,1,6,240,EAST 27 STREET,10016,"240 EAST 27 STREET, New York, NY 10016",907,25,Southwest corner of East 27th Street and Second Avenue,1977,Completed,Mini-Park; Public Open Area,,Philip Birnbaum,Lawrence Halprin Associates; Barteluce Architect and Associates (for alteration in 2006),Mini-Park 7486.00 sf; Public Open Area 5532.77 sf,24 Hours; Restricted Hours,Lighting; Litter Receptacles; Other Required; Planting; Plaque/Sign; Seating; Tables; Trees on Street; Trees within Space; Water Feature,"closed circuit television surveillance system, daily cleaning",,Full/Partial,989892,208969,2,66,,POINT (-73.97964 40.740247),False,EAST 27 STREET,240,240,Manhattan|240|EAST 27 STREET,1977,Mini-Park; Public Open Area,24 Hours; Restricted Hours,Mini-Park 7486.00 sf; Public Open Area 5532.77 sf,Lighting; Litter Receptacles; Other Required; Planting; Plaque/Sign; Seating; Tables; Trees on Street; Trees within Space; Water Feature,"closed circuit television surveillance system, daily cleaning",,False,,https://data.cityofnewyork.us/City-Government/Privately-Owned-Public-Spaces-POPS-/rvih-nhyn,https://data.cityofnewyork.us/resource/rvih-nhyn.json?pops_number=M060014,2025-10-14,2026-09-20T19:28:47+00:00,e2a280e21f4fe509dc14d65f2ab6e6b93bab0d41278ad258e7ea01758a870f3f
M060015,Manhattan,200 EAST 33 STREET,Laurence Tower,1009130001,1020078,40.744616,-73.97848,M060015,Manhattan,1,6,200,EAST 33 STREET,10016,"200 EAST 33 STREET, New York, NY 10016",913,1,East side of Third Avenue between East 32nd and 33rd Streets,1972,Completed,Plaza,"Jack Goodstein, Milton Schwartz, and Morton M. Rosenfeld","Philip Birnbaum/Schuman, Lichtenstein & Claman","Philip Birnbaum/Schuman, Lichtenstein & Claman",Plaza 6583.83 sf,24 Hours,None,,,Full/Partial,990213,210561,4,70,,POINT (-73.97848 40.744616),False,EAST 33 STREET,200,200,Manhattan|200|EAST 33 STREET,1972,Plaza,24 Hours,Plaza 6583.83 sf,None,,,False,,https://data.cityofnewyork.us/City-Government/Privately-Owned-Public-Spaces-POPS-/rvih-nhyn,https://data.cityofnewyork.us/resource/rvih-nhyn.json?pops_number=M060015,2025-10-14,2026-09-20T19:28:47+00:00,e2a280e21f4fe509dc14d65f2ab6e6b93bab0d41278ad258e7ea01758a870f3f
M060016,Manhattan,240 EAST 38 STREET,,1009187501,1020338,40.747289,-73.97495,M060016,Manhattan,1,6,240,EAST 38 STREET,10016,"240 EAST 38 STREET, New York, NY 10016",918,7501,South side of 38th Street between Second and Third Avenues,1967,Completed,Arcade; Plaza,The New York Telephone Co.,Kahn and Jacobs,Kahn and Jacobs; Ballinger (for alteration in 2011),Arcade 5358.30 sf; Plaza 9041.70 sf,24 Hours,Artwork; Bicycle Parking; Drinking Fountain; Lighting; Litter Receptacles; Planting; Plaque/Sign; Seating; Tables; Trees on Street; Trees within Space,,,Full/Partial,991191,211535,4,78,,POINT (-73.97495 40.747289),False,EAST 38 STREET,240,240,Manhattan|240|EAST 38 STREET,1967,Arcade; Plaza,24 Hours,Arcade 5358.30 sf; Plaza 9041.70 sf,Artwork; Bicycle Parking; Drinking Fountain; Lighting; Litter Receptacles; Planting; Plaque/Sign; Seating; Tables; Trees on Street; Trees within Space,,,False,,https://data.cityofnewyork.us/City-Government/Privately-Owned-Public-Spaces-POPS-/rvih-nhyn,https://data.cityofnewyork.us/resource/rvih-nhyn.json?pops_number=M060016,2025-10-14,2026-09-20T19:28:47+00:00,e2a280e21f4fe509dc14d65f2ab6e6b93bab0d41278ad258e7ea01758a870f3f
M060017,Manhattan,222 EAST 39 STREET,The Nash,1009190042,1020361,40.748203,-73.974848,M060017,Manhattan,1,6,222,EAST 39 STREET,10016,"222 EAST 39 STREET, New York, NY 10016",919,42,South side of East 39th Street between Second and Third Avenues,1972,Completed,Plaza,,Sidney Goldhammer,"Sidney Goldhammer; MUSHO Architecture and Design, LLC (for alteration in 2004)",Plaza 4371.45 sf,24 Hours,Lighting; Litter Receptacles; Planting; Plaque/Sign; Seating; Tables; Trees within Space,,,Full/Partial,991219,211868,4,78,,POINT (-73.974848 40.748203),False,EAST 39 STREET,222,222,Manhattan|222|EAST 39 STREET,1972,Plaza,24 Hours,Plaza 4371.45 sf,Lighting; Litter Receptacles; Planting; Plaque/Sign; Seating; Tables; Trees within Space,,,False,,https://data.cityofnewyork.us/City-Government/Privately-Owned-Public-Spaces-POPS-/rvih-nhyn,https://data.cityofnewyork.us/resource/rvih-nhyn.json?pops_number=M060017,2025-10-14,2026-09-20T19:28:47+00:00,e2a280e21f4fe509dc14d65f2ab6e6b93bab0d41278ad258e7ea01758a870f3f
M060018,Manhattan,845 1 AVENUE,Trump World Tower,1013407501,1038909,40.752562,-73.96782,M060018,Manhattan,1,6,845,FIRST AVENUE,10017,"845 FIRST AVENUE, New York, NY 10017",1340,7501,West side of First Avenue between East 47th and 48th Streets,2000,Completed,Residential Plaza,Donald Trump/Daewoo,Costas Kondylis & Associates,Abel Bainnson Butz,Residential Plaza 6694.00 sf,24 Hours,Artwork; Bicycle Parking; Drinking Fountain; Lighting; Litter Receptacles; Planting; Plaque/Sign; Seating; Trees on Street; Trees within Space,,,Full/Partial,993166,213457,4,90,,POINT (-73.96782 40.752562),False,1 AVENUE,845,845,Manhattan|845|1 AVENUE,2000,Residential Plaza,24 Hours,Residential Plaza 6694.00 sf,Artwork; Bicycle Parking; Drinking Fountain; Lighting; Litter Receptacles; Planting; Plaque/Sign; Seating; Trees on Street; Trees within Space,,,False,,https://data.cityofnewyork.us/City-Government/Privately-Owned-Public-Spaces-POPS-/rvih-nhyn,https://data.cityofnewyork.us/resource/rvih-nhyn.json?pops_number=M060018,2025-10-14,2026-09-20T19:28:47+00:00,e2a280e21f4fe509dc14d65f2ab6e6b93bab0d41278ad258e7ea01758a870f3f
M060019,Manhattan,250 EAST 40 STREET,Highpoint,1009207501,1076162,40.74854,-73.973654,M060019,Manhattan,1,6,250,EAST 40 STREET,10016,"250 EAST 40 STREET, New York, NY 10016",920,7501,Southwest corner of East 40th Street and Second Avenue,1988,Completed,Residential Plaza,,"Wechsler, Grasso, Menziuso","Wechsler, Grasso, Menziuso",Residential Plaza 6427.00 sf,24 Hours,Bicycle Parking; Drinking Fountain; Lighting; Litter Receptacles; Planting; Plaque/Sign; Seating; Trees on Street; Trees within Space; Water Feature,,,Full/Partial,991550,211991,4,88,,POINT (-73.973654 40.74854),False,EAST 40 STREET,250,250,Manhattan|250|EAST 40 STREET,1988,Residential Plaza,24 Hours,Residential Plaza 6427.00 sf,Bicycle Parking; Drinking Fountain; Lighting; Litter Receptacles; Planting; Plaque/Sign; Seating; Trees on Street; Trees within Space; Water Feature,,,False,,https://data.cityofnewyork.us/City-Government/Privately-Owned-Public-Spaces-POPS-/rvih-nhyn,https://data.cityofnewyork.us/resource/rvih-nhyn.json?pops_number=M060019,2025-10-14,2026-09-20T19:28:47+00:00,e2a280e21f4fe509dc14d65f2ab6e6b93bab0d41278ad258e7ea01758a870f3f
M060020,Manhattan,300 EAST 34 STREET,,1009390001,1078843,40.744286,-73.975684,M060020,Manhattan,1,6,300,EAST 34 STREET,10016,"300 EAST 34 STREET, New York, NY 10016",939,1,East side of Second Avenue between East 33rd and 34th Streets,1974,Completed,Arcade; Plaza,"Henry Kibel, Eastbell Realty Co.",Max Wechsler,Max Wechsler,Arcade 4332.00 sf; Plaza 6102.64 sf,24 Hours,Planting; Retail Frontage,,,Full/Partial,990988,210441,4,70,,POINT (-73.975684 40.744286),False,EAST 34 STREET,300,300,Manhattan|300|EAST 34 STREET,1974,Arcade; Plaza,24 Hours,Arcade 4332.00 sf; Plaza 6102.64 sf,Planting; Retail Frontage,,,False,,https://data.cityofnewyork.us/City-Government/Privately-Owned-Public-Spaces-POPS-/rvih-nhyn,https://data.cityofnewyork.us/resource/rvih-nhyn.json?pops_number=M060020,2025-10-14,2026-09-20T19:28:47+00:00,e2a280e21f4fe509dc14d65f2ab6e6b93bab0d41278ad258e7ea01758a870f3f
M060021,Manhattan,330 EAST 38 STREET,Corinthian,1009437501,1076166,40.746328,-73.97272,M060021,Manhattan,1,6,330,EAST 38 STREET,10016,"330 EAST 38 STREET, New York, NY 10016",943,7501,West side of First Avenue between East 37th and 38th Streets,1987,Completed,Residential Plaza,,Michael Schimenti/Der Scutt,Thomas Balsley Associates,Residential Plaza 27191.50 sf,24 Hours,Bicycle Parking; Drinking Fountain; Lighting; Litter Receptacles; Planting; Plaque/Sign; Seating; Trees on Street; Trees within Space,,,Full/Partial,991809,211185,4,78,,POINT (-73.97272 40.746328),False,EAST 38 STREET,330,330,Manhattan|330|EAST 38 STREET,1987,Residential Plaza,24 Hours,Residential Plaza 27191.50 sf,Bicycle Parking; Drinking Fountain; Lighting; Litter Receptacles; Planting; Plaque/Sign; Seating; Trees on Street; Trees within Space,,,False,,https://data.cityofnewyork.us/City-Government/Privately-Owned-Public-Spaces-POPS-/rvih-nhyn,https://data.cityofnewyork.us/resource/rvih-nhyn.json?pops_number=M060021,2025-10-14,2026-09-20T19:28:47+00:00,e2a280e21f4fe509dc14d65f2ab6e6b93bab0d41278ad258e7ea01758a870f3f
M060022,Manhattan,330 EAST 39 STREET,New York Tower,1009440010,1021923,40.747088,-73.972452,M060022,Manhattan,1,6,330,EAST 39 STREET,10016,"330 EAST 39 STREET, New York, NY 10016",944,10,South side of East 39th Street between First and Second Avenues,1980,Completed,Plaza,,"Schuman, Lichtenstein, Claman & Efron","Schuman, Lichtenstein, Claman & Efron",Plaza 11512.00 sf,24 Hours,None,,,Full/Partial,991883,211462,4,78,,POINT (-73.972452 40.747088),False,EAST 39 STREET,330,330,Manhattan|330|EAST 39 STREET,1980,Plaza,24 Hours,Plaza 11512.00 sf,None,,,False,,https://data.cityofnewyork.us/City-Government/Privately-Owned-Public-Spaces-POPS-/rvih-nhyn,https://data.cityofnewyork.us/resource/rvih-nhyn.json?pops_number=M060022,2025-10-14,2026-09-20T19:28:47+00:00,e2a280e21f4fe509dc14d65f2ab6e6b93bab0d41278ad258e7ea01758a870f3f
M060023,Manhattan,311 EAST 38 STREET,Whitney,1009447501,1021933,40.747242,-73.973221,M060023,Manhattan,1,6,311,EAST 38 STREET,10016,"311 EAST 38 STREET, New York, NY 10016",944,7501,North side of East 38th Street between First and Second Avenues,1984,Completed,Residential Plaza,,Liebman Liebman Associates,Liebman Liebman Associates,Residential Plaza 3871.17 sf,24 Hours,Bicycle Parking; Drinking Fountain; Lighting; Litter Receptacles; Other Required; Planting; Plaque/Sign; Seating; Trees on Street; Trees within Space,2 additional amenities,,Full/Partial,991670,211518,4,78,,POINT (-73.973221 40.747242),False,EAST 38 STREET,311,311,Manhattan|311|EAST 38 STREET,1984,Residential Plaza,24 Hours,Residential Plaza 3871.17 sf,Bicycle Parking; Drinking Fountain; Lighting; Litter Receptacles; Other Required; Planting; Plaque/Sign; Seating; Trees on Street; Trees within Space,2 additional amenities,,False,,https://data.cityofnewyork.us/City-Government/Privately-Owned-Public-Spaces-POPS-/rvih-nhyn,https://data.cityofnewyork.us/resource/rvih-nhyn.json?pops_number=M060023,2025-10-14,2026-09-20T19:28:47+00:00,e2a280e21f4fe509dc14d65f2ab6e6b93bab0d41278ad258e7ea01758a870f3f
M060024,Manhattan,728 2 AVENUE,Churchill,1009457501,1022051,40.748002,-73.972838,M060024,Manhattan,1,6,728,SECOND AVENUE,10016,"728 SECOND AVENUE, New York, NY 10016",945,7501,East side of Second Avenue between East 39th and 40th Streets,1966,Completed,Plaza,,Philip Birnbaum,Philip Birnbaum,Plaza 15898.66 sf,24 Hours,None,,,Full/Partial,991776,211795,4,88,,POINT (-73.972838 40.748002),False,2 AVENUE,728,728,Manhattan|728|2 AVENUE,1966,Plaza,24 Hours,Plaza 15898.66 sf,None,,,False,,https://data.cityofnewyork.us/City-Government/Privately-Owned-Public-Spaces-POPS-/rvih-nhyn,https://data.cityofnewyork.us/resource/rvih-nhyn.json?pops_number=M060024,2025-10-14,2026-09-20T19:28:47+00:00,e2a280e21f4fe509dc14d65f2ab6e6b93bab0d41278ad258e7ea01758a870f3f
M060025,Manhattan,630 1 AVENUE,Manhattan Place,1009687501,1022060,40.745155,-73.971836,M060025,Manhattan,1,6,630,FIRST AVENUE,10016,"630 FIRST AVENUE, New York, NY 10016",968,7501,Full blockfront on east side of First Avenue between East 36th and 37th Streets,1984,Completed,Residential Plaza,"Jeffrey Glick, Ralph Mallin, Belmo Realty Co.",Philip Birnbaum & Associates,Balsley Associates,Residential Plaza 16390.45 sf,24 Hours,Bicycle Parking; Drinking Fountain; Lighting; Litter Receptacles; Planting; Plaque/Sign; Seating; Trees on Street; Trees within Space; Water Feature,,,None,992054,210758,4,86.01,,POINT (-73.971836 40.745155),False,1 AVENUE,630,630,Manhattan|630|1 AVENUE,1984,Residential Plaza,24 Hours,Residential Plaza 16390.45 sf,Bicycle Parking; Drinking Fountain; Lighting; Litter Receptacles; Planting; Plaque/Sign; Seating; Trees on Street; Trees within Space; Water Feature,,,False,,https://data.cityofnewyork.us/City-Government/Privately-Owned-Public-Spaces-POPS-/rvih-nhyn,https://data.cityofnewyork.us/resource/rvih-nhyn.json?pops_number=M060025,2025-10-14,2026-09-20T19:28:47+00:00,e2a280e21f4fe509dc14d65f2ab6e6b93bab0d41278ad258e7ea01758a870f3f
M060026,Manhattan,622 3 AVENUE,Grand Central Plaza,1012950033,1089024,40.75008,-73.975876,M060026,Manhattan,1,6,622,THIRD AVENUE,10017,"622 THIRD AVENUE, New York, NY 10017",1295,33,Northwest corner of East 40th Street and Third Avenue,1971,Completed,Arcade; Landscaped Terrace; Plaza; Through Block Arcade; Urban Plaza,"Tishman Realty and Construction Co., Inc.",Emery Roth & Sons; Moed de Armas & Shannon,"Emery Roth & Sons; Moed de Armas & Shannon/Thomas Balsley Associates (for alteration, under construction)",Arcade 1398.00 sf; Landscaped Terrace 0.00 sf; Plaza 3913.00 sf; Through Block Arcade 4621.00 sf; Urban Plaza 7906.00 sf,24 Hours; Restricted Hours,Bicycle Parking; Elevator; Food Service; Lighting; Litter Receptacles; Other Required; Planting; Plaque/Sign; Seating; Tables; Trees on Street; Trees within Space,stairway from Third Avenue to Landscaped Terrace,,Full/Partial,990934,212552,4,80,,POINT (-73.975876 40.75008),False,3 AVENUE,622,622,Manhattan|622|3 AVENUE,1971,Arcade; Landscaped Terrace; Plaza; Through Block Arcade; Urban Plaza,24 Hours; Restricted Hours,Arcade 1398.00 sf; Landscaped Terrace 0.00 sf; Plaza 3913.00 sf; Through Block Arcade 4621.00 sf; Urban Plaza 7906.00 sf,Bicycle Parking; Elevator; Food Service; Lighting; Litter Receptacles; Other Required; Planting; Plaque/Sign; Seating; Tables; Trees on Street; Trees within Space,stairway from Third Avenue to Landscaped Terrace,,False,,https://data.cityofnewyork.us/City-Government/Privately-Owned-Public-Spaces-POPS-/rvih-nhyn,https://data.cityofnewyork.us/resource/rvih-nhyn.json?pops_number=M060026,2025-10-14,2026-09-20T19:28:47+00:00,e2a280e21f4fe509dc14d65f2ab6e6b93bab0d41278ad258e7ea01758a870f3f
M060027,Manhattan,140 EAST 45 STREET,Two Grand Central Tower,1012990027,1036176,40.752748,-73.9741,M060027,Manhattan,1,6,140,EAST 45 STREET,10017,"140 EAST 45 STREET, New York, NY 10017",1299,27,South side of East 45th Street between Third and Lexington  Avenues,1982,Completed,Arcade; Sidewalk Widening; Urban Plaza,Harry Macklowe,"Schuman, Lichtenstein, Claman, Efron","Schuman, Lichtenstein, Claman, Efron",Arcade 4196.00 sf; Sidewalk Widening 1000.00 sf; Urban Plaza 1000.00 sf,24 Hours,Lighting; Litter Receptacles; Planting; Plaque/Sign; Retail Frontage; Seating; Trees on Street,,,Full/Partial,991426,213524,4,92,,POINT (-73.9741 40.752748),False,EAST 45 STREET,140,140,Manhattan|140|EAST 45 STREET,1982,Arcade; Sidewalk Widening; Urban Plaza,24 Hours,Arcade 4196.00 sf; Sidewalk Widening 1000.00 sf; Urban Plaza 1000.00 sf,Lighting; Litter Receptacles; Planting; Plaque/Sign; Retail Frontage; Seating; Trees on Street,,,False,,https://data.cityofnewyork.us/City-Government/Privately-Owned-Public-Spaces-POPS-/rvih-nhyn,https://data.cityofnewyork.us/resource/rvih-nhyn.json?pops_number=M060027,2025-10-14,2026-09-20T19:28:47+00:00,e2a280e21f4fe509dc14d65f2ab6e6b93bab0d41278ad258e7ea01758a870f3f
M060028,Manhattan,141 EAST 48 STREET,Cosmopolitan,1013037501,1036233,40.755138,-73.972442,M060028,Manhattan,1,6,141,EAST 48 STREET,10017,"141 EAST 48 STREET, New York, NY 10017",1303,7501,North side of East 48th Street between Third and Lexington Avenues,1985,Completed,Pedestrian Circulation Space; Urban Plaza,"William Zeckendorf, Jr.",The Gruzen Partnership,"Thomas Balsley Associates, Skordas Design Studio (Cafe cert 2015)",Pedestrian Circulation Space 0.00 sf; Urban Plaza 2760.83 sf,24 Hours,Bicycle Parking; Lighting; Litter Receptacles; Planting; Plaque/Sign; Seating; Trees on Street; Trees within Space,,Open Air Cafe,Full/Partial,991885,214395,4,92,,POINT (-73.972442 40.755138),False,EAST 48 STREET,141,141,Manhattan|141|EAST 48 STREET,1985,Pedestrian Circulation Space; Urban Plaza,24 Hours,Pedestrian Circulation Space 0.00 sf; Urban Plaza 2760.83 sf,Bicycle Parking; Lighting; Litter Receptacles; Planting; Plaque/Sign; Seating; Trees on Street; Trees within Space,,Open Air Cafe,False,,https://data.cityofnewyork.us/City-Government/Privately-Owned-Public-Spaces-POPS-/rvih-nhyn,https://data.cityofnewyork.us/resource/rvih-nhyn.json?pops_number=M060028,2025-10-14,2026-09-20T19:28:47+00:00,e2a280e21f4fe509dc14d65f2ab6e6b93bab0d41278ad258e7ea01758a870f3f
M060029,Manhattan,780 3 AVENUE,,1013030033,1036228,40.755012,-73.971785,M060029,Manhattan,1,6,780,THIRD AVENUE,10017,"780 THIRD AVENUE, New York, NY 10017",1303,33,West side of Third Avenue between East 48th and 49th Streets,1984,Completed,Sidewalk Widening; Urban Plaza,Cohen Brothers; Cadillac Fairview,"Skidmore, Owings & Merrill","Skidmore, Owings & Merrill",Sidewalk Widening 2882.00 sf; Urban Plaza 3745.50 sf,24 Hours,Lighting; Litter Receptacles; Plaque/Sign; Seating; Trees on Street; Trees within Space,,,None,992067,214349,4,92,,POINT (-73.971785 40.755012),False,3 AVENUE,780,780,Manhattan|780|3 AVENUE,1984,Sidewalk Widening; Urban Plaza,24 Hours,Sidewalk Widening 2882.00 sf; Urban Plaza 3745.50 sf,Lighting; Litter Receptacles; Plaque/Sign; Seating; Trees on Street; Trees within Space,,,False,,https://data.cityofnewyork.us/City-Government/Privately-Owned-Public-Spaces-POPS-/rvih-nhyn,https://data.cityofnewyork.us/resource/rvih-nhyn.json?pops_number=M060029,2025-10-14,2026-09-20T19:28:47+00:00,e2a280e21f4fe509dc14d65f2ab6e6b93bab0d41278ad258e7ea01758a870f3f
M060030,Manhattan,800 3 AVENUE,,1013040033,1036446,40.755635,-73.971355,M060030,Manhattan,1,6,800,THIRD AVENUE,10022,"800 THIRD AVENUE, New York, NY 10022",1304,33,West side of Third Avenue between East 49th and 50th Streets,1972,Completed,Arcade; Plaza,"Cohen, Levy & Wohl",Emery Roth & Sons,Emery Roth & Sons,Arcade 1626.67 sf; Plaza 6739.25 sf,24 Hours,None,,,Full/Partial,992186,214576,4,100,,POINT (-73.971355 40.755635),False,3 AVENUE,800,800,Manhattan|800|3 AVENUE,1972,Arcade; Plaza,24 Hours,Arcade 1626.67 sf; Plaza 6739.25 sf,None,,,False,,https://data.cityofnewyork.us/City-Government/Privately-Owned-Public-Spaces-POPS-/rvih-nhyn,https://data.cityofnewyork.us/resource/rvih-nhyn.json?pops_number=M060030,2025-10-14,2026-09-20T19:28:47+00:00,e2a280e21f4fe509dc14d65f2ab6e6b93bab0d41278ad258e7ea01758a870f3f
M060031,Manhattan,599 LEXINGTON AVENUE,,1013070023,1036467,40.757866,-73.970752,M060031,Manhattan,1,6,599,LEXINGTON AVENUE,10022,"599 LEXINGTON AVENUE, New York, NY 10022",1307,23,East side of Lexington Avenue between East 52nd and 53rd Streets,1985,Completed,Open Space and Sidewalk Widenings,Boston Properties,Edward Larrabee Barnes Associates,Edward Larrabee Barnes Associates,Open Space and Sidewalk Widenings 0.00 sf,24 Hours,Plaque/Sign; Subway; Trees on Street,,Other Permitted,Full/Partial,992353,215389,4,100,,POINT (-73.970752 40.757866),False,LEXINGTON AVENUE,599,599,Manhattan|599|LEXINGTON AVENUE,1985,Open Space and Sidewalk Widenings,24 Hours,Open Space and Sidewalk Widenings 0.00 sf,Plaque/Sign; Subway; Trees on Street,,Other Permitted,False,,https://data.cityofnewyork.us/City-Government/Privately-Owned-Public-Spaces-POPS-/rvih-nhyn,https://data.cityofnewyork.us/resource/rvih-nhyn.json?pops_number=M060031,2025-10-14,2026-09-20T19:28:47+00:00,e2a280e21f4fe509dc14d65f2ab6e6b93bab0d41278ad258e7ea01758a870f3f
M060032,Manhattan,153 EAST 53 STREET,Citigroup Center,1013087501,1036474,40.758398,-73.970037,M060032,Manhattan,1,6,153,EAST 53 STREET,10022,"153 EAST 53 STREET, New York, NY 10022",1308,7501,Full blockfront on east side of Lexington Avenue between East 53rd and East 54th Streets,1975,Completed,Covered Pedestrian Space; Open Air Concourse; Plaza; Through Block Arcade,First National City Bank,Hugh Stubbins and Associates/Emery Roth & Sons,Hugh Stubbins and Associates/Emery Roth & Sons; Gwathmey Siegel & Associates (for alteration in 1995); Ricardo Zurita Architecture and Planning (for alteration in 2003); Gensler Architecture Design (for 2016 design change),Covered Pedestrian Space 7247.00 sf; Open Air Concourse 5873.00 sf; Plaza 2266.00 sf; Through Block Arcade 4170.00 sf,24 Hours; Closing for Events; Restricted Hours,Artwork; Escalator; Food Service; Litter Receptacles; Other Required; Planting; Plaque/Sign; Restrooms; Retail Frontage; Seating; Subway; Tables; Trees on Street; Trees within Space,"access to Covered Pedestrian Space from southwest corner of building on East 53rd Street, from northeast corner of building on Third Avenue through retail space and restaurant, from Open Air Concourse through building lobby, from Plaza on Lexington Avenue",,Full/Partial,992551,215583,4,100,,POINT (-73.970037 40.758398),False,EAST 53 STREET,153,153,Manhattan|153|EAST 53 STREET,1975,Covered Pedestrian Space; Open Air Concourse; Plaza; Through Block Arcade,24 Hours; Closing for Events; Restricted Hours,Covered Pedestrian Space 7247.00 sf; Open Air Concourse 5873.00 sf; Plaza 2266.00 sf; Through Block Arcade 4170.00 sf,Artwork; Escalator; Food Service; Litter Receptacles; Other Required; Planting; Plaque/Sign; Restrooms; Retail Frontage; Seating; Subway; Tables; Trees on Street; Trees within Space,"access to Covered Pedestrian Space from southwest corner of building on East 53rd Street, from northeast corner of building on Third Avenue through retail space and restaurant, from Open Air Concourse through building lobby, from Plaza on Lexington Avenue",,False,,https://data.cityofnewyork.us/City-Government/Privately-Owned-Public-Spaces-POPS-/rvih-nhyn,https://data.cityofnewyork.us/resource/rvih-nhyn.json?pops_number=M060032,2025-10-14,2026-09-20T19:28:47+00:00,e2a280e21f4fe509dc14d65f2ab6e6b93bab0d41278ad258e7ea01758a870f3f
M060033,Manhattan,900 3 AVENUE,,1013090032,1081162,40.758703,-73.969094,M060033,Manhattan,1,6,900,THIRD AVENUE,10022,"900 THIRD AVENUE, New York, NY 10022",1309,32,West side of Third Avenue between East 54th and 55th Streets,1983,Completed,Sidewalk Widening,Progress Partners,Pelli/Vinoly,Pelli/Vinoly,Sidewalk Widening 2300.00 sf,24 Hours,Trees on Street,,,Full/Partial,992812,215694,4,100,,POINT (-73.969094 40.758703),False,3 AVENUE,900,900,Manhattan|900|3 AVENUE,1983,Sidewalk Widening,24 Hours,Sidewalk Widening 2300.00 sf,Trees on Street,,,False,,https://data.cityofnewyork.us/City-Government/Privately-Owned-Public-Spaces-POPS-/rvih-nhyn,https://data.cityofnewyork.us/resource/rvih-nhyn.json?pops_number=M060033,2025-10-14,2026-09-20T19:28:47+00:00,e2a280e21f4fe509dc14d65f2ab6e6b93bab0d41278ad258e7ea01758a870f3f
M060034,Manhattan,950 3 AVENUE,,1013110040,1036882,40.760198,-73.968094,M060034,Manhattan,1,6,950,THIRD AVENUE,10022,"950 THIRD AVENUE, New York, NY 10022",1311,40,Southwest corner of Third Avenue and East 57th Street,1971,Completed,Plaza,Greenwich Savings Bank,Kahn and Jacobs,Kahn and Jacobs,Plaza 2305.00 sf,24 Hours,None,,,Full/Partial,993089,216239,4,112.03,,POINT (-73.968094 40.760198),False,3 AVENUE,950,950,Manhattan|950|3 AVENUE,1971,Plaza,24 Hours,Plaza 2305.00 sf,None,,,False,,https://data.cityofnewyork.us/City-Government/Privately-Owned-Public-Spaces-POPS-/rvih-nhyn,https://data.cityofnewyork.us/resource/rvih-nhyn.json?pops_number=M060034,2025-10-14,2026-09-20T19:28:47+00:00,e2a280e21f4fe509dc14d65f2ab6e6b93bab0d41278ad258e7ea01758a870f3f
M060035,Manhattan,150 EAST 58 STREET,Architects and Designers,1013120041,1036915,40.761036,-73.967924,M060035,Manhattan,1,6,150,EAST 58 STREET,10155,"150 EAST 58 STREET, New York, NY 10155",1312,41,South side of East 58th Street between Third and Lexington Avenues,1969,Completed,Plaza,,Pomerance & Breines,Pomerance & Breines,Plaza 3600.00 sf,24 Hours,None,,,Full/Partial,993136,216544,4,112.03,,POINT (-73.967924 40.761036),False,EAST 58 STREET,150,150,Manhattan|150|EAST 58 STREET,1969,Plaza,24 Hours,Plaza 3600.00 sf,None,,,False,,https://data.cityofnewyork.us/City-Government/Privately-Owned-Public-Spaces-POPS-/rvih-nhyn,https://data.cityofnewyork.us/resource/rvih-nhyn.json?pops_number=M060035,2025-10-14,2026-09-20T19:28:47+00:00,e2a280e21f4fe509dc14d65f2ab6e6b93bab0d41278ad258e7ea01758a870f3f
M060037,Manhattan,245 EAST 40 STREET,Marlborough,1013140021,1037175,40.748957,-73.973343,M060037,Manhattan,1,6,245,EAST 40 STREET,10016,"245 EAST 40 STREET, New York, NY 10016",1314,21,Northwest corner of East 40th Street and Second Avenue,1973,Completed,Arcade; Plaza,,Emery Roth & Sons,Emery Roth & Sons,Arcade 648.00 sf; Plaza 7505.30 sf,24 Hours,None,,,Full/Partial,991636,212143,4,88,,POINT (-73.973343 40.748957),False,EAST 40 STREET,245,245,Manhattan|245|EAST 40 STREET,1973,Arcade; Plaza,24 Hours,Arcade 648.00 sf; Plaza 7505.30 sf,None,,,False,,https://data.cityofnewyork.us/City-Government/Privately-Owned-Public-Spaces-POPS-/rvih-nhyn,https://data.cityofnewyork.us/resource/rvih-nhyn.json?pops_number=M060037,2025-10-14,2026-09-20T19:28:47+00:00,e2a280e21f4fe509dc14d65f2ab6e6b93bab0d41278ad258e7ea01758a870f3f
M060038,Manhattan,235 EAST 40 STREET,Vanderbilt,1013147501,1037178,40.74921,-73.973675,M060038,Manhattan,1,6,235,EAST 40 STREET,10016,"235 EAST 40 STREET, New York, NY 10016",1314,7501,South side of East 41st Street between Second and Third Avenues,1986,Completed,Residential Plaza,Zeckendorf Worldwide,Frank Williams & Associates,M. Paul Friedberg & Partners,Residential Plaza 9003.93 sf,24 Hours,Bicycle Parking; Drinking Fountain; Lighting; Litter Receptacles; Planting; Plaque/Sign; Seating; Trees on Street; Trees within Space,,,Full/Partial,991544,212235,4,88,,POINT (-73.973675 40.74921),False,EAST 40 STREET,235,235,Manhattan|235|EAST 40 STREET,1986,Residential Plaza,24 Hours,Residential Plaza 9003.93 sf,Bicycle Parking; Drinking Fountain; Lighting; Litter Receptacles; Planting; Plaque/Sign; Seating; Trees on Street; Trees within Space,,,False,,https://data.cityofnewyork.us/City-Government/Privately-Owned-Public-Spaces-POPS-/rvih-nhyn,https://data.cityofnewyork.us/resource/rvih-nhyn.json?pops_number=M060038,2025-10-14,2026-09-20T19:28:47+00:00,e2a280e21f4fe509dc14d65f2ab6e6b93bab0d41278ad258e7ea01758a870f3f
M060039,Manhattan,212 EAST 42 STREET,New York Helmsley Hotel,1013150044,1037547,40.750107,-73.973982,M060039,Manhattan,1,6,212,EAST 42 STREET,10017,"212 EAST 42 STREET, New York, NY 10017",1315,44,South side of East 42nd Street between Second and Third Avenues,1980,Completed,Urban Plaza,Harry B. Helmsley,Emery Roth & Sons,Emery Roth & Sons,Urban Plaza 3040.00 sf,24 Hours,Lighting; Litter Receptacles; Plaque/Sign; Retail Frontage; Seating; Trees on Street; Trees within Space,,,Full/Partial,991459,212562,4,88,,POINT (-73.973982 40.750107),False,EAST 42 STREET,212,212,Manhattan|212|EAST 42 STREET,1980,Urban Plaza,24 Hours,Urban Plaza 3040.00 sf,Lighting; Litter Receptacles; Plaque/Sign; Retail Frontage; Seating; Trees on Street; Trees within Space,,,False,,https://data.cityofnewyork.us/City-Government/Privately-Owned-Public-Spaces-POPS-/rvih-nhyn,https://data.cityofnewyork.us/resource/rvih-nhyn.json?pops_number=M060039,2025-10-14,2026-09-20T19:28:47+00:00,e2a280e21f4fe509dc14d65f2ab6e6b93bab0d41278ad258e7ea01758a870f3f
M060040,Manhattan,201 EAST 42 STREET,,1013160001,1037549,40.751016,-73.973869,M060040,Manhattan,1,6,201,EAST 42 STREET,10017,"201 EAST 42 STREET, New York, NY 10017",1316,1,Northeast corner of East 42nd Street and Third Avenue,1965,Completed,Plaza,,Emery Roth & Sons,Ted Moudis Associates [2000 Sources: Emery Roth & Sons],Plaza 1997.00 sf,24 Hours,Bicycle Parking; Lighting; Litter Receptacles; Planting; Plaque/Sign; Seating; Trees on Street,,,Full/Partial,991490,212893,4,88,,POINT (-73.973869 40.751016),False,EAST 42 STREET,201,201,Manhattan|201|EAST 42 STREET,1965,Plaza,24 Hours,Plaza 1997.00 sf,Bicycle Parking; Lighting; Litter Receptacles; Planting; Plaque/Sign; Seating; Trees on Street,,,False,,https://data.cityofnewyork.us/City-Government/Privately-Owned-Public-Spaces-POPS-/rvih-nhyn,https://data.cityofnewyork.us/resource/rvih-nhyn.json?pops_number=M060040,2025-10-14,2026-09-20T19:28:47+00:00,e2a280e21f4fe509dc14d65f2ab6e6b93bab0d41278ad258e7ea01758a870f3f
M060041,Manhattan,685 3 AVENUE,,1013170001,1037555,40.751581,-73.973331,M060041,Manhattan,1,6,685,THIRD AVENUE,10017,"685 THIRD AVENUE, New York, NY 10017",1317,1,East side of Third Avenue between East 43rd and 44th Streets,1975,Completed,Augmented Sidewalk; Vest Pocket Park,American Home Products Corporation,Emery Roth & Sons,Emery Roth & Sons,Augmented Sidewalk 570.00 sf; Vest Pocket Park 4000.00 sf,24 Hours; Restricted Hours,Food Service; Lighting; Planting; Seating; Tables; Trees on Street; Trees within Space,,,Full/Partial,991639,213099,4,88,,POINT (-73.973331 40.751581),False,3 AVENUE,685,685,Manhattan|685|3 AVENUE,1975,Augmented Sidewalk; Vest Pocket Park,24 Hours; Restricted Hours,Augmented Sidewalk 570.00 sf; Vest Pocket Park 4000.00 sf,Food Service; Lighting; Planting; Seating; Tables; Trees on Street; Trees within Space,,,False,,https://data.cityofnewyork.us/City-Government/Privately-Owned-Public-Spaces-POPS-/rvih-nhyn,https://data.cityofnewyork.us/resource/rvih-nhyn.json?pops_number=M060041,2025-10-14,2026-09-20T19:28:47+00:00,e2a280e21f4fe509dc14d65f2ab6e6b93bab0d41278ad258e7ea01758a870f3f
M060044,Manhattan,240 EAST 47 STREET,Dag Hammarskjold Tower,1013207501,1037607,40.752857,-73.970433,M060044,Manhattan,1,6,240,EAST 47 STREET,10017,"240 EAST 47 STREET, New York, NY 10017",1320,7501,West side of Second Avenue between East 46th and 47th Streets,1982,Completed,Non-Bonused Space; Residential Plaza,"R. H. Sanbar Projects, Inc.",Gruzen & Partners; Philip Birnbaum & Associates,M. Paul Friedberg & Partners; Raquel Ramati Associates (for alteration in 2003),Non-Bonused Space 0.00 sf; Residential Plaza 9638.56 sf,24 Hours; Restricted Hours,Bicycle Parking; Drinking Fountain; Lighting; Litter Receptacles; Planting; Plaque/Sign; Seating; Trees on Street; Trees within Space; Water Feature,,,Full/Partial,992442,213564,4,90,,POINT (-73.970433 40.752857),False,EAST 47 STREET,240,240,Manhattan|240|EAST 47 STREET,1982,Non-Bonused Space; Residential Plaza,24 Hours; Restricted Hours,Non-Bonused Space 0.00 sf; Residential Plaza 9638.56 sf,Bicycle Parking; Drinking Fountain; Lighting; Litter Receptacles; Planting; Plaque/Sign; Seating; Trees on Street; Trees within Space; Water Feature,,,False,,https://data.cityofnewyork.us/City-Government/Privately-Owned-Public-Spaces-POPS-/rvih-nhyn,https://data.cityofnewyork.us/resource/rvih-nhyn.json?pops_number=M060044,2025-10-14,2026-09-20T19:28:47+00:00,e2a280e21f4fe509dc14d65f2ab6e6b93bab0d41278ad258e7ea01758a870f3f
M060045,Manhattan,212 EAST 47 STREET,L'Ecole,1013207506,1037599,40.753272,-73.971659,M060045,Manhattan,1,6,212,EAST 47 STREET,10017,"212 EAST 47 STREET, New York, NY 10017",1320,7506,South side of East 47th Street between Second and Third Avenues,1979,Completed,Plaza,,Philip Birnbaum,Philip Birnbaum,Plaza 5316.00 sf,24 Hours,None,,,Full/Partial,992102,213715,4,90,,POINT (-73.971659 40.753272),False,EAST 47 STREET,212,212,Manhattan|212|EAST 47 STREET,1979,Plaza,24 Hours,Plaza 5316.00 sf,None,,,False,,https://data.cityofnewyork.us/City-Government/Privately-Owned-Public-Spaces-POPS-/rvih-nhyn,https://data.cityofnewyork.us/resource/rvih-nhyn.json?pops_number=M060045,2025-10-14,2026-09-20T19:28:47+00:00,e2a280e21f4fe509dc14d65f2ab6e6b93bab0d41278ad258e7ea01758a870f3f
M060046,Manhattan,747 3 AVENUE,,1013200046,1081179,40.75348,-73.972049,M060046,Manhattan,1,6,747,THIRD AVENUE,10017,"747 THIRD AVENUE, New York, NY 10017",1320,46,East side of Third Avenue between East 46th and 47th Streets,1972,Completed,Plaza,"William Kaufman, Louis Feil",Emery Roth & Sons,"Emery Roth & Sons; Mojo Stumer Associates, Mark K. Morrison, and Brandston Partnership (for alteration in 2012)",Plaza 4572.58 sf,24 Hours,Artwork; Bicycle Parking; Lighting; Litter Receptacles; Planting; Plaque/Sign; Seating; Trees on Street,,,Full/Partial,991994,213791,4,90,,POINT (-73.972049 40.75348),False,3 AVENUE,747,747,Manhattan|747|3 AVENUE,1972,Plaza,24 Hours,Plaza 4572.58 sf,Artwork; Bicycle Parking; Lighting; Litter Receptacles; Planting; Plaque/Sign; Seating; Trees on Street,,,False,,https://data.cityofnewyork.us/City-Government/Privately-Owned-Public-Spaces-POPS-/rvih-nhyn,https://data.cityofnewyork.us/resource/rvih-nhyn.json?pops_number=M060046,2025-10-14,2026-09-20T19:28:47+00:00,e2a280e21f4fe509dc14d65f2ab6e6b93bab0d41278ad258e7ea01758a870f3f
M060047,Manhattan,885 2 AVENUE,1 Dag Hammarskjold Plaza,1013210022,1037988,40.753494,-73.970226,M060047,Manhattan,1,6,885,SECOND AVENUE,10017,"885 SECOND AVENUE, New York, NY 10017",1321,22,West side of Second Avenue between East 47th and 48th Streets,1972,Completed,Additional Plaza; Plaza,"Arthur Belfer, L. Ruben, Jerome Weinstein,  Annbar Associates",Emery Roth & Sons,Emery Roth & Sons,Additional Plaza 0.00 sf; Plaza 13962.00 sf,24 Hours,Planting; Seating,,,Full/Partial,992499,213796,4,90,,POINT (-73.970226 40.753494),False,2 AVENUE,885,885,Manhattan|885|2 AVENUE,1972,Additional Plaza; Plaza,24 Hours,Additional Plaza 0.00 sf; Plaza 13962.00 sf,Planting; Seating,,,False,,https://data.cityofnewyork.us/City-Government/Privately-Owned-Public-Spaces-POPS-/rvih-nhyn,https://data.cityofnewyork.us/resource/rvih-nhyn.json?pops_number=M060047,2025-10-14,2026-09-20T19:28:47+00:00,e2a280e21f4fe509dc14d65f2ab6e6b93bab0d41278ad258e7ea01758a870f3f
M060048,Manhattan,767 3 AVENUE,,1013210047,1037996,40.754219,-73.971406,M060048,Manhattan,1,6,767,THIRD AVENUE,10017,"767 THIRD AVENUE, New York, NY 10017",1321,47,Southeast corner of Third Avenue and East 48th Street,1981,Completed,Arcade; Urban Plaza,William Kaufman Organization,Fox & Fowle Architects,Fox & Fowle Architects,Arcade 5067.74 sf; Urban Plaza 3065.50 sf,24 Hours,Lighting; Litter Receptacles; Plaque/Sign; Seating; Trees on Street; Trees within Space,,,Full/Partial,992172,214060,4,90,,POINT (-73.971406 40.754219),False,3 AVENUE,767,767,Manhattan|767|3 AVENUE,1981,Arcade; Urban Plaza,24 Hours,Arcade 5067.74 sf; Urban Plaza 3065.50 sf,Lighting; Litter Receptacles; Plaque/Sign; Seating; Trees on Street; Trees within Space,,,False,,https://data.cityofnewyork.us/City-Government/Privately-Owned-Public-Spaces-POPS-/rvih-nhyn,https://data.cityofnewyork.us/resource/rvih-nhyn.json?pops_number=M060048,2025-10-14,2026-09-20T19:28:47+00:00,e2a280e21f4fe509dc14d65f2ab6e6b93bab0d41278ad258e7ea01758a870f3f
M060049,Manhattan,777 3 AVENUE,,1013220001,1038000,40.754712,-73.971092,M060049,Manhattan,1,6,777,THIRD AVENUE,10017,"777 THIRD AVENUE, New York, NY 10017",1322,1,East side of Third Avenue between East 48th and 49th Streets,1963,Completed,Arcade; Plaza,"William Kaufman, Jack Weiner, Benjamin Swig",William Lescaze,William Lescaze,Arcade 5529.00 sf; Plaza 6393.00 sf,24 Hours,None,,,Full/Partial,992259,214240,4,90,,POINT (-73.971092 40.754712),False,3 AVENUE,777,777,Manhattan|777|3 AVENUE,1963,Arcade; Plaza,24 Hours,Arcade 5529.00 sf; Plaza 6393.00 sf,None,,,False,,https://data.cityofnewyork.us/City-Government/Privately-Owned-Public-Spaces-POPS-/rvih-nhyn,https://data.cityofnewyork.us/resource/rvih-nhyn.json?pops_number=M060049,2025-10-14,2026-09-20T19:28:47+00:00,e2a280e21f4fe509dc14d65f2ab6e6b93bab0d41278ad258e7ea01758a870f3f
M060050,Manhattan,255 EAST 49 STREET,Sterling Plaza,1013237501,1038254,40.754635,-73.96906,M060050,Manhattan,1,6,255,EAST 49 STREET,10017,"255 EAST 49 STREET, New York, NY 10017",1323,7501,Northwest corner of East 49th Street and Second Avenue,1985,Completed,Residential Plaza,,"Schuman, Lichtenstein, Claman, Efron",Vreeland & Guerriero Landscape Architects,Residential Plaza 4759.39 sf,24 Hours,Bicycle Parking; Drinking Fountain; Lighting; Litter Receptacles; Planting; Plaque/Sign; Retail Frontage; Seating; Trees on Street; Trees within Space,,,Full/Partial,992822,214212,4,98,,POINT (-73.96906 40.754635),False,EAST 49 STREET,255,255,Manhattan|255|EAST 49 STREET,1985,Residential Plaza,24 Hours,Residential Plaza 4759.39 sf,Bicycle Parking; Drinking Fountain; Lighting; Litter Receptacles; Planting; Plaque/Sign; Retail Frontage; Seating; Trees on Street; Trees within Space,,,False,,https://data.cityofnewyork.us/City-Government/Privately-Owned-Public-Spaces-POPS-/rvih-nhyn,https://data.cityofnewyork.us/resource/rvih-nhyn.json?pops_number=M060050,2025-10-14,2026-09-20T19:28:47+00:00,e2a280e21f4fe509dc14d65f2ab6e6b93bab0d41278ad258e7ea01758a870f3f
M060051,Manhattan,805 3 AVENUE,Crystal Pavilion,1013230047,1038243,40.755388,-73.97054,M060051,Manhattan,1,6,805,THIRD AVENUE,10022,"805 THIRD AVENUE, New York, NY 10022",1323,47,East side of Third Avenue between East 49th and 50th Streets,1982,Completed,Covered Pedestrian Space,Sherman and Edward B. Cohen,Emery Roth & Sons,Bromley Jacobson,Covered Pedestrian Space 0.00 sf,Restricted Hours,Climate Control; Escalator; Lighting; Other Required; Planting; Plaque/Sign; Restrooms; Retail Frontage; Seating; Tables; Trees within Space; Water Feature,"skylight; no banks, insurance or travel agencies, or similar businesses may face Covered Pedestrian Space",,Full/Partial,992412,214486,4,98,,POINT (-73.97054 40.755388),False,3 AVENUE,805,805,Manhattan|805|3 AVENUE,1982,Covered Pedestrian Space,Restricted Hours,Covered Pedestrian Space 0.00 sf,Climate Control; Escalator; Lighting; Other Required; Planting; Plaque/Sign; Restrooms; Retail Frontage; Seating; Tables; Trees within Space; Water Feature,"skylight; no banks, insurance or travel agencies, or similar businesses may face Covered Pedestrian Space",,False,,https://data.cityofnewyork.us/City-Government/Privately-Owned-Public-Spaces-POPS-/rvih-nhyn,https://data.cityofnewyork.us/resource/rvih-nhyn.json?pops_number=M060051,2025-10-14,2026-09-20T19:28:47+00:00,e2a280e21f4fe509dc14d65f2ab6e6b93bab0d41278ad258e7ea01758a870f3f
M060052,Manhattan,825 3 AVENUE,,1013247503,1081185,40.755906,-73.970095,M060052,Manhattan,1,6,825,THIRD AVENUE,10022,"825 THIRD AVENUE, New York, NY 10022",1324,7503,Northeast corner of East 50th Street and Third Avenue,1969,Completed,Plaza,The Durst Organization,Emery Roth & Sons,Emery Roth & Sons,Plaza 3969.00 sf,24 Hours,None,,,Full/Partial,992535,214675,4,98,,POINT (-73.970095 40.755906),False,3 AVENUE,825,825,Manhattan|825|3 AVENUE,1969,Plaza,24 Hours,Plaza 3969.00 sf,None,,,False,,https://data.cityofnewyork.us/City-Government/Privately-Owned-Public-Spaces-POPS-/rvih-nhyn,https://data.cityofnewyork.us/resource/rvih-nhyn.json?pops_number=M060052,2025-10-14,2026-09-20T19:28:47+00:00,e2a280e21f4fe509dc14d65f2ab6e6b93bab0d41278ad258e7ea01758a870f3f
M060054,Manhattan,875 3 AVENUE,,1013260001,1038517,40.757218,-73.969196,M060054,Manhattan,1,6,875,THIRD AVENUE,10022,"875 THIRD AVENUE, New York, NY 10022",1326,1,East side of Third Avenue between East 52nd and 53rd Streets,1980,Completed,Arcade; Covered Pedestrian Space; Open Space; Public Circulation Space,Madison Equities,"Skidmore, Owings & Merrill","Skidmore, Owings & Merrill; David Kenneth Specter",Arcade 620.00 sf; Covered Pedestrian Space 6975.00 sf; Open Space 0.00 sf; Public Circulation Space 0.00 sf,24 Hours; Restricted Hours,Climate Control; Escalator; Food Service; Other Required; Planting; Plaque/Sign; Programs; Restrooms; Retail Frontage; Seating; Subway; Tables; Trees on Street,2 security guards to patrol spaces during public hours,Other Permitted,Full/Partial,992784,215153,4,98,,POINT (-73.969196 40.757218),False,3 AVENUE,875,875,Manhattan|875|3 AVENUE,1980,Arcade; Covered Pedestrian Space; Open Space; Public Circulation Space,24 Hours; Restricted Hours,Arcade 620.00 sf; Covered Pedestrian Space 6975.00 sf; Open Space 0.00 sf; Public Circulation Space 0.00 sf,Climate Control; Escalator; Food Service; Other Required; Planting; Plaque/Sign; Programs; Restrooms; Retail Frontage; Seating; Subway; Tables; Trees on Street,2 security guards to patrol spaces during public hours,Other Permitted,False,,https://data.cityofnewyork.us/City-Government/Privately-Owned-Public-Spaces-POPS-/rvih-nhyn,https://data.cityofnewyork.us/resource/rvih-nhyn.json?pops_number=M060054,2025-10-14,2026-09-20T19:28:47+00:00,e2a280e21f4fe509dc14d65f2ab6e6b93bab0d41278ad258e7ea01758a870f3f
M060055,Manhattan,885 3 AVENUE,,1013277504,1038549,40.757885,-73.968777,M060055,Manhattan,1,6,885,THIRD AVENUE,10022,"885 THIRD AVENUE, New York, NY 10022",1327,7504,East side of Third Avenue between East 53rd and 54th Streets,1985,Completed,Pedestrian Circulation Space,Gerald Hines,John Burgee Architects with Philip Johnson,John Burgee Architects with Philip Johnson,Pedestrian Circulation Space 0.00 sf,24 Hours,Lighting; Planting; Plaque/Sign; Subway; Trees on Street,,,Full/Partial,992900,215396,4,98,,POINT (-73.968777 40.757885),False,3 AVENUE,885,885,Manhattan|885|3 AVENUE,1985,Pedestrian Circulation Space,24 Hours,Pedestrian Circulation Space 0.00 sf,Lighting; Planting; Plaque/Sign; Subway; Trees on Street,,,False,,https://data.cityofnewyork.us/City-Government/Privately-Owned-Public-Spaces-POPS-/rvih-nhyn,https://data.cityofnewyork.us/resource/rvih-nhyn.json?pops_number=M060055,2025-10-14,2026-09-20T19:28:47+00:00,e2a280e21f4fe509dc14d65f2ab6e6b93bab0d41278ad258e7ea01758a870f3f
M060056,Manhattan,909 3 AVENUE,,1013280001,1038570,40.758299,-73.967903,M060056,Manhattan,1,6,909,THIRD AVENUE,10022,"909 THIRD AVENUE, New York, NY 10022",1328,1,East Side of Third Avenue between East 54th and 55th Streets,1967,Completed,Arcade; Plaza,"Tishman Realty & Construction Co., Inc.",Emery Roth & Sons,Emery Roth & Sons,Arcade 7020.15 sf; Plaza 4622.08 sf,24 Hours,None,,,Full/Partial,993142,215547,4,108,,POINT (-73.967903 40.758299),False,3 AVENUE,909,909,Manhattan|909|3 AVENUE,1967,Arcade; Plaza,24 Hours,Arcade 7020.15 sf; Plaza 4622.08 sf,None,,,False,,https://data.cityofnewyork.us/City-Government/Privately-Owned-Public-Spaces-POPS-/rvih-nhyn,https://data.cityofnewyork.us/resource/rvih-nhyn.json?pops_number=M060056,2025-10-14,2026-09-20T19:28:47+00:00,e2a280e21f4fe509dc14d65f2ab6e6b93bab0d41278ad258e7ea01758a870f3f
M060057,Manhattan,245 EAST 54 STREET,Brevard,1013280021,1038575,40.757849,-73.966795,M060057,Manhattan,1,6,245,EAST 54 STREET,10022,"245 EAST 54 STREET, New York, NY 10022",1328,21,West side of Second Avenue between East 54th and 55th Streets,1974,Completed,Plaza; Residential Plaza,,Philip Birnbaum,Sidney Philip Gilbert & Associates,Plaza 3358.30 sf; Residential Plaza 5755.48 sf,24 Hours; Restricted Hours,Bicycle Parking; Drinking Fountain; Food Service; Lighting; Litter Receptacles; Other Required; Planting; Plaque/Sign; Seating; Tables; Trees on Street; Trees within Space; Water Feature,video surveillance cameras,Open Air Cafe,Full/Partial,993449,215383,4,108,,POINT (-73.966795 40.757849),False,EAST 54 STREET,245,245,Manhattan|245|EAST 54 STREET,1974,Plaza; Residential Plaza,24 Hours; Restricted Hours,Plaza 3358.30 sf; Residential Plaza 5755.48 sf,Bicycle Parking; Drinking Fountain; Food Service; Lighting; Litter Receptacles; Other Required; Planting; Plaque/Sign; Seating; Tables; Trees on Street; Trees within Space; Water Feature,video surveillance cameras,Open Air Cafe,False,,https://data.cityofnewyork.us/City-Government/Privately-Owned-Public-Spaces-POPS-/rvih-nhyn,https://data.cityofnewyork.us/resource/rvih-nhyn.json?pops_number=M060057,2025-10-14,2026-09-20T19:28:47+00:00,e2a280e21f4fe509dc14d65f2ab6e6b93bab0d41278ad258e7ea01758a870f3f
M060058,Manhattan,919 3 AVENUE,,1013290001,1038577,40.758963,-73.967589,M060058,Manhattan,1,6,919,THIRD AVENUE,10022,"919 THIRD AVENUE, New York, NY 10022",1329,1,East side of Third Avenue between East 55th and 56th Streets,1970,Completed,Plaza,,"Skidmore, Owings & Merrill","Skidmore, Owings & Merrill",Plaza 19772.00 sf,24 Hours,None,,,Full/Partial,993229,215789,4,108,,POINT (-73.967589 40.758963),False,3 AVENUE,919,919,Manhattan|919|3 AVENUE,1970,Plaza,24 Hours,Plaza 19772.00 sf,None,,,False,,https://data.cityofnewyork.us/City-Government/Privately-Owned-Public-Spaces-POPS-/rvih-nhyn,https://data.cityofnewyork.us/resource/rvih-nhyn.json?pops_number=M060058,2025-10-14,2026-09-20T19:28:47+00:00,e2a280e21f4fe509dc14d65f2ab6e6b93bab0d41278ad258e7ea01758a870f3f
M060059,Manhattan,309 EAST 48 STREET,Libya House,1013410006,1038917,40.753512,-73.968588,M060059,Manhattan,1,6,309,EAST 48 STREET,10017,"309 EAST 48 STREET, New York, NY 10017",1341,6,North side of East 48th Street between First and Second Avenues,1984,Completed,Arcade; Plaza,309-315 East 48th Street Company,Raymond & Rado and Partners,Raymond & Rado and Partners,Arcade 1123.66 sf; Plaza 1942.00 sf,24 Hours,None,,,Full/Partial,992953,213803,4,90,,POINT (-73.968588 40.753512),False,EAST 48 STREET,309,309,Manhattan|309|EAST 48 STREET,1984,Arcade; Plaza,24 Hours,Arcade 1123.66 sf; Plaza 1942.00 sf,None,,,False,,https://data.cityofnewyork.us/City-Government/Privately-Owned-Public-Spaces-POPS-/rvih-nhyn,https://data.cityofnewyork.us/resource/rvih-nhyn.json?pops_number=M060059,2025-10-14,2026-09-20T19:28:47+00:00,e2a280e21f4fe509dc14d65f2ab6e6b93bab0d41278ad258e7ea01758a870f3f
M060060,Manhattan,3 UNITED NATIONS PLAZA,UNICEF House,1013360031,1038670,40.750285,-73.969853,M060060,Manhattan,1,6,3,UNITED NATIONS PLAZA,10017,"3 UNITED NATIONS PLAZA, New York, NY 10017",1336,31,South side of East 44th Street between First and Second Avenues,1987,Completed,Urban Plaza,United Nations Development Corporation,Kevin Roche John Dinkeloo and Associates,Kevin Roche John Dinkeloo and Associates,Urban Plaza 5025.00 sf,Restricted Hours,Artwork; Lighting; Litter Receptacles; Other Required; Planting; Plaque/Sign; Seating; Tables; Trees on Street; Trees within Space; Water Feature,glass canopy,,Full/Partial,992603,212627,4,88,,POINT (-73.969853 40.750285),False,UNITED NATIONS PLAZA,3,3,Manhattan|3|UNITED NATIONS PLAZA,1987,Urban Plaza,Restricted Hours,Urban Plaza 5025.00 sf,Artwork; Lighting; Litter Receptacles; Other Required; Planting; Plaque/Sign; Seating; Tables; Trees on Street; Trees within Space; Water Feature,glass canopy,,False,,https://data.cityofnewyork.us/City-Government/Privately-Owned-Public-Spaces-POPS-/rvih-nhyn,https://data.cityofnewyork.us/resource/rvih-nhyn.json?pops_number=M060060,2025-10-14,2026-09-20T19:28:47+00:00,e2a280e21f4fe509dc14d65f2ab6e6b93bab0d41278ad258e7ea01758a870f3f
M060061,Manhattan,303 EAST 43 STREET,International Plaza,1013367501,1038674,40.75056,-73.971256,M060061,Manhattan,1,6,303,EAST 43 STREET,10017,"303 EAST 43 STREET, New York, NY 10017",1336,7501,Northeast corner of Second Avenue and East 43rd Street,1984,Completed,Residential Plaza,,Avinash Malhotra,Avinash Malhotra,Residential Plaza 3347.33 sf,24 Hours,Bicycle Parking; Drinking Fountain; Lighting; Litter Receptacles; Planting; Plaque/Sign; Seating; Trees on Street; Trees within Space,,,Full/Partial,992214,212727,4,88,,POINT (-73.971256 40.75056),False,EAST 43 STREET,303,303,Manhattan|303|EAST 43 STREET,1984,Residential Plaza,24 Hours,Residential Plaza 3347.33 sf,Bicycle Parking; Drinking Fountain; Lighting; Litter Receptacles; Planting; Plaque/Sign; Seating; Trees on Street; Trees within Space,,,False,,https://data.cityofnewyork.us/City-Government/Privately-Owned-Public-Spaces-POPS-/rvih-nhyn,https://data.cityofnewyork.us/resource/rvih-nhyn.json?pops_number=M060061,2025-10-14,2026-09-20T19:28:47+00:00,e2a280e21f4fe509dc14d65f2ab6e6b93bab0d41278ad258e7ea01758a870f3f
M060062,Manhattan,320 EAST 46 STREET,Belmont,1013380040,1038778,40.751701,-73.96956,M060062,Manhattan,1,6,320,EAST 46 STREET,10017,"320 EAST 46 STREET, New York, NY 10017",1338,40,South side of East 46th Street between First and Second Avenues,1981,Completed,Residential Plaza,,Philip Birnbaum,Philip Birnbaum,Residential Plaza 9797.55 sf,Restricted Hours,Bicycle Parking; Drinking Fountain; Lighting; Litter Receptacles; Planting; Plaque/Sign; Seating; Trees on Street; Trees within Space,,,Full/Partial,992684,213143,4,90,,POINT (-73.96956 40.751701),False,EAST 46 STREET,320,320,Manhattan|320|EAST 46 STREET,1981,Residential Plaza,Restricted Hours,Residential Plaza 9797.55 sf,Bicycle Parking; Drinking Fountain; Lighting; Litter Receptacles; Planting; Plaque/Sign; Seating; Trees on Street; Trees within Space,,,False,,https://data.cityofnewyork.us/City-Government/Privately-Owned-Public-Spaces-POPS-/rvih-nhyn,https://data.cityofnewyork.us/resource/rvih-nhyn.json?pops_number=M060062,2025-10-14,2026-09-20T19:28:47+00:00,e2a280e21f4fe509dc14d65f2ab6e6b93bab0d41278ad258e7ea01758a870f3f
M060063,Manhattan,333 EAST 45 STREET,Lausanne,1013387502,1076276,40.751336,-73.969239,M060063,Manhattan,1,6,333,EAST 45 STREET,10017,"333 EAST 45 STREET, New York, NY 10017",1338,7502,North side of East 45th Street between First and Second Avenues,1974,Completed,Arcade; Plaza,,Max Wechsler/Neil Carrow,Max Wechsler/Neil Carrow,Arcade 2223.11 sf; Plaza 2098.16 sf,24 Hours,None,,,Full/Partial,992773,213010,4,90,,POINT (-73.969239 40.751336),False,EAST 45 STREET,333,333,Manhattan|333|EAST 45 STREET,1974,Arcade; Plaza,24 Hours,Arcade 2223.11 sf; Plaza 2098.16 sf,None,,,False,,https://data.cityofnewyork.us/City-Government/Privately-Owned-Public-Spaces-POPS-/rvih-nhyn,https://data.cityofnewyork.us/resource/rvih-nhyn.json?pops_number=M060063,2025-10-14,2026-09-20T19:28:47+00:00,e2a280e21f4fe509dc14d65f2ab6e6b93bab0d41278ad258e7ea01758a870f3f
M060064,Manhattan,301 EAST 45 STREET,Delegate,1013387501,1038781,40.751775,-73.970372,M060064,Manhattan,1,6,301,EAST 45 STREET,10017,"301 EAST 45 STREET, New York, NY 10017",1338,7501,Northeast corner of East 45th Street and Second Avenue,1979,Completed,Plaza,,Philip Birnbaum,Philip Birnbaum,Plaza 1460.00 sf,24 Hours,None,,,Full/Partial,992459,213170,4,90,,POINT (-73.970372 40.751775),False,EAST 45 STREET,301,301,Manhattan|301|EAST 45 STREET,1979,Plaza,24 Hours,Plaza 1460.00 sf,None,,,False,,https://data.cityofnewyork.us/City-Government/Privately-Owned-Public-Spaces-POPS-/rvih-nhyn,https://data.cityofnewyork.us/resource/rvih-nhyn.json?pops_number=M060064,2025-10-14,2026-09-20T19:28:47+00:00,e2a280e21f4fe509dc14d65f2ab6e6b93bab0d41278ad258e7ea01758a870f3f
M060065,Manhattan,866 2 AVENUE,Dag Hammarskjold Plaza,1013397501,1038896,40.752483,-73.96992,M060065,Manhattan,1,6,866,SECOND AVENUE,10017,"866 SECOND AVENUE, New York, NY 10017",1339,7501,East side of Second Avenue between East 46th and 47th Streets,1971,Completed,Arcade,Harry Macklowe,Raymond & Rado and Partners,Raymond & Rado and Partners,Arcade 2042.00 sf,24 Hours,None,,,Full/Partial,992584,213428,4,90,,POINT (-73.96992 40.752483),False,2 AVENUE,866,866,Manhattan|866|2 AVENUE,1971,Arcade,24 Hours,Arcade 2042.00 sf,None,,,False,,https://data.cityofnewyork.us/City-Government/Privately-Owned-Public-Spaces-POPS-/rvih-nhyn,https://data.cityofnewyork.us/resource/rvih-nhyn.json?pops_number=M060065,2025-10-14,2026-09-20T19:28:47+00:00,e2a280e21f4fe509dc14d65f2ab6e6b93bab0d41278ad258e7ea01758a870f3f
M060066,Manhattan,100 UNITED NATIONS PLAZA,,1013417503,1039205,40.7531,-73.967642,M060066,Manhattan,1,6,100,UNITED NATIONS PLAZA,10017,"100 UNITED NATIONS PLAZA, New York, NY 10017",1341,7503,North side of East 48th Street between First and Second Avenues/ West side of First Avenue between East 48th and 49th Streets,1985,Completed,Arcade; Residential Plaza,,"Schuman, Lichtenstein, Claman, Efron/Der Scutt",Thomas Balsley,Arcade 0.00 sf; Residential Plaza 12093.00 sf,24 Hours,Bicycle Parking; Drinking Fountain; Lighting; Litter Receptacles; Planting; Plaque/Sign; Seating; Trees on Street; Trees within Space; Water Feature,,,Full/Partial,993215,213653,4,90,,POINT (-73.967642 40.7531),False,UNITED NATIONS PLAZA,100,100,Manhattan|100|UNITED NATIONS PLAZA,1985,Arcade; Residential Plaza,24 Hours,Arcade 0.00 sf; Residential Plaza 12093.00 sf,Bicycle Parking; Drinking Fountain; Lighting; Litter Receptacles; Planting; Plaque/Sign; Seating; Trees on Street; Trees within Space; Water Feature,,,False,,https://data.cityofnewyork.us/City-Government/Privately-Owned-Public-Spaces-POPS-/rvih-nhyn,https://data.cityofnewyork.us/resource/rvih-nhyn.json?pops_number=M060066,2025-10-14,2026-09-20T19:28:47+00:00,e2a280e21f4fe509dc14d65f2ab6e6b93bab0d41278ad258e7ea01758a870f3f
M060067,Manhattan,300 EAST 54 STREET,Connaught Tower,1013460049,1039846,40.756954,-73.966399,M060067,Manhattan,1,6,300,EAST 54 STREET,10022,"300 EAST 54 STREET, New York, NY 10022",1346,49,Southeast corner of Second Avenue and East 54th Street,1978,Completed,Park; Plaza,,Philip Birnbaum,Philip Birnbaum; Brennan Beer Gorman Architects (for alteration in 2003),Park 0.00 sf; Plaza 2354.20 sf,24 Hours; Restricted Hours,Artwork; Planting; Plaque/Sign; Seating; Trees within Space,,,Full/Partial,993559,215057,4,98,,POINT (-73.966399 40.756954),False,EAST 54 STREET,300,300,Manhattan|300|EAST 54 STREET,1978,Park; Plaza,24 Hours; Restricted Hours,Park 0.00 sf; Plaza 2354.20 sf,Artwork; Planting; Plaque/Sign; Seating; Trees within Space,,,False,,https://data.cityofnewyork.us/City-Government/Privately-Owned-Public-Spaces-POPS-/rvih-nhyn,https://data.cityofnewyork.us/resource/rvih-nhyn.json?pops_number=M060067,2025-10-14,2026-09-20T19:28:47+00:00,e2a280e21f4fe509dc14d65f2ab6e6b93bab0d41278ad258e7ea01758a870f3f
M060070,Manhattan,360 EAST 57 STREET,Morrison,1013497503,1087734,40.758202,-73.963359,M060070,Manhattan,1,6,360,EAST 57 STREET,10022,"360 EAST 57 STREET, New York, NY 10022",1349,7503,Southwest corner of East 57th Street and First Avenue,1972,Completed,Plaza,,Peter Goldhammer,Peter Goldhammer,Plaza 1500.00 sf,24 Hours,None,,,Full/Partial,994401,215512,4,108,,POINT (-73.963359 40.758202),False,EAST 57 STREET,360,360,Manhattan|360|EAST 57 STREET,1972,Plaza,24 Hours,Plaza 1500.00 sf,None,,,False,,https://data.cityofnewyork.us/City-Government/Privately-Owned-Public-Spaces-POPS-/rvih-nhyn,https://data.cityofnewyork.us/resource/rvih-nhyn.json?pops_number=M060070,2025-10-14,2026-09-20T19:28:47+00:00,e2a280e21f4fe509dc14d65f2ab6e6b93bab0d41278ad258e7ea01758a870f3f
M060072,Manhattan,300 EAST 59 STREET,Landmark,1013510001,1040031,40.760167,-73.964228,M060072,Manhattan,1,6,300,EAST 59 STREET,10022,"300 EAST 59 STREET, New York, NY 10022",1351,1,Southeast corner of Second Avenue and East 59th Street,1974,Completed,Arcade; Plaza,Nathan Kalikow,Liebman Liebman Associates,Mark Morrison Assoc.,Arcade 1860.00 sf; Plaza 11600.00 sf,24 Hours,Bicycle Parking; Drinking Fountain; Lighting; Litter Receptacles; Other Required; Planting; Plaque/Sign; Seating; Trees on Street; Trees within Space,"154 sf gazebo, separate bus waiting area on East 59th Street with benches and seatwall",,Full/Partial,994160,216228,5,108,,POINT (-73.964228 40.760167),False,EAST 59 STREET,300,300,Manhattan|300|EAST 59 STREET,1974,Arcade; Plaza,24 Hours,Arcade 1860.00 sf; Plaza 11600.00 sf,Bicycle Parking; Drinking Fountain; Lighting; Litter Receptacles; Other Required; Planting; Plaque/Sign; Seating; Trees on Street; Trees within Space,"154 sf gazebo, separate bus waiting area on East 59th Street with benches and seatwall",,False,,https://data.cityofnewyork.us/City-Government/Privately-Owned-Public-Spaces-POPS-/rvih-nhyn,https://data.cityofnewyork.us/resource/rvih-nhyn.json?pops_number=M060072,2025-10-14,2026-09-20T19:28:47+00:00,e2a280e21f4fe509dc14d65f2ab6e6b93bab0d41278ad258e7ea01758a870f3f
M060073,Manhattan,429 EAST 52 STREET,Rivercourt,1013640034,1040156,40.754935,-73.963696,M060073,Manhattan,1,6,429,EAST 52 STREET,10022,"429 EAST 52 STREET, New York, NY 10022",1364,34,North side of East 52nd Street between FDR Drive and First Avenue,1974,Completed,Plaza,,Schuman Lichtenstein Claman/Edward Lauria,Schuman Lichtenstein Claman/Edward Lauria,Plaza 14100.00 sf,24 Hours,None,,,Full/Partial,994308,214322,4,86.03,,POINT (-73.963696 40.754935),False,EAST 52 STREET,429,429,Manhattan|429|EAST 52 STREET,1974,Plaza,24 Hours,Plaza 14100.00 sf,None,,,False,,https://data.cityofnewyork.us/City-Government/Privately-Owned-Public-Spaces-POPS-/rvih-nhyn,https://data.cityofnewyork.us/resource/rvih-nhyn.json?pops_number=M060073,2025-10-14,2026-09-20T19:28:47+00:00,e2a280e21f4fe509dc14d65f2ab6e6b93bab0d41278ad258e7ea01758a870f3f
M060074,Manhattan,420 EAST 54 STREET,River Tower,1013650009,1040158,40.755676,-73.96353,M060074,Manhattan,1,6,420,EAST 54 STREET,10022,"420 EAST 54 STREET, New York, NY 10022",1365,9,South side of East 54th Street between Sutton Place South and First Avenue,1982,Completed,Residential Plaza,Harry Macklowe,"Schuman, Lichenstein, Claman, Efron","Schuman, Lichenstein, Claman, Efron; Mathew Nielsen Landscape Architects (2018 Design Change)",Residential Plaza 12673.31 sf,24 Hours,Bicycle Parking; Drinking Fountain; Lighting; Litter Receptacles; Planting; Plaque/Sign; Seating; Trees on Street; Trees within Space,,,Full/Partial,994354,214592,4,86.03,,POINT (-73.96353 40.755676),False,EAST 54 STREET,420,420,Manhattan|420|EAST 54 STREET,1982,Residential Plaza,24 Hours,Residential Plaza 12673.31 sf,Bicycle Parking; Drinking Fountain; Lighting; Litter Receptacles; Planting; Plaque/Sign; Seating; Trees on Street; Trees within Space,,,False,,https://data.cityofnewyork.us/City-Government/Privately-Owned-Public-Spaces-POPS-/rvih-nhyn,https://data.cityofnewyork.us/resource/rvih-nhyn.json?pops_number=M060074,2025-10-14,2026-09-20T19:28:47+00:00,e2a280e21f4fe509dc14d65f2ab6e6b93bab0d41278ad258e7ea01758a870f3f
M060075,Manhattan,400 EAST 54 STREET,Revere,1013657502,1076281,40.756003,-73.964003,M060075,Manhattan,1,6,400,EAST 54 STREET,10022,"400 EAST 54 STREET, New York, NY 10022",1365,7502,Southeast corner of First Avenue and East 54th Street,1972,Completed,Plaza,,"H.I. Feldman/Schuman, Lichtenstein & Claman","H.I. Feldman/Schuman, Lichtenstein & Claman",Plaza 10228.11 sf,24 Hours,None,,,None,994223,214711,4,86.03,,POINT (-73.964003 40.756003),False,EAST 54 STREET,400,400,Manhattan|400|EAST 54 STREET,1972,Plaza,24 Hours,Plaza 10228.11 sf,None,,,False,,https://data.cityofnewyork.us/City-Government/Privately-Owned-Public-Spaces-POPS-/rvih-nhyn,https://data.cityofnewyork.us/resource/rvih-nhyn.json?pops_number=M060075,2025-10-14,2026-09-20T19:28:47+00:00,e2a280e21f4fe509dc14d65f2ab6e6b93bab0d41278ad258e7ea01758a870f3f
M060076,Manhattan,415 EAST 54 STREET,St. James Tower,1013667501,1040356,40.756151,-73.963014,M060076,Manhattan,1,6,415,EAST 54 STREET,10022,"415 EAST 54 STREET, New York, NY 10022",1366,7501,North side of East 54th Street between Sutton Place South and First Avenue,1983,Completed,Residential Plaza,,Emery Roth & Sons,Emery Roth & Sons,Residential Plaza 6618.00 sf,Restricted Hours,Bicycle Parking; Drinking Fountain; Lighting; Litter Receptacles; Planting; Plaque/Sign; Seating; Trees on Street; Trees within Space; Water Feature,,,Full/Partial,994497,214765,4,106.01,,POINT (-73.963014 40.756151),False,EAST 54 STREET,415,415,Manhattan|415|EAST 54 STREET,1983,Residential Plaza,Restricted Hours,Residential Plaza 6618.00 sf,Bicycle Parking; Drinking Fountain; Lighting; Litter Receptacles; Planting; Plaque/Sign; Seating; Trees on Street; Trees within Space; Water Feature,,,False,,https://data.cityofnewyork.us/City-Government/Privately-Owned-Public-Spaces-POPS-/rvih-nhyn,https://data.cityofnewyork.us/resource/rvih-nhyn.json?pops_number=M060076,2025-10-14,2026-09-20T19:28:47+00:00,e2a280e21f4fe509dc14d65f2ab6e6b93bab0d41278ad258e7ea01758a870f3f
M060077,Manhattan,400 EAST 56 STREET,Plaza 400,1013670001,1040460,40.757098,-73.963125,M060077,Manhattan,1,6,400,EAST 56 STREET,10022,"400 EAST 56 STREET, New York, NY 10022",1367,1,Southeast corner of First Avenue and East 56th Street,1968,Completed,Arcade; Plaza,,Philip Birnbaum,Philip Birnbaum,Arcade 1820.39 sf; Plaza 20861.34 sf,24 Hours,None,,,Full/Partial,994466,215110,4,106.01,,POINT (-73.963125 40.757098),False,EAST 56 STREET,400,400,Manhattan|400|EAST 56 STREET,1968,Arcade; Plaza,24 Hours,Arcade 1820.39 sf; Plaza 20861.34 sf,None,,,False,,https://data.cityofnewyork.us/City-Government/Privately-Owned-Public-Spaces-POPS-/rvih-nhyn,https://data.cityofnewyork.us/resource/rvih-nhyn.json?pops_number=M060077,2025-10-14,2026-09-20T19:28:47+00:00,e2a280e21f4fe509dc14d65f2ab6e6b93bab0d41278ad258e7ea01758a870f3f
M060078,Manhattan,425 EAST 58 STREET,Sovereign,1013700015,1040637,40.758736,-73.960947,M060078,Manhattan,1,6,425,EAST 58 STREET,10022,"425 EAST 58 STREET, New York, NY 10022",1370,15,North side of East 58th Street between Sutton Place South and First Avenue,1973,Completed,Open Space; Plaza,,Emery Roth & Sons,Emery Roth & Sons,Open Space 0.00 sf; Plaza 27701.67 sf,24 Hours; Restricted Hours,Litter Receptacles; Planting; Plaque/Sign; Seating,,,Full/Partial,995069,215707,5,106.01,,POINT (-73.960947 40.758736),False,EAST 58 STREET,425,425,Manhattan|425|EAST 58 STREET,1973,Open Space; Plaza,24 Hours; Restricted Hours,Open Space 0.00 sf; Plaza 27701.67 sf,Litter Receptacles; Planting; Plaque/Sign; Seating,,,False,,https://data.cityofnewyork.us/City-Government/Privately-Owned-Public-Spaces-POPS-/rvih-nhyn,https://data.cityofnewyork.us/resource/rvih-nhyn.json?pops_number=M060078,2025-10-14,2026-09-20T19:28:47+00:00,e2a280e21f4fe509dc14d65f2ab6e6b93bab0d41278ad258e7ea01758a870f3f
M060079,Manhattan,243 LEXINGTON AVENUE,,1008900025,1087628,40.746466,-73.97923,M060079,Manhattan,1,6,243,LEXINGTON AVENUE,10016,"243 LEXINGTON AVENUE, New York, NY 10016",890,25,Northeast corner of Lexington Avenue and East 34th Street,1998,Completed,Residential Plaza,,May & Pinska,May & Pinska,Residential Plaza 1080.00 sf,24 Hours,Bicycle Parking; Drinking Fountain; Lighting; Litter Receptacles; Planting; Plaque/Sign; Seating; Trees on Street; Trees within Space,,,Full/Partial,990005,211235,4,72,,POINT (-73.97923 40.746466),False,LEXINGTON AVENUE,243,243,Manhattan|243|LEXINGTON AVENUE,1998,Residential Plaza,24 Hours,Residential Plaza 1080.00 sf,Bicycle Parking; Drinking Fountain; Lighting; Litter Receptacles; Planting; Plaque/Sign; Seating; Trees on Street; Trees within Space,,,False,,https://data.cityofnewyork.us/City-Government/Privately-Owned-Public-Spaces-POPS-/rvih-nhyn,https://data.cityofnewyork.us/resource/rvih-nhyn.json?pops_number=M060079,2025-10-14,2026-09-20T19:28:47+00:00,e2a280e21f4fe509dc14d65f2ab6e6b93bab0d41278ad258e7ea01758a870f3f
M060081,Manhattan,418 EAST 59 STREET,Grand Sutton,1013700038,1072003,40.759066,-73.961258,M060081,Manhattan,1,6,418,EAST 59 STREET,10022,"418 EAST 59 STREET, New York, NY 10022",1370,38,South side of East 59th Street between Sutton Place South and First Avenue,1988,Completed,Residential Plaza,,C. A. Kondylis of Philip Birnbaum & Associates,C. A. Kondylis of Philip Birnbaum & Associates,Residential Plaza 2612.50 sf,24 Hours,Artwork; Bicycle Parking; Drinking Fountain; Lighting; Litter Receptacles; Planting; Plaque/Sign; Seating; Trees on Street; Trees within Space,,,Full/Partial,994983,215827,5,106.01,,POINT (-73.961258 40.759066),False,EAST 59 STREET,418,418,Manhattan|418|EAST 59 STREET,1988,Residential Plaza,24 Hours,Residential Plaza 2612.50 sf,Artwork; Bicycle Parking; Drinking Fountain; Lighting; Litter Receptacles; Planting; Plaque/Sign; Seating; Trees on Street; Trees within Space,,,False,,https://data.cityofnewyork.us/City-Government/Privately-Owned-Public-Spaces-POPS-/rvih-nhyn,https://data.cityofnewyork.us/resource/rvih-nhyn.json?pops_number=M060081,2025-10-14,2026-09-20T19:28:47+00:00,e2a280e21f4fe509dc14d65f2ab6e6b93bab0d41278ad258e7ea01758a870f3f
M060082,Manhattan,401 EAST 34 STREET,Rivergate,1009660001,1022057,40.743838,-73.972537,M060082,Manhattan,1,6,401,EAST 34 STREET,10016,"401 EAST 34 STREET, New York, NY 10016",966,1,"Entire block bounded by FDR Drive, First Avenue, East 34th Street, and East 35th Street",1985,Completed,Residential Plaza,,Philip Birnbaum & Associates,"2015 Modification: Matthews Nielsen Landscape Architects, PC and LightTime Design [2000 Sources: Philip Birnbaum & Associates; Thomas Balsley Associates; Landgarden Landscape Architects (for alteration)]",Residential Plaza 15682.00 sf,24 Hours,Artwork; Bicycle Parking; Drinking Fountain; Lighting; Litter Receptacles; Other Required; Planting; Plaque/Sign; Retail Frontage; Seating; Tables; Trees on Street; Trees within Space,"Childrens play area, game tables and associated seating provided.",,Full/Partial,991860,210278,4,86.01,,POINT (-73.972537 40.743838),False,EAST 34 STREET,401,401,Manhattan|401|EAST 34 STREET,1985,Residential Plaza,24 Hours,Residential Plaza 15682.00 sf,Artwork; Bicycle Parking; Drinking Fountain; Lighting; Litter Receptacles; Other Required; Planting; Plaque/Sign; Retail Frontage; Seating; Tables; Trees on Street; Trees within Space,"Childrens play area, game tables and associated seating provided.",,False,,https://data.cityofnewyork.us/City-Government/Privately-Owned-Public-Spaces-POPS-/rvih-nhyn,https://data.cityofnewyork.us/resource/rvih-nhyn.json?pops_number=M060082,2025-10-14,2026-09-20T19:28:47+00:00,e2a280e21f4fe509dc14d65f2ab6e6b93bab0d41278ad258e7ea01758a870f3f
M060083,Manhattan,137 EAST 36 STREET,Carlton Regency,1008920025,1018953,40.747756,-73.978378,M060083,Manhattan,1,6,137,EAST 36 STREET,10016,"137 EAST 36 STREET, New York, NY 10016",892,25,Northeast corner of Lexington Avenue and East 36th Street,1966,Completed,Plaza,,Lyras & Anaya,Lyras & Anaya,Plaza 3355.48 sf,24 Hours,None,,,Full/Partial,990241,211705,4,80,,POINT (-73.978378 40.747756),False,EAST 36 STREET,137,137,Manhattan|137|EAST 36 STREET,1966,Plaza,24 Hours,Plaza 3355.48 sf,None,,,False,,https://data.cityofnewyork.us/City-Government/Privately-Owned-Public-Spaces-POPS-/rvih-nhyn,https://data.cityofnewyork.us/resource/rvih-nhyn.json?pops_number=M060083,2025-10-14,2026-09-20T19:28:47+00:00,e2a280e21f4fe509dc14d65f2ab6e6b93bab0d41278ad258e7ea01758a870f3f
M060084,Manhattan,285 LEXINGTON AVENUE,Carlton Regency North,1008920062,1018978,40.748033,-73.978151,M060084,Manhattan,1,6,285,LEXINGTON AVENUE,10016,"285 LEXINGTON AVENUE, New York, NY 10016",892,62,Southeast corner of Lexington Avenue and East 37th Street,1974,Completed,Variance Arcade,,Harry F. Green,Harry F. Green,Variance Arcade 3342.00 sf,24 Hours,None,,,Full/Partial,990304,211806,4,80,,POINT (-73.978151 40.748033),False,LEXINGTON AVENUE,285,285,Manhattan|285|LEXINGTON AVENUE,1974,Variance Arcade,24 Hours,Variance Arcade 3342.00 sf,None,,,False,,https://data.cityofnewyork.us/City-Government/Privately-Owned-Public-Spaces-POPS-/rvih-nhyn,https://data.cityofnewyork.us/resource/rvih-nhyn.json?pops_number=M060084,2025-10-14,2026-09-20T19:28:47+00:00,e2a280e21f4fe509dc14d65f2ab6e6b93bab0d41278ad258e7ea01758a870f3f
M060085,Manhattan,200 EAST 32 STREET,Future,1009127502,1077352,40.744021,-73.97896,M060085,Manhattan,1,6,200,EAST 32 STREET,10016,"200 EAST 32 STREET, New York, NY 10016",912,7502,East side of Third Avenue between East 31st and 32nd Streets,1992,Completed,Residential Plaza,,Costas Kondylis,Costas Kondylis,Residential Plaza 5755.35 sf,24 Hours,Bicycle Parking; Drinking Fountain; Lighting; Litter Receptacles; Planting; Plaque/Sign; Seating; Trees on Street; Trees within Space,,,Full/Partial,990080,210344,2,70,,POINT (-73.97896 40.744021),False,EAST 32 STREET,200,200,Manhattan|200|EAST 32 STREET,1992,Residential Plaza,24 Hours,Residential Plaza 5755.35 sf,Bicycle Parking; Drinking Fountain; Lighting; Litter Receptacles; Planting; Plaque/Sign; Seating; Trees on Street; Trees within Space,,,False,,https://data.cityofnewyork.us/City-Government/Privately-Owned-Public-Spaces-POPS-/rvih-nhyn,https://data.cityofnewyork.us/resource/rvih-nhyn.json?pops_number=M060085,2025-10-14,2026-09-20T19:28:47+00:00,e2a280e21f4fe509dc14d65f2ab6e6b93bab0d41278ad258e7ea01758a870f3f
M060086,Manhattan,353 EAST 17 STREET,Gilman Hall,1009237501,1020438,40.733602,-73.981432,M060086,Manhattan,1,6,353,EAST 17 STREET,10003,"353 EAST 17 STREET, New York, NY 10003",923,7501,Northwest corner of First Avenue and East 17th Street,1969,Completed,Plaza,,Schuman & Lichtenstein,Schuman & Lichtenstein,Plaza 3080.00 sf,24 Hours,None,,,Full/Partial,989396,206548,2,48,,POINT (-73.981432 40.733602),False,EAST 17 STREET,353,353,Manhattan|353|EAST 17 STREET,1969,Plaza,24 Hours,Plaza 3080.00 sf,None,,,False,,https://data.cityofnewyork.us/City-Government/Privately-Owned-Public-Spaces-POPS-/rvih-nhyn,https://data.cityofnewyork.us/resource/rvih-nhyn.json?pops_number=M060086,2025-10-14,2026-09-20T19:28:47+00:00,e2a280e21f4fe509dc14d65f2ab6e6b93bab0d41278ad258e7ea01758a870f3f
M060087,Manhattan,410 EAST 58 STREET,New Yorker East,1013690042,1040554,40.75847,-73.961984,M060087,Manhattan,1,6,410,EAST 58 STREET,10022,"410 EAST 58 STREET, New York, NY 10022",1369,42,South side of East 58th Street between Sutton Place South and First Avenue,1974,Completed,Plaza,,Max Wechsler,Max Wechsler,Plaza 2709.30 sf,24 Hours,None,,,Full/Partial,994782,215610,4,106.01,,POINT (-73.961984 40.75847),False,EAST 58 STREET,410,410,Manhattan|410|EAST 58 STREET,1974,Plaza,24 Hours,Plaza 2709.30 sf,None,,,False,,https://data.cityofnewyork.us/City-Government/Privately-Owned-Public-Spaces-POPS-/rvih-nhyn,https://data.cityofnewyork.us/resource/rvih-nhyn.json?pops_number=M060087,2025-10-14,2026-09-20T19:28:47+00:00,e2a280e21f4fe509dc14d65f2ab6e6b93bab0d41278ad258e7ea01758a870f3f
M060088,Manhattan,425 LEXINGTON AVENUE,,1012980023,1036162,40.752246,-73.974948,M060088,Manhattan,1,6,425,LEXINGTON AVENUE,10017,"425 LEXINGTON AVENUE, New York, NY 10017",1298,23,Full blockfront on east side of Lexington Avenue between East 43rd and 44th Streets,1987,Completed,Urban Plaza,Olympia & York Properties,Murphy/Jahn,David Kenneth Spector,Urban Plaza 4548.12 sf,Restricted Hours,Lighting; Litter Receptacles; Planting; Plaque/Sign; Retail Frontage; Seating; Tables; Trees on Street; Trees within Space,,,Full/Partial,991191,213341,4,92,,POINT (-73.974948 40.752246),False,LEXINGTON AVENUE,425,425,Manhattan|425|LEXINGTON AVENUE,1987,Urban Plaza,Restricted Hours,Urban Plaza 4548.12 sf,Lighting; Litter Receptacles; Planting; Plaque/Sign; Retail Frontage; Seating; Tables; Trees on Street; Trees within Space,,,False,,https://data.cityofnewyork.us/City-Government/Privately-Owned-Public-Spaces-POPS-/rvih-nhyn,https://data.cityofnewyork.us/resource/rvih-nhyn.json?pops_number=M060088,2025-10-14,2026-09-20T19:28:47+00:00,e2a280e21f4fe509dc14d65f2ab6e6b93bab0d41278ad258e7ea01758a870f3f
M060090,Manhattan,430 EAST 29 STREET,Alexandria Science Center,1009627502,1091695,40.739922,-73.974328,M060090,Manhattan,1,6,430,EAST 29 STREET,10016,"430 EAST 29 STREET, New York, NY 10016",962,7502,,,,Public Access Area,,,,,,,,,,991364,208851,4,62,,POINT (-73.974328 40.739922),False,EAST 29 STREET,430,430,Manhattan|430|EAST 29 STREET,,Public Access Area,,,,,,False,missing_year;missing_required_hours;missing_required_amenities,https://data.cityofnewyork.us/City-Government/Privately-Owned-Public-Spaces-POPS-/rvih-nhyn,https://data.cityofnewyork.us/resource/rvih-nhyn.json?pops_number=M060090,2025-10-14,2026-09-20T19:28:47+00:00,e2a280e21f4fe509dc14d65f2ab6e6b93bab0d41278ad258e7ea01758a870f3f
M060091,Manhattan,685 1 AVENUE,East River Realty North,1009457502,1089769,40.747403,-73.971413,M060091,Manhattan,1,6,685,FIRST AVENUE,10016,"685 FIRST AVENUE, New York, NY 10016",945,7502,,,,Public Access Area,,,,,,,,,,992171,211577,4,88,,POINT (-73.971413 40.747403),False,1 AVENUE,685,685,Manhattan|685|1 AVENUE,,Public Access Area,,,,,,False,missing_year;missing_required_hours;missing_required_amenities,https://data.cityofnewyork.us/City-Government/Privately-Owned-Public-Spaces-POPS-/rvih-nhyn,https://data.cityofnewyork.us/resource/rvih-nhyn.json?pops_number=M060091,2025-10-14,2026-09-20T19:28:47+00:00,e2a280e21f4fe509dc14d65f2ab6e6b93bab0d41278ad258e7ea01758a870f3f
M060092,Manhattan,626 1 AVENUE,East River Realty South,1009670001,1089237,40.744458,-73.971941,M060092,Manhattan,1,6,626,FIRST AVENUE,10016,"626 FIRST AVENUE, New York, NY 10016",967,1,,,,Public Access Area,JDS Development Group,"SHoP Architects, P.C.",SCAPE/LANDSCAPE ARCHITECTURE PLLC,,,,,,,992025,210504,4,86.01,,POINT (-73.971941 40.744458),False,1 AVENUE,626,626,Manhattan|626|1 AVENUE,,Public Access Area,,,,,,False,missing_year;missing_required_hours;missing_required_amenities,https://data.cityofnewyork.us/City-Government/Privately-Owned-Public-Spaces-POPS-/rvih-nhyn,https://data.cityofnewyork.us/resource/rvih-nhyn.json?pops_number=M060092,2025-10-14,2026-09-20T19:28:47+00:00,e2a280e21f4fe509dc14d65f2ab6e6b93bab0d41278ad258e7ea01758a870f3f
M070005,Manhattan,200 WEST 79 STREET,Gloucester,1011707501,1030909,40.782916,-73.978901,M070005,Manhattan,1,7,200,WEST 79 STREET,10024,"200 WEST 79 STREET, New York, NY 10024",1170,7501,West side of Amsterdam Avenue between West 78th and 79th Streets,1975,Completed,Plaza,,"Schuman, Lichtenstein, Claman","Schuman, Lichtenstein, Claman",Plaza 5355.00 sf,24 Hours,None,,Open Air Cafe,Full/Partial,990093,224515,6,167,,POINT (-73.978901 40.782916),False,WEST 79 STREET,200,200,Manhattan|200|WEST 79 STREET,1975,Plaza,24 Hours,Plaza 5355.00 sf,None,,Open Air Cafe,False,,https://data.cityofnewyork.us/City-Government/Privately-Owned-Public-Spaces-POPS-/rvih-nhyn,https://data.cityofnewyork.us/resource/rvih-nhyn.json?pops_number=M070005,2025-10-14,2026-09-20T19:28:47+00:00,e2a280e21f4fe509dc14d65f2ab6e6b93bab0d41278ad258e7ea01758a870f3f
M070006,Manhattan,201 WEST 70 STREET,One Sherman Square,1011620029,1030373,40.777798,-73.982788,M070006,Manhattan,1,7,201,WEST 70 STREET,10023,"201 WEST 70 STREET, New York, NY 10023",1162,29,Full blockfront on west side of Broadway between West 70th and 71st Streets,1971,Completed,Plaza,First Lincoln Development Corporation,S.J. Kessler & Sons,S.J. Kessler & Sons,Plaza 5990.90 sf,24 Hours,None,,,Full/Partial,989017,222650,6,159,,POINT (-73.982788 40.777798),False,WEST 70 STREET,201,201,Manhattan|201|WEST 70 STREET,1971,Plaza,24 Hours,Plaza 5990.90 sf,None,,,False,,https://data.cityofnewyork.us/City-Government/Privately-Owned-Public-Spaces-POPS-/rvih-nhyn,https://data.cityofnewyork.us/resource/rvih-nhyn.json?pops_number=M070006,2025-10-14,2026-09-20T19:28:47+00:00,e2a280e21f4fe509dc14d65f2ab6e6b93bab0d41278ad258e7ea01758a870f3f
M070007,Manhattan,2025 BROADWAY,Nevada Towers,1011417502,1076231,40.77681,-73.982543,M070007,Manhattan,1,7,2025,BROADWAY,10023,"2025 BROADWAY, New York, NY 10023",1141,7502,"Block bounded by Broadway, Amsterdam Avenue, West 70th Street, and West 71st Street",1974,Completed,Plaza,,Philip Birnbaum,Philip Birnbaum,Plaza 5008.00 sf,24 Hours,None,,,Full/Partial,989085,222290,6,153,,POINT (-73.982543 40.77681),False,BROADWAY,2025,2025,Manhattan|2025|BROADWAY,1974,Plaza,24 Hours,Plaza 5008.00 sf,None,,,False,,https://data.cityofnewyork.us/City-Government/Privately-Owned-Public-Spaces-POPS-/rvih-nhyn,https://data.cityofnewyork.us/resource/rvih-nhyn.json?pops_number=M070007,2025-10-14,2026-09-20T19:28:47+00:00,e2a280e21f4fe509dc14d65f2ab6e6b93bab0d41278ad258e7ea01758a870f3f
M070009,Manhattan,80 CENTRAL PARK WEST,,1011210029,1028458,40.774012,-73.978139,M070009,Manhattan,1,7,80,CENTRAL PARK WEST,10023,"80 CENTRAL PARK WEST, New York, NY 10023",1121,29,Northwest corner of Central Park West and West 68th Street,1967,Completed,Arcade; Plaza,"Julius Hoffman, Irving Klein, Michael Hoffman, Pasquale Dario","Paul Resnick, Harry F. Green Architects","Paul Resnick, Harry F. Green Architects",Arcade 2264.00 sf; Plaza 3980.00 sf,24 Hours,None,,,Full/Partial,990305,221271,6,153,,POINT (-73.978139 40.774012),False,CENTRAL PARK WEST,80,80,Manhattan|80|CENTRAL PARK WEST,1967,Arcade; Plaza,24 Hours,Arcade 2264.00 sf; Plaza 3980.00 sf,None,,,False,,https://data.cityofnewyork.us/City-Government/Privately-Owned-Public-Spaces-POPS-/rvih-nhyn,https://data.cityofnewyork.us/resource/rvih-nhyn.json?pops_number=M070009,2025-10-14,2026-09-20T19:28:47+00:00,e2a280e21f4fe509dc14d65f2ab6e6b93bab0d41278ad258e7ea01758a870f3f
M070011,Manhattan,130 WEST 67 STREET,Toulaine,1011380053,1028847,40.774875,-73.983233,M070011,Manhattan,1,7,130,WEST 67 STREET,10023,"130 WEST 67 STREET, New York, NY 10023",1138,53,South side of West 67th Street between Broadway and Amsterdam Avenue,1975,Completed,Arcade; Plaza,,Schuman Lichtenstein Claman,Schuman Lichtenstein Claman,Arcade 3440.10 sf; Plaza 2280.93 sf,24 Hours,None,,,Full/Partial,988894,221585,6,153,,POINT (-73.983233 40.774875),False,WEST 67 STREET,130,130,Manhattan|130|WEST 67 STREET,1975,Arcade; Plaza,24 Hours,Arcade 3440.10 sf; Plaza 2280.93 sf,None,,,False,,https://data.cityofnewyork.us/City-Government/Privately-Owned-Public-Spaces-POPS-/rvih-nhyn,https://data.cityofnewyork.us/resource/rvih-nhyn.json?pops_number=M070011,2025-10-14,2026-09-20T19:28:47+00:00,e2a280e21f4fe509dc14d65f2ab6e6b93bab0d41278ad258e7ea01758a870f3f
M070012,Manhattan,2 LINCOLN SQUARE,Two Lincoln Square,1011180001,1028159,40.773157,-73.981428,M070012,Manhattan,1,7,2,LINCOLN SQUARE,10023,"2 LINCOLN SQUARE, New York, NY 10023",1118,1,East side of Columbus Avenue between West 65th and 66th Streets,1974,Completed,Covered Plaza; Mandatory Arcade; Special Permit Plaza; Through Block Arcade,Two Lincoln Square Associates,"Schuman, Lichtenstein, Claman & Efron",Superstructures,Covered Plaza 6358.00 sf; Mandatory Arcade 2757.00 sf; Special Permit Plaza 580.00 sf; Through Block Arcade 0.00 sf,24 Hours; Restricted Hours,Artwork; Lighting; Litter Receptacles; Other Required; Planting; Plaque/Sign; Restrooms; Retail Frontage; Seating,enclosed portion of Covered Plaza (Museum): skylight; unenclosed portion of Covered Plaza: information kiosk,,Full/Partial,989394,220959,6,149,,POINT (-73.981428 40.773157),False,LINCOLN SQUARE,2,2,Manhattan|2|LINCOLN SQUARE,1974,Covered Plaza; Mandatory Arcade; Special Permit Plaza; Through Block Arcade,24 Hours; Restricted Hours,Covered Plaza 6358.00 sf; Mandatory Arcade 2757.00 sf; Special Permit Plaza 580.00 sf; Through Block Arcade 0.00 sf,Artwork; Lighting; Litter Receptacles; Other Required; Planting; Plaque/Sign; Restrooms; Retail Frontage; Seating,enclosed portion of Covered Plaza (Museum): skylight; unenclosed portion of Covered Plaza: information kiosk,,False,,https://data.cityofnewyork.us/City-Government/Privately-Owned-Public-Spaces-POPS-/rvih-nhyn,https://data.cityofnewyork.us/resource/rvih-nhyn.json?pops_number=M070012,2025-10-14,2026-09-20T19:28:47+00:00,e2a280e21f4fe509dc14d65f2ab6e6b93bab0d41278ad258e7ea01758a870f3f
M070013,Manhattan,10 WEST 66 STREET,,1011180022,1028163,40.772399,-73.979753,M070013,Manhattan,1,7,10,WEST 66 STREET,10023,"10 WEST 66 STREET, New York, NY 10023",1118,22,South side of West 66th Street between Central Park West and Columbus Avenue,1969,Completed,Arcade; Plaza,Gettysburg Company,Ralph E. Leff,Ralph E. Leff,Arcade 530.41 sf; Plaza 9387.32 sf,24 Hours,None,,,Full/Partial,989858,220683,6,149,,POINT (-73.979753 40.772399),False,WEST 66 STREET,10,10,Manhattan|10|WEST 66 STREET,1969,Arcade; Plaza,24 Hours,Arcade 530.41 sf; Plaza 9387.32 sf,None,,,False,,https://data.cityofnewyork.us/City-Government/Privately-Owned-Public-Spaces-POPS-/rvih-nhyn,https://data.cityofnewyork.us/resource/rvih-nhyn.json?pops_number=M070013,2025-10-14,2026-09-20T19:28:47+00:00,e2a280e21f4fe509dc14d65f2ab6e6b93bab0d41278ad258e7ea01758a870f3f
M070014,Manhattan,1 LINCOLN PLAZA,One Lincoln Plaza,1011167501,1027472,40.771515,-73.981407,M070014,Manhattan,1,7,1,LINCOLN PLAZA,10023,"1 LINCOLN PLAZA, New York, NY 10023",1116,7501,Full blockfront on east side of Broadway between West 63rd and 64th Streets,1971,Completed,Arcade; Plaza,Paul Milstein,Philip Birnbaum,Philip Birnbaum,Arcade 3309.30 sf; Plaza 17351.00 sf,24 Hours,None,,,Full/Partial,989400,220361,6,149,,POINT (-73.981407 40.771515),False,LINCOLN PLAZA,1,1,Manhattan|1|LINCOLN PLAZA,1971,Arcade; Plaza,24 Hours,Arcade 3309.30 sf; Plaza 17351.00 sf,None,,,False,,https://data.cityofnewyork.us/City-Government/Privately-Owned-Public-Spaces-POPS-/rvih-nhyn,https://data.cityofnewyork.us/resource/rvih-nhyn.json?pops_number=M070014,2025-10-14,2026-09-20T19:28:47+00:00,e2a280e21f4fe509dc14d65f2ab6e6b93bab0d41278ad258e7ea01758a870f3f
M070015,Manhattan,1886 BROADWAY,30 Lincoln Plaza,1011157503,1027463,40.770769,-73.981573,M070015,Manhattan,1,7,1886,BROADWAY,10023,"1886 BROADWAY, New York, NY 10023",1115,7503,East side of Broadway between West 62nd and 63rd Streets,1978,Completed,Covered Plaza; Landscaped Plaza; Mandatory Arcade; Special Permit Arcade,Lincoln Plaza Associates South/Milstein,Philip Birnbaum,M. Paul Friedberg,Covered Plaza 2386.25 sf; Landscaped Plaza 14385.17 sf; Mandatory Arcade 3492.61 sf; Special Permit Arcade 1000.00 sf,24 Hours; Restricted Hours,Bicycle Parking; Lighting; Litter Receptacles; Other Required; Planting; Plaque/Sign; Retail Frontage; Seating; Trees on Street; Trees within Space; Water Feature,regular maintenance of Covered Plaza and Landscaped Plaza; reconstruction and landscaping of Broadway Malls from West 62nd to West 64th Streets; regular maintenance of Covered Plaza and Landscaped Plaza,,Full/Partial,989354,220089,6,149,,POINT (-73.981573 40.770769),False,BROADWAY,1886,1886,Manhattan|1886|BROADWAY,1978,Covered Plaza; Landscaped Plaza; Mandatory Arcade; Special Permit Arcade,24 Hours; Restricted Hours,Covered Plaza 2386.25 sf; Landscaped Plaza 14385.17 sf; Mandatory Arcade 3492.61 sf; Special Permit Arcade 1000.00 sf,Bicycle Parking; Lighting; Litter Receptacles; Other Required; Planting; Plaque/Sign; Retail Frontage; Seating; Trees on Street; Trees within Space; Water Feature,regular maintenance of Covered Plaza and Landscaped Plaza; reconstruction and landscaping of Broadway Malls from West 62nd to West 64th Streets; regular maintenance of Covered Plaza and Landscaped Plaza,,False,,https://data.cityofnewyork.us/City-Government/Privately-Owned-Public-Spaces-POPS-/rvih-nhyn,https://data.cityofnewyork.us/resource/rvih-nhyn.json?pops_number=M070015,2025-10-14,2026-09-20T19:28:47+00:00,e2a280e21f4fe509dc14d65f2ab6e6b93bab0d41278ad258e7ea01758a870f3f
M070016,Manhattan,61 WEST 62 STREET,The Harmony/David Rubenstein Atrium,1011157502,1027461,40.771115,-73.982837,M070016,Manhattan,1,7,61,WEST 62 STREET,10023,"61 WEST 62 STREET, New York, NY 10023",1115,7502,North side of West 62nd Street between Broadway and Columbus Avenue,1979,Completed,Covered Plaza,The Harkness Company,Philip Birnbaum/John Gillis,M. Paul Friedberg & Partners; Tod Williams Billie Tsien (for alteration in 2008),Covered Plaza 6906.00 sf,Closing for Events; Restricted Hours,Climate Control; Drinking Fountain; Elevator; Food Service; Lighting; Other Required; Planting; Plaque/Sign; Programs; Restrooms; Retail Frontage; Seating; Tables; Trees on Street; Water Feature,skylight,,Full/Partial,989004,220215,6,149,,POINT (-73.982837 40.771115),False,WEST 62 STREET,61,61,Manhattan|61|WEST 62 STREET,1979,Covered Plaza,Closing for Events; Restricted Hours,Covered Plaza 6906.00 sf,Climate Control; Drinking Fountain; Elevator; Food Service; Lighting; Other Required; Planting; Plaque/Sign; Programs; Restrooms; Retail Frontage; Seating; Tables; Trees on Street; Water Feature,skylight,,False,,https://data.cityofnewyork.us/City-Government/Privately-Owned-Public-Spaces-POPS-/rvih-nhyn,https://data.cityofnewyork.us/resource/rvih-nhyn.json?pops_number=M070016,2025-10-14,2026-09-20T19:28:47+00:00,e2a280e21f4fe509dc14d65f2ab6e6b93bab0d41278ad258e7ea01758a870f3f
M070017,Manhattan,44 WEST 62 STREET,Lincoln Plaza Towers,1011140061,1027365,40.77073,-73.983133,M070017,Manhattan,1,7,44,WEST 62 STREET,10023,"44 WEST 62 STREET, New York, NY 10023",1114,61,Southeast corner of Columbus Avenue and West 62nd Street,1973,Completed,Plaza,"Lincoln Plaza, Inc.",Horace Ginsbern,Horace Ginsbern,Plaza 6802.40 sf,24 Hours,None,,,Full/Partial,988922,220075,6,145,,POINT (-73.983133 40.77073),False,WEST 62 STREET,44,44,Manhattan|44|WEST 62 STREET,1973,Plaza,24 Hours,Plaza 6802.40 sf,None,,,False,,https://data.cityofnewyork.us/City-Government/Privately-Owned-Public-Spaces-POPS-/rvih-nhyn,https://data.cityofnewyork.us/resource/rvih-nhyn.json?pops_number=M070017,2025-10-14,2026-09-20T19:28:47+00:00,e2a280e21f4fe509dc14d65f2ab6e6b93bab0d41278ad258e7ea01758a870f3f
M070019,Manhattan,45 WEST 60 STREET,Regent,1011130001,1027187,40.769943,-73.983711,M070019,Manhattan,1,7,45,WEST 60 STREET,10023,"45 WEST 60 STREET, New York, NY 10023",1113,1,Northeast corner of Columbus Avenue and West 60th Street,1982,Completed,Residential Plaza,,Horace Ginsbern,Horace Ginsbern,Residential Plaza 9256.43 sf,24 Hours,Bicycle Parking; Drinking Fountain; Lighting; Litter Receptacles; Planting; Plaque/Sign; Seating; Trees on Street; Trees within Space,,,Full/Partial,988762,219788,6,145,,POINT (-73.983711 40.769943),False,WEST 60 STREET,45,45,Manhattan|45|WEST 60 STREET,1982,Residential Plaza,24 Hours,Residential Plaza 9256.43 sf,Bicycle Parking; Drinking Fountain; Lighting; Litter Receptacles; Planting; Plaque/Sign; Seating; Trees on Street; Trees within Space,,,False,,https://data.cityofnewyork.us/City-Government/Privately-Owned-Public-Spaces-POPS-/rvih-nhyn,https://data.cityofnewyork.us/resource/rvih-nhyn.json?pops_number=M070019,2025-10-14,2026-09-20T19:28:47+00:00,e2a280e21f4fe509dc14d65f2ab6e6b93bab0d41278ad258e7ea01758a870f3f
M070020,Manhattan,30 WEST 61 STREET,Beaumont,1011137501,1027195,40.769989,-73.983295,M070020,Manhattan,1,7,30,WEST 61 STREET,10023,"30 WEST 61 STREET, New York, NY 10023",1113,7501,South side of West 61st Street between Broadway and Columbus Avenue,1983,Completed,Additional Residential Plaza; Arcade; Residential Plaza,King's Farm Realty Corporation,Liebman Liebman Associates,Liebman Liebman Associates,Additional Residential Plaza 3280.00 sf; Arcade 2490.32 sf; Residential Plaza 6100.83 sf,24 Hours; Restricted Hours,Bicycle Parking; Drinking Fountain; Lighting; Litter Receptacles; Other Required; Planting; Seating; Tables; Trees on Street; Trees within Space; Water Feature,577 sf trellis; connection to the adjacent public space at 23 Columbus Avenue (Regent),,Full/Partial,988877,219805,6,145,,POINT (-73.983295 40.769989),False,WEST 61 STREET,30,30,Manhattan|30|WEST 61 STREET,1983,Additional Residential Plaza; Arcade; Residential Plaza,24 Hours; Restricted Hours,Additional Residential Plaza 3280.00 sf; Arcade 2490.32 sf; Residential Plaza 6100.83 sf,Bicycle Parking; Drinking Fountain; Lighting; Litter Receptacles; Other Required; Planting; Seating; Tables; Trees on Street; Trees within Space; Water Feature,577 sf trellis; connection to the adjacent public space at 23 Columbus Avenue (Regent),,False,,https://data.cityofnewyork.us/City-Government/Privately-Owned-Public-Spaces-POPS-/rvih-nhyn,https://data.cityofnewyork.us/resource/rvih-nhyn.json?pops_number=M070020,2025-10-14,2026-09-20T19:28:47+00:00,e2a280e21f4fe509dc14d65f2ab6e6b93bab0d41278ad258e7ea01758a870f3f
M070021,Manhattan,1 CENTRAL PARK WEST,Trump International Hotel and Tower,1011137502,1027191,40.769108,-73.981621,M070021,Manhattan,1,7,1,CENTRAL PARK WEST,10023,"1 CENTRAL PARK WEST, New York, NY 10023",1113,7502,"Entire block bounded by Broadway, Central Park West, and West 61st Street",1970,Completed,Plaza,Morris Karp,Thomas E. Stanley; Philip Johnson (for alteration),Thomas Balsley Associates,Plaza 17856.00 sf,24 Hours,Food Service; Lighting; Planting; Seating; Subway; Trees on Street; Trees within Space,,,None,989341,219484,6,145,,POINT (-73.981621 40.769108),False,CENTRAL PARK WEST,1,1,Manhattan|1|CENTRAL PARK WEST,1970,Plaza,24 Hours,Plaza 17856.00 sf,Food Service; Lighting; Planting; Seating; Subway; Trees on Street; Trees within Space,,,False,,https://data.cityofnewyork.us/City-Government/Privately-Owned-Public-Spaces-POPS-/rvih-nhyn,https://data.cityofnewyork.us/resource/rvih-nhyn.json?pops_number=M070021,2025-10-14,2026-09-20T19:28:47+00:00,e2a280e21f4fe509dc14d65f2ab6e6b93bab0d41278ad258e7ea01758a870f3f
M070023,Manhattan,145 WEST 67 STREET,Tower 67,1011390001,1028849,40.775567,-73.983341,M070023,Manhattan,1,7,145,WEST 67 STREET,10023,"145 WEST 67 STREET, New York, NY 10023",1139,1,Full blockfront on east side of Amsterdam Avenue between West 67th and 68th Streets,1985,Completed,Residential Plaza,Amir Manoucherian/Amsterco,Philip Birnbaum & Associates,Abel Bainnson and Associates,Residential Plaza 14460.50 sf,Restricted Hours,Bicycle Parking; Drinking Fountain; Lighting; Litter Receptacles; Planting; Plaque/Sign; Seating; Trees on Street; Trees within Space; Water Feature,,,Full/Partial,988864,221837,6,153,,POINT (-73.983341 40.775567),False,WEST 67 STREET,145,145,Manhattan|145|WEST 67 STREET,1985,Residential Plaza,Restricted Hours,Residential Plaza 14460.50 sf,Bicycle Parking; Drinking Fountain; Lighting; Litter Receptacles; Planting; Plaque/Sign; Seating; Trees on Street; Trees within Space; Water Feature,,,False,,https://data.cityofnewyork.us/City-Government/Privately-Owned-Public-Spaces-POPS-/rvih-nhyn,https://data.cityofnewyork.us/resource/rvih-nhyn.json?pops_number=M070023,2025-10-14,2026-09-20T19:28:47+00:00,e2a280e21f4fe509dc14d65f2ab6e6b93bab0d41278ad258e7ea01758a870f3f
M070024,Manhattan,1991 BROADWAY,Bel Canto,1011397501,1028857,40.775276,-73.982637,M070024,Manhattan,1,7,1991,BROADWAY,10023,"1991 BROADWAY, New York, NY 10023",1139,7501,West side of Broadway between West 67th and 68th Streets,1985,Completed,Covered Plaza,Waterly N.V. Ltd.,"Kurt Resch, John Harding and Associates","Kurt Resch, John Harding and Associates; Aaron McDonald Architect (for alteration in 2006)",Covered Plaza 1518.00 sf,Restricted Hours,Climate Control; Lighting; Litter Receptacles; Other Required; Planting; Plaque/Sign; Seating; Tables; Trees within Space,decoration on column,,Full/Partial,989059,221731,6,153,,POINT (-73.982637 40.775276),False,BROADWAY,1991,1991,Manhattan|1991|BROADWAY,1985,Covered Plaza,Restricted Hours,Covered Plaza 1518.00 sf,Climate Control; Lighting; Litter Receptacles; Other Required; Planting; Plaque/Sign; Seating; Tables; Trees within Space,decoration on column,,False,,https://data.cityofnewyork.us/City-Government/Privately-Owned-Public-Spaces-POPS-/rvih-nhyn,https://data.cityofnewyork.us/resource/rvih-nhyn.json?pops_number=M070024,2025-10-14,2026-09-20T19:28:47+00:00,e2a280e21f4fe509dc14d65f2ab6e6b93bab0d41278ad258e7ea01758a870f3f
M070026,Manhattan,200 WEST 60 STREET,Concerto,1011517501,1077845,40.770898,-73.987797,M070026,Manhattan,1,7,200,WEST 60 STREET,10023,"200 WEST 60 STREET, New York, NY 10023",1151,7501,Full blockfront on west side of Amsterdam Avenue between West 59th and 60th Streets,1991,Completed,Public Open Space,,Buck/Cane,Buck/Cane,Public Open Space 7320.00 sf,Restricted Hours,Lighting; Other Required; Planting; Plaque/Sign; Retail Frontage; Seating; Trees on Street; Trees within Space; Water Feature,"children's play equipment in ""poured in place"" safety surface, surveillance camera",,Full/Partial,987630,220136,6,147,,POINT (-73.987797 40.770898),False,WEST 60 STREET,200,200,Manhattan|200|WEST 60 STREET,1991,Public Open Space,Restricted Hours,Public Open Space 7320.00 sf,Lighting; Other Required; Planting; Plaque/Sign; Retail Frontage; Seating; Trees on Street; Trees within Space; Water Feature,"children's play equipment in ""poured in place"" safety surface, surveillance camera",,False,,https://data.cityofnewyork.us/City-Government/Privately-Owned-Public-Spaces-POPS-/rvih-nhyn,https://data.cityofnewyork.us/resource/rvih-nhyn.json?pops_number=M070026,2025-10-14,2026-09-20T19:28:47+00:00,e2a280e21f4fe509dc14d65f2ab6e6b93bab0d41278ad258e7ea01758a870f3f
M070027,Manhattan,75 WEST END AVENUE,West End Towers,1011710063,1088686,40.773792,-73.989403,M070027,Manhattan,1,7,75,WEST END AVENUE,10023,"75 WEST END AVENUE, New York, NY 10023",1171,63,Full blockfronts on west side of West End Avenue between West 61st and 63rd Streets,1993,Completed,Public Open Spaces,Brodsky Organization,"Buck/Cane, Schuman Lichtenstein Claman Efron",Quennell Rothschild Associates,Public Open Spaces 51497.00 sf,Restricted Hours,Lighting; Other Required; Planting; Plaque/Sign; Seating; Trees on Street; Trees within Space,"overlook, boulders, a play area to include some of the following play equipment that are similar to Timberform ""Pipeline"" #9514, including wide slide chute with pipe rails, tire swing, arch ladder, bridgeway, and water run",,Full/Partial,987185,221190,6,151,,POINT (-73.989403 40.773792),False,WEST END AVENUE,75,75,Manhattan|75|WEST END AVENUE,1993,Public Open Spaces,Restricted Hours,Public Open Spaces 51497.00 sf,Lighting; Other Required; Planting; Plaque/Sign; Seating; Trees on Street; Trees within Space,"overlook, boulders, a play area to include some of the following play equipment that are similar to Timberform ""Pipeline"" #9514, including wide slide chute with pipe rails, tire swing, arch ladder, bridgeway, and water run",,False,,https://data.cityofnewyork.us/City-Government/Privately-Owned-Public-Spaces-POPS-/rvih-nhyn,https://data.cityofnewyork.us/resource/rvih-nhyn.json?pops_number=M070027,2025-10-14,2026-09-20T19:28:47+00:00,e2a280e21f4fe509dc14d65f2ab6e6b93bab0d41278ad258e7ea01758a870f3f
M070029,Manhattan,639 WEST 59 STREET,Riverside Center,1011710157,1089374,40.772677,-73.991804,M070029,Manhattan,1,7,639,WEST 59 STREET,10019,"639 WEST 59 STREET, New York, NY 10019",1171,157,,,,Public Access Area,,,,,,,,,,986520,220784,6,151,,POINT (-73.991804 40.772677),False,WEST 59 STREET,639,639,Manhattan|639|WEST 59 STREET,,Public Access Area,,,,,,False,missing_year;missing_required_hours;missing_required_amenities,https://data.cityofnewyork.us/City-Government/Privately-Owned-Public-Spaces-POPS-/rvih-nhyn,https://data.cityofnewyork.us/resource/rvih-nhyn.json?pops_number=M070029,2025-10-14,2026-09-20T19:28:47+00:00,e2a280e21f4fe509dc14d65f2ab6e6b93bab0d41278ad258e7ea01758a870f3f
M070030,Manhattan,40 COLUMBUS AVENUE,Fordham University,1011320001,1028829,40.770871,-73.984295,M070030,Manhattan,1,7,40,COLUMBUS AVENUE,10023,"40 COLUMBUS AVENUE, New York, NY 10023",1132,1,,,,Interim Open Space,,,,,,,,,,988600,220126,6,145,,POINT (-73.984295 40.770871),False,COLUMBUS AVENUE,40,40,Manhattan|40|COLUMBUS AVENUE,,Interim Open Space,,,,,,False,missing_year;missing_required_hours;missing_required_amenities,https://data.cityofnewyork.us/City-Government/Privately-Owned-Public-Spaces-POPS-/rvih-nhyn,https://data.cityofnewyork.us/resource/rvih-nhyn.json?pops_number=M070030,2025-10-14,2026-09-20T19:28:47+00:00,e2a280e21f4fe509dc14d65f2ab6e6b93bab0d41278ad258e7ea01758a870f3f
M080001,Manhattan,118 EAST 60 STREET,Plaza Tower,1013940007,1041902,40.762812,-73.968648,M080001,Manhattan,1,8,118,EAST 60 STREET,10022,"118 EAST 60 STREET, New York, NY 10022",1394,7,South side of East 60th Street between Lexington and Park Avenues,1965,Completed,Plaza,,Samuel Paul & Seymour Jarmul,Samuel Paul & Seymour Jarmul,Plaza 6276.00 sf,24 Hours,None,,,Full/Partial,992935,217191,4,114.02,,POINT (-73.968648 40.762812),False,EAST 60 STREET,118,118,Manhattan|118|EAST 60 STREET,1965,Plaza,24 Hours,Plaza 6276.00 sf,None,,,False,,https://data.cityofnewyork.us/City-Government/Privately-Owned-Public-Spaces-POPS-/rvih-nhyn,https://data.cityofnewyork.us/resource/rvih-nhyn.json?pops_number=M080001,2025-10-14,2026-09-20T19:28:47+00:00,e2a280e21f4fe509dc14d65f2ab6e6b93bab0d41278ad258e7ea01758a870f3f
M080002,Manhattan,167 EAST 61 STREET,Trump Plaza,1013960033,1041986,40.763253,-73.965768,M080002,Manhattan,1,8,167,EAST 61 STREET,10065,"167 EAST 61 STREET, New York, NY 10065",1396,33,Full blockfront of west side of Third Avenue between East 61st and 62nd Streets,1983,Completed,Residential Plaza,Donald J. Trump,Frank Williams/Philip Birnbaum,Thomas Balsley,Residential Plaza 7319.54 sf,Restricted Hours,Bicycle Parking; Drinking Fountain; Lighting; Litter Receptacles; Planting; Plaque/Sign; Seating; Trees on Street; Trees within Space; Water Feature,,,Full/Partial,993733,217352,4,114.02,,POINT (-73.965768 40.763253),False,EAST 61 STREET,167,167,Manhattan|167|EAST 61 STREET,1983,Residential Plaza,Restricted Hours,Residential Plaza 7319.54 sf,Bicycle Parking; Drinking Fountain; Lighting; Litter Receptacles; Planting; Plaque/Sign; Seating; Trees on Street; Trees within Space; Water Feature,,,False,,https://data.cityofnewyork.us/City-Government/Privately-Owned-Public-Spaces-POPS-/rvih-nhyn,https://data.cityofnewyork.us/resource/rvih-nhyn.json?pops_number=M080002,2025-10-14,2026-09-20T19:28:47+00:00,e2a280e21f4fe509dc14d65f2ab6e6b93bab0d41278ad258e7ea01758a870f3f
M080003,Manhattan,980 5 AVENUE,,1014910001,1046426,40.777041,-73.963201,M080003,Manhattan,1,8,980,FIFTH AVENUE,10075,"980 FIFTH AVENUE, New York, NY 10075",1491,1,Northeast corner of Fifth Avenue and East 79th Street,1967,Completed,Plaza,,Paul Resnick & Harry F. Green,Paul Resnick & Harry F. Green,Plaza 2879.50 sf,24 Hours,None,,,Full/Partial,994442,222376,4,142,,POINT (-73.963201 40.777041),False,5 AVENUE,980,980,Manhattan|980|5 AVENUE,1967,Plaza,24 Hours,Plaza 2879.50 sf,None,,,False,,https://data.cityofnewyork.us/City-Government/Privately-Owned-Public-Spaces-POPS-/rvih-nhyn,https://data.cityofnewyork.us/resource/rvih-nhyn.json?pops_number=M080003,2025-10-14,2026-09-20T19:28:47+00:00,e2a280e21f4fe509dc14d65f2ab6e6b93bab0d41278ad258e7ea01758a870f3f
M080004,Manhattan,188 EAST 64 STREET,Royale,1013987501,1042137,40.764499,-73.964843,M080004,Manhattan,1,8,188,EAST 64 STREET,10065,"188 EAST 64 STREET, New York, NY 10065",1398,7501,Full blockfront on west side of Third Avenue between East 63rd and 64th Streets,1987,Completed,Residential Plaza,,"Schuman, Lichtenstein, Claman, Efron",Quennell Rothschild Associates,Residential Plaza 6667.00 sf,24 Hours,Bicycle Parking; Drinking Fountain; Lighting; Litter Receptacles; Planting; Plaque/Sign; Seating; Trees on Street; Trees within Space,,,Full/Partial,993989,217806,4,120,,POINT (-73.964843 40.764499),False,EAST 64 STREET,188,188,Manhattan|188|EAST 64 STREET,1987,Residential Plaza,24 Hours,Residential Plaza 6667.00 sf,Bicycle Parking; Drinking Fountain; Lighting; Litter Receptacles; Planting; Plaque/Sign; Seating; Trees on Street; Trees within Space,,,False,,https://data.cityofnewyork.us/City-Government/Privately-Owned-Public-Spaces-POPS-/rvih-nhyn,https://data.cityofnewyork.us/resource/rvih-nhyn.json?pops_number=M080004,2025-10-14,2026-09-20T19:28:47+00:00,e2a280e21f4fe509dc14d65f2ab6e6b93bab0d41278ad258e7ea01758a870f3f
M080005,Manhattan,160 EAST 65 STREET,Phoenix,1013990033,1042369,40.765124,-73.964391,M080005,Manhattan,1,8,160,EAST 65 STREET,10065,"160 EAST 65 STREET, New York, NY 10065",1399,33,Full blcokfront on west side of Third Avenue between East 64th and 65th Streets,1969,Completed,Plaza,,Emery Roth & Sons,Emery Roth & Sons,Plaza 6814.74 sf,24 Hours,None,,,Full/Partial,994114,218034,4,120,,POINT (-73.964391 40.765124),False,EAST 65 STREET,160,160,Manhattan|160|EAST 65 STREET,1969,Plaza,24 Hours,Plaza 6814.74 sf,None,,,False,,https://data.cityofnewyork.us/City-Government/Privately-Owned-Public-Spaces-POPS-/rvih-nhyn,https://data.cityofnewyork.us/resource/rvih-nhyn.json?pops_number=M080005,2025-10-14,2026-09-20T19:28:47+00:00,e2a280e21f4fe509dc14d65f2ab6e6b93bab0d41278ad258e7ea01758a870f3f
M080006,Manhattan,733 PARK AVENUE,,1014050072,1042760,40.770092,-73.964136,M080006,Manhattan,1,8,733,PARK AVENUE,10021,"733 PARK AVENUE, New York, NY 10021",1405,72,Southeast corner of Park Avenue and East 71st Street,1970,Completed,Arcade; Plaza,733 Park Ave. Co.,Kahn and Jacobs with Harry F. Green,Kahn and Jacobs with Harry F. Green,Arcade 2070.57 sf; Plaza 1760.39 sf,24 Hours,None,,,Full/Partial,994184,219844,4,128,,POINT (-73.964136 40.770092),False,PARK AVENUE,733,733,Manhattan|733|PARK AVENUE,1970,Arcade; Plaza,24 Hours,Arcade 2070.57 sf; Plaza 1760.39 sf,None,,,False,,https://data.cityofnewyork.us/City-Government/Privately-Owned-Public-Spaces-POPS-/rvih-nhyn,https://data.cityofnewyork.us/resource/rvih-nhyn.json?pops_number=M080006,2025-10-14,2026-09-20T19:28:47+00:00,e2a280e21f4fe509dc14d65f2ab6e6b93bab0d41278ad258e7ea01758a870f3f
M080008,Manhattan,200 EAST 61 STREET,Savoy,1014157501,1043547,40.762366,-73.965591,M080008,Manhattan,1,8,200,EAST 61 STREET,10065,"200 EAST 61 STREET, New York, NY 10065",1415,7501,Full blockfront on east side of Third Avenue between East 60th and 61st Streets,1985,Completed,Residential Plaza,,Philip Birnbaum,Thomas Balsley Associates,Residential Plaza 5190.76 sf,Restricted Hours,Bicycle Parking; Drinking Fountain; Lighting; Litter Receptacles; Planting; Plaque/Sign; Seating; Trees on Street; Trees within Space,,,Full/Partial,993782,217029,5,110,,POINT (-73.965591 40.762366),False,EAST 61 STREET,200,200,Manhattan|200|EAST 61 STREET,1985,Residential Plaza,Restricted Hours,Residential Plaza 5190.76 sf,Bicycle Parking; Drinking Fountain; Lighting; Litter Receptacles; Planting; Plaque/Sign; Seating; Trees on Street; Trees within Space,,,False,,https://data.cityofnewyork.us/City-Government/Privately-Owned-Public-Spaces-POPS-/rvih-nhyn,https://data.cityofnewyork.us/resource/rvih-nhyn.json?pops_number=M080008,2025-10-14,2026-09-20T19:28:47+00:00,e2a280e21f4fe509dc14d65f2ab6e6b93bab0d41278ad258e7ea01758a870f3f
M080009,Manhattan,200 EAST 62 STREET,Wellington Estates,1014167501,1043780,40.763016,-73.965078,M080009,Manhattan,1,8,200,EAST 62 STREET,10065,"200 EAST 62 STREET, New York, NY 10065",1416,7501,Full blockfront on east side of Third Avenue between East 61st and 62nd Streets,1966,Completed,Arcade; Plaza,200 East Realty Corporation,Harry F. Green,Harry F. Green,Arcade 504.00 sf; Plaza 6250.00 sf,24 Hours,None,,,Full/Partial,993924,217266,5,110,,POINT (-73.965078 40.763016),False,EAST 62 STREET,200,200,Manhattan|200|EAST 62 STREET,1966,Arcade; Plaza,24 Hours,Arcade 504.00 sf; Plaza 6250.00 sf,None,,,False,,https://data.cityofnewyork.us/City-Government/Privately-Owned-Public-Spaces-POPS-/rvih-nhyn,https://data.cityofnewyork.us/resource/rvih-nhyn.json?pops_number=M080009,2025-10-14,2026-09-20T19:28:47+00:00,e2a280e21f4fe509dc14d65f2ab6e6b93bab0d41278ad258e7ea01758a870f3f
M080010,Manhattan,200 EAST 64 STREET,Carlton Towers,1014180045,1043866,40.764339,-73.964081,M080010,Manhattan,1,8,200,EAST 64 STREET,10065,"200 EAST 64 STREET, New York, NY 10065",1418,45,Southeast corner of Third Avenue and East 64th Street,1969,Completed,Plaza,,Philip Birnbaum,Abel Bainnson and Associates,Plaza 4604.00 sf,Restricted Hours,Lighting; Litter Receptacles; Planting; Plaque/Sign; Seating,,,None,994200,217748,5,110,,POINT (-73.964081 40.764339),False,EAST 64 STREET,200,200,Manhattan|200|EAST 64 STREET,1969,Plaza,Restricted Hours,Plaza 4604.00 sf,Lighting; Litter Receptacles; Planting; Plaque/Sign; Seating,,,False,,https://data.cityofnewyork.us/City-Government/Privately-Owned-Public-Spaces-POPS-/rvih-nhyn,https://data.cityofnewyork.us/resource/rvih-nhyn.json?pops_number=M080010,2025-10-14,2026-09-20T19:28:47+00:00,e2a280e21f4fe509dc14d65f2ab6e6b93bab0d41278ad258e7ea01758a870f3f
M080011,Manhattan,220 EAST 65 STREET,Concorde,1014197503,1043869,40.76444,-73.962659,M080011,Manhattan,1,8,220,EAST 65 STREET,10065,"220 EAST 65 STREET, New York, NY 10065",1419,7503,South side of East 65th Street between Second and Third Avenues,1979,Completed,Plaza,,Philip Birnbaum,Philip Birnbaum,Plaza 1325.00 sf,24 Hours,None,,,Full/Partial,994594,217785,5,118,,POINT (-73.962659 40.76444),False,EAST 65 STREET,220,220,Manhattan|220|EAST 65 STREET,1979,Plaza,24 Hours,Plaza 1325.00 sf,None,,,False,,https://data.cityofnewyork.us/City-Government/Privately-Owned-Public-Spaces-POPS-/rvih-nhyn,https://data.cityofnewyork.us/resource/rvih-nhyn.json?pops_number=M080011,2025-10-14,2026-09-20T19:28:47+00:00,e2a280e21f4fe509dc14d65f2ab6e6b93bab0d41278ad258e7ea01758a870f3f
M080012,Manhattan,200 EAST 65 STREET,Bristol,1014197502,1076307,40.764775,-73.963557,M080012,Manhattan,1,8,200,EAST 65 STREET,10065,"200 EAST 65 STREET, New York, NY 10065",1419,7502,Full blockfront on east side of Third Avenue between East 64th and 65th Streets,1987,Completed,Residential Plaza,,Ulrich Franzen & Associates/Philip Birnbaum & Associates,Ulrich Franzen & Associates/Philip Birnbaum & Associates; Thomas Balsley Associates,Residential Plaza 8368.50 sf,Restricted Hours,Bicycle Parking; Drinking Fountain; Lighting; Litter Receptacles; Planting; Plaque/Sign; Seating; Trees on Street; Trees within Space,,,Full/Partial,994345,217907,5,118,,POINT (-73.963557 40.764775),False,EAST 65 STREET,200,200,Manhattan|200|EAST 65 STREET,1987,Residential Plaza,Restricted Hours,Residential Plaza 8368.50 sf,Bicycle Parking; Drinking Fountain; Lighting; Litter Receptacles; Planting; Plaque/Sign; Seating; Trees on Street; Trees within Space,,,False,,https://data.cityofnewyork.us/City-Government/Privately-Owned-Public-Spaces-POPS-/rvih-nhyn,https://data.cityofnewyork.us/resource/rvih-nhyn.json?pops_number=M080012,2025-10-14,2026-09-20T19:28:47+00:00,e2a280e21f4fe509dc14d65f2ab6e6b93bab0d41278ad258e7ea01758a870f3f
M080013,Manhattan,265 EAST 66 STREET,,1014210021,1043873,40.765598,-73.96142,M080013,Manhattan,1,8,265,EAST 66 STREET,10065,"265 EAST 66 STREET, New York, NY 10065",1421,21,Full blockfront on west side of Second Avenue between East 66th and 67th Streets,1975,Completed,Plaza,Second Avenue Solow Development Corp.,Gruzen & Partners,Gruzen & Partners,Plaza 7531.17 sf,24 Hours,None,,,None,994937,218207,5,118,,POINT (-73.96142 40.765598),False,EAST 66 STREET,265,265,Manhattan|265|EAST 66 STREET,1975,Plaza,24 Hours,Plaza 7531.17 sf,None,,,False,,https://data.cityofnewyork.us/City-Government/Privately-Owned-Public-Spaces-POPS-/rvih-nhyn,https://data.cityofnewyork.us/resource/rvih-nhyn.json?pops_number=M080013,2025-10-14,2026-09-20T19:28:47+00:00,e2a280e21f4fe509dc14d65f2ab6e6b93bab0d41278ad258e7ea01758a870f3f
M080014,Manhattan,254 EAST 68 STREET,,1014220021,1043884,40.766067,-73.960813,M080014,Manhattan,1,8,254,EAST 68 STREET,10065,"254 EAST 68 STREET, New York, NY 10065",1422,21,Full blockfront on west side of Second Avenue between East 67th and 68th Streets,1973,Completed,Plaza,,Emery Roth & Sons,Emery Roth & Sons,Plaza 8153.10 sf,24 Hours,None,,,Full/Partial,995105,218378,5,118,,POINT (-73.960813 40.766067),False,EAST 68 STREET,254,254,Manhattan|254|EAST 68 STREET,1973,Plaza,24 Hours,Plaza 8153.10 sf,None,,,False,,https://data.cityofnewyork.us/City-Government/Privately-Owned-Public-Spaces-POPS-/rvih-nhyn,https://data.cityofnewyork.us/resource/rvih-nhyn.json?pops_number=M080014,2025-10-14,2026-09-20T19:28:47+00:00,e2a280e21f4fe509dc14d65f2ab6e6b93bab0d41278ad258e7ea01758a870f3f
M080015,Manhattan,205 EAST 95 STREET,Normandie Court,1015410001,1049245,40.78468,-73.94924,M080015,Manhattan,1,8,205,EAST 95 STREET,10128,"205 EAST 95 STREET, New York, NY 10128",1541,1,East side of Third Avenue between East 95th and 96th Streets,1985,Completed,Residential Plaza,Milstein Properties,Abraham D. Levitt Associates/The Vilkas Group,Abraham D. Levitt Associates/The Vilkas Group,Residential Plaza 8743.00 sf,24 Hours,Bicycle Parking; Drinking Fountain; Lighting; Litter Receptacles; Planting; Plaque/Sign; Seating; Trees on Street; Trees within Space,,,Full/Partial,998307,225161,8,156.01,,POINT (-73.94924 40.78468),False,EAST 95 STREET,205,205,Manhattan|205|EAST 95 STREET,1985,Residential Plaza,24 Hours,Residential Plaza 8743.00 sf,Bicycle Parking; Drinking Fountain; Lighting; Litter Receptacles; Planting; Plaque/Sign; Seating; Trees on Street; Trees within Space,,,False,,https://data.cityofnewyork.us/City-Government/Privately-Owned-Public-Spaces-POPS-/rvih-nhyn,https://data.cityofnewyork.us/resource/rvih-nhyn.json?pops_number=M080015,2025-10-14,2026-09-20T19:28:47+00:00,e2a280e21f4fe509dc14d65f2ab6e6b93bab0d41278ad258e7ea01758a870f3f
M080016,Manhattan,220 EAST 72 STREET,,1014260035,1083342,40.768919,-73.959739,M080016,Manhattan,1,8,220,EAST 72 STREET,10021,"220 EAST 72 STREET, New York, NY 10021",1426,35,South side of East 72nd Street between Second and Third Avenues,1974,Completed,Plaza,,Evans & Delehanty,Evans & Delehanty,Plaza 1740.00 sf,24 Hours,None,,,Full/Partial,995402,219417,5,126,,POINT (-73.959739 40.768919),False,EAST 72 STREET,220,220,Manhattan|220|EAST 72 STREET,1974,Plaza,24 Hours,Plaza 1740.00 sf,None,,,False,,https://data.cityofnewyork.us/City-Government/Privately-Owned-Public-Spaces-POPS-/rvih-nhyn,https://data.cityofnewyork.us/resource/rvih-nhyn.json?pops_number=M080016,2025-10-14,2026-09-20T19:28:47+00:00,e2a280e21f4fe509dc14d65f2ab6e6b93bab0d41278ad258e7ea01758a870f3f
M080019,Manhattan,300 EAST 62 STREET,Paladin,1014367501,1044249,40.762203,-73.96279,M080019,Manhattan,1,8,300,EAST 62 STREET,10065,"300 EAST 62 STREET, New York, NY 10065",1436,7501,Southeast corner of Second Avenue and East 62nd Street,1985,Completed,Residential Plaza,"Empire Realty Group, Inc.",Liebman Liebman Associates,Liebman Liebman Associates,Residential Plaza 3143.00 sf,24 Hours,Artwork; Bicycle Parking; Lighting; Litter Receptacles; Planting; Plaque/Sign; Seating; Trees on Street; Trees within Space,,,Full/Partial,994558,216970,5,110,,POINT (-73.96279 40.762203),False,EAST 62 STREET,300,300,Manhattan|300|EAST 62 STREET,1985,Residential Plaza,24 Hours,Residential Plaza 3143.00 sf,Artwork; Bicycle Parking; Lighting; Litter Receptacles; Planting; Plaque/Sign; Seating; Trees on Street; Trees within Space,,,False,,https://data.cityofnewyork.us/City-Government/Privately-Owned-Public-Spaces-POPS-/rvih-nhyn,https://data.cityofnewyork.us/resource/rvih-nhyn.json?pops_number=M080019,2025-10-14,2026-09-20T19:28:47+00:00,e2a280e21f4fe509dc14d65f2ab6e6b93bab0d41278ad258e7ea01758a870f3f
M080021,Manhattan,304 EAST 65 STREET,Rio,1014397501,1072488,40.763976,-73.961461,M080021,Manhattan,1,8,304,EAST 65 STREET,10065,"304 EAST 65 STREET, New York, NY 10065",1439,7501,Southeast corner of Second Avenue and East 65th Street,1987,Completed,Residential Plaza,Vector Real Estate Group,The Gruzen Partnership,Thomas Balsley Associates; Langan (2018 Redesign),Residential Plaza 4054.00 sf,Restricted Hours,Bicycle Parking; Drinking Fountain; Lighting; Litter Receptacles; Planting; Plaque/Sign; Seating; Trees on Street; Trees within Space; Water Feature,,,Full/Partial,994926,217616,5,118,,POINT (-73.961461 40.763976),False,EAST 65 STREET,304,304,Manhattan|304|EAST 65 STREET,1987,Residential Plaza,Restricted Hours,Residential Plaza 4054.00 sf,Bicycle Parking; Drinking Fountain; Lighting; Litter Receptacles; Planting; Plaque/Sign; Seating; Trees on Street; Trees within Space; Water Feature,,,False,,https://data.cityofnewyork.us/City-Government/Privately-Owned-Public-Spaces-POPS-/rvih-nhyn,https://data.cityofnewyork.us/resource/rvih-nhyn.json?pops_number=M080021,2025-10-14,2026-09-20T19:28:47+00:00,e2a280e21f4fe509dc14d65f2ab6e6b93bab0d41278ad258e7ea01758a870f3f
M080022,Manhattan,353 EAST 72 STREET,Fontaine,1014470019,1044882,40.7683,-73.956462,M080022,Manhattan,1,8,353,EAST 72 STREET,10021,"353 EAST 72 STREET, New York, NY 10021",1447,19,North side of East 72nd Street between First and Second Avenues,1975,Completed,Arcade; Plaza,,Max Wechsler,Max Wechsler,Arcade 786.00 sf; Plaza 2411.00 sf,24 Hours,None,,,Full/Partial,996310,219192,5,126,,POINT (-73.956462 40.7683),False,EAST 72 STREET,353,353,Manhattan|353|EAST 72 STREET,1975,Arcade; Plaza,24 Hours,Arcade 786.00 sf; Plaza 2411.00 sf,None,,,False,,https://data.cityofnewyork.us/City-Government/Privately-Owned-Public-Spaces-POPS-/rvih-nhyn,https://data.cityofnewyork.us/resource/rvih-nhyn.json?pops_number=M080022,2025-10-14,2026-09-20T19:28:47+00:00,e2a280e21f4fe509dc14d65f2ab6e6b93bab0d41278ad258e7ea01758a870f3f
M080023,Manhattan,300 EAST 74 STREET,,1014480003,1089033,40.769607,-73.957212,M080023,Manhattan,1,8,300,EAST 74 STREET,10021,"300 EAST 74 STREET, New York, NY 10021",1448,3,Southeast corner of Second Avenue and East 74th Street,1967,Completed,Plaza,,H.I. Feldman,"H.I. Feldman; Devon Architects, P.C. (for alteration in 2005)",Plaza 5960.00 sf,Restricted Hours,Bicycle Parking; Drinking Fountain; Lighting; Litter Receptacles; Planting; Seating,,,Full/Partial,996102,219668,5,126,,POINT (-73.957212 40.769607),False,EAST 74 STREET,300,300,Manhattan|300|EAST 74 STREET,1967,Plaza,Restricted Hours,Plaza 5960.00 sf,Bicycle Parking; Drinking Fountain; Lighting; Litter Receptacles; Planting; Seating,,,False,,https://data.cityofnewyork.us/City-Government/Privately-Owned-Public-Spaces-POPS-/rvih-nhyn,https://data.cityofnewyork.us/resource/rvih-nhyn.json?pops_number=M080023,2025-10-14,2026-09-20T19:28:47+00:00,e2a280e21f4fe509dc14d65f2ab6e6b93bab0d41278ad258e7ea01758a870f3f
M080025,Manhattan,300 EAST 75 STREET,Fairmont,1014490003,1044925,40.770262,-73.956691,M080025,Manhattan,1,8,300,EAST 75 STREET,10021,"300 EAST 75 STREET, New York, NY 10021",1449,3,Southeast corner of Second Avenue and East 75th Street,1979,Completed,Arcade; Landscaped Park; Plaza,Arwin East 74th Street Co.,Philip Birnbaum,Philip Birnbaum,Arcade 1560.00 sf; Landscaped Park 0.00 sf; Plaza 8556.48 sf,24 Hours; Restricted Hours,Artwork; Planting; Seating; Water Feature,,,Full/Partial,996246,219907,5,134,,POINT (-73.956691 40.770262),False,EAST 75 STREET,300,300,Manhattan|300|EAST 75 STREET,1979,Arcade; Landscaped Park; Plaza,24 Hours; Restricted Hours,Arcade 1560.00 sf; Landscaped Park 0.00 sf; Plaza 8556.48 sf,Artwork; Planting; Seating; Water Feature,,,False,,https://data.cityofnewyork.us/City-Government/Privately-Owned-Public-Spaces-POPS-/rvih-nhyn,https://data.cityofnewyork.us/resource/rvih-nhyn.json?pops_number=M080025,2025-10-14,2026-09-20T19:28:47+00:00,e2a280e21f4fe509dc14d65f2ab6e6b93bab0d41278ad258e7ea01758a870f3f
M080027,Manhattan,400 EAST 70 STREET,Kingsley,1014647501,1045589,40.76614,-73.956792,M080027,Manhattan,1,8,400,EAST 70 STREET,10021,"400 EAST 70 STREET, New York, NY 10021",1464,7501,Southeast corner of First Avenue and East 70th Street,1983,Completed,Residential Plaza,,Stephen B. Jacobs & Associates,Quennell Rothschild Associates,Residential Plaza 4739.00 sf,Restricted Hours,Artwork; Bicycle Parking; Drinking Fountain; Lighting; Litter Receptacles; Planting; Plaque/Sign; Seating; Trees on Street; Trees within Space,,,Full/Partial,996219,218405,5,124,,POINT (-73.956792 40.76614),False,EAST 70 STREET,400,400,Manhattan|400|EAST 70 STREET,1983,Residential Plaza,Restricted Hours,Residential Plaza 4739.00 sf,Artwork; Bicycle Parking; Drinking Fountain; Lighting; Litter Receptacles; Planting; Plaque/Sign; Seating; Trees on Street; Trees within Space,,,False,,https://data.cityofnewyork.us/City-Government/Privately-Owned-Public-Spaces-POPS-/rvih-nhyn,https://data.cityofnewyork.us/resource/rvih-nhyn.json?pops_number=M080027,2025-10-14,2026-09-20T19:28:47+00:00,e2a280e21f4fe509dc14d65f2ab6e6b93bab0d41278ad258e7ea01758a870f3f
M080029,Manhattan,400 EAST 71 STREET,Windsor,1014650001,1045808,40.766642,-73.956257,M080029,Manhattan,1,8,400,EAST 71 STREET,10021,"400 EAST 71 STREET, New York, NY 10021",1465,1,Full blockfront on east side of First Avenue between East 70th and 71st Streets,1979,Completed,Plaza,,"Schuman, Lichtenstein, Claman","Schuman, Lichtenstein, Claman",Plaza 7297.86 sf,24 Hours,None,,,Full/Partial,996367,218588,5,124,,POINT (-73.956257 40.766642),False,EAST 71 STREET,400,400,Manhattan|400|EAST 71 STREET,1979,Plaza,24 Hours,Plaza 7297.86 sf,None,,,False,,https://data.cityofnewyork.us/City-Government/Privately-Owned-Public-Spaces-POPS-/rvih-nhyn,https://data.cityofnewyork.us/resource/rvih-nhyn.json?pops_number=M080029,2025-10-14,2026-09-20T19:28:47+00:00,e2a280e21f4fe509dc14d65f2ab6e6b93bab0d41278ad258e7ea01758a870f3f
M080030,Manhattan,1385 YORK AVENUE,Stratford,1014680021,1045876,40.768013,-73.953411,M080030,Manhattan,1,8,1385,YORK AVENUE,10021,"1385 YORK AVENUE, New York, NY 10021",1468,21,Full blockfront on west side of York Avenue between East 73rd and 74th Streets,1969,Completed,Plaza,,Max Siegel Associates,Max Siegel Associates,Plaza 12034.00 sf,24 Hours,None,,,Full/Partial,997155,219088,5,124,,POINT (-73.953411 40.768013),False,YORK AVENUE,1385,1385,Manhattan|1385|YORK AVENUE,1969,Plaza,24 Hours,Plaza 12034.00 sf,None,,,False,,https://data.cityofnewyork.us/City-Government/Privately-Owned-Public-Spaces-POPS-/rvih-nhyn,https://data.cityofnewyork.us/resource/rvih-nhyn.json?pops_number=M080030,2025-10-14,2026-09-20T19:28:47+00:00,e2a280e21f4fe509dc14d65f2ab6e6b93bab0d41278ad258e7ea01758a870f3f
M080031,Manhattan,1365 YORK AVENUE,Somerset,1014670021,1045849,40.76741,-73.953899,M080031,Manhattan,1,8,1365,YORK AVENUE,10021,"1365 YORK AVENUE, New York, NY 10021",1467,21,Full blockfront on west side of York Avenue between East 72nd and 73rd Streets,1977,Completed,Plaza,Peter Kalikow,Philip Birnbaum,Philip Birnbaum,Plaza 11606.97 sf,24 Hours,None,,,Full/Partial,997020,218868,5,124,,POINT (-73.953899 40.76741),False,YORK AVENUE,1365,1365,Manhattan|1365|YORK AVENUE,1977,Plaza,24 Hours,Plaza 11606.97 sf,None,,,False,,https://data.cityofnewyork.us/City-Government/Privately-Owned-Public-Spaces-POPS-/rvih-nhyn,https://data.cityofnewyork.us/resource/rvih-nhyn.json?pops_number=M080031,2025-10-14,2026-09-20T19:28:47+00:00,e2a280e21f4fe509dc14d65f2ab6e6b93bab0d41278ad258e7ea01758a870f3f
M080032,Manhattan,985 5 AVENUE,,1014910004,1046427,40.777261,-73.96315,M080032,Manhattan,1,8,985,FIFTH AVENUE,10075,"985 FIFTH AVENUE, New York, NY 10075",1491,4,East side of Fifth Avenue between East 79th and 80th Streets,1969,Completed,Arcade; Plaza,Bernard Spitzer,Wechsler & Schimenti,Wechsler & Schimenti,Arcade 1443.55 sf; Plaza 1386.18 sf,24 Hours,None,,,Full/Partial,994456,222456,4,142,,POINT (-73.96315 40.777261),False,5 AVENUE,985,985,Manhattan|985|5 AVENUE,1969,Arcade; Plaza,24 Hours,Arcade 1443.55 sf; Plaza 1386.18 sf,None,,,False,,https://data.cityofnewyork.us/City-Government/Privately-Owned-Public-Spaces-POPS-/rvih-nhyn,https://data.cityofnewyork.us/resource/rvih-nhyn.json?pops_number=M080032,2025-10-14,2026-09-20T19:28:47+00:00,e2a280e21f4fe509dc14d65f2ab6e6b93bab0d41278ad258e7ea01758a870f3f
M080033,Manhattan,900 PARK AVENUE,Park 900,1014917501,1046471,40.776088,-73.960695,M080033,Manhattan,1,8,900,PARK AVENUE,10075,"900 PARK AVENUE, New York, NY 10075",1491,7501,Northwest corner of Park Avenue and East 79th Street,1973,Completed,Plaza,,Philip Birnbaum,Philip Birnbaum,Plaza 5076.00 sf,24 Hours,None,,,Full/Partial,995136,222029,4,142,,POINT (-73.960695 40.776088),False,PARK AVENUE,900,900,Manhattan|900|PARK AVENUE,1973,Plaza,24 Hours,Plaza 5076.00 sf,None,,,False,,https://data.cityofnewyork.us/City-Government/Privately-Owned-Public-Spaces-POPS-/rvih-nhyn,https://data.cityofnewyork.us/resource/rvih-nhyn.json?pops_number=M080033,2025-10-14,2026-09-20T19:28:47+00:00,e2a280e21f4fe509dc14d65f2ab6e6b93bab0d41278ad258e7ea01758a870f3f
M080034,Manhattan,50 EAST 89 STREET,Park Regis,1015000045,1046957,40.78221,-73.956936,M080034,Manhattan,1,8,50,EAST 89 STREET,10128,"50 EAST 89 STREET, New York, NY 10128",1500,45,South side of East 89th Street between Park and Madison Avenues,1974,Completed,Landscaped Open Area; Plaza (Park-Like Open Space),,Philip Birnbaum,Philip Birnbaum,Landscaped Open Area 0.00 sf; Plaza (Park-Like Open Space) 8395.35 sf,24 Hours; Restricted Hours,Lighting; Other Required; Planting; Seating,children's play area,,Full/Partial,996176,224260,4,150.02,,POINT (-73.956936 40.78221),False,EAST 89 STREET,50,50,Manhattan|50|EAST 89 STREET,1974,Landscaped Open Area; Plaza (Park-Like Open Space),24 Hours; Restricted Hours,Landscaped Open Area 0.00 sf; Plaza (Park-Like Open Space) 8395.35 sf,Lighting; Other Required; Planting; Seating,children's play area,,False,,https://data.cityofnewyork.us/City-Government/Privately-Owned-Public-Spaces-POPS-/rvih-nhyn,https://data.cityofnewyork.us/resource/rvih-nhyn.json?pops_number=M080034,2025-10-14,2026-09-20T19:28:47+00:00,e2a280e21f4fe509dc14d65f2ab6e6b93bab0d41278ad258e7ea01758a870f3f
M080035,Manhattan,45 EAST 89 STREET,,1015017501,1046972,40.782968,-73.956669,M080035,Manhattan,1,8,45,EAST 89 STREET,10128,"45 EAST 89 STREET, New York, NY 10128",1501,7501,East side of Madison Avenue between East 89th and 90th Streets,1969,Completed,Plaza,,Emery Roth & Sons,Emery Roth & Sons,Plaza 9587.00 sf,24 Hours,None,,,Full/Partial,996250,224536,4,150.02,,POINT (-73.956669 40.782968),False,EAST 89 STREET,45,45,Manhattan|45|EAST 89 STREET,1969,Plaza,24 Hours,Plaza 9587.00 sf,None,,,False,,https://data.cityofnewyork.us/City-Government/Privately-Owned-Public-Spaces-POPS-/rvih-nhyn,https://data.cityofnewyork.us/resource/rvih-nhyn.json?pops_number=M080035,2025-10-14,2026-09-20T19:28:47+00:00,e2a280e21f4fe509dc14d65f2ab6e6b93bab0d41278ad258e7ea01758a870f3f
M080036,Manhattan,40 EAST 94 STREET,Carnegie Hill Tower,1015057502,1047171,40.785523,-73.954963,M080036,Manhattan,1,8,40,EAST 94 STREET,10128,"40 EAST 94 STREET, New York, NY 10128",1505,7502,Southeast corner of Madison Avenue and East 94th Street,1983,Completed,Access to Public Open Area; Public Open Area,East 93rd Street Equities Corp./Lifford Properties,Edward V. Giannasca,Edward V. Giannasca,Access to Public Open Area 3083.00 sf; Public Open Area 11040.21 sf,Restricted Hours,Lighting; Other Required; Planting; Plaque/Sign; Seating; Trees on Street; Trees within Space,Public Open Area: decorative paving; sidewalk,,Full/Partial,996722,225467,5,160.01,,POINT (-73.954963 40.785523),False,EAST 94 STREET,40,40,Manhattan|40|EAST 94 STREET,1983,Access to Public Open Area; Public Open Area,Restricted Hours,Access to Public Open Area 3083.00 sf; Public Open Area 11040.21 sf,Lighting; Other Required; Planting; Plaque/Sign; Seating; Trees on Street; Trees within Space,Public Open Area: decorative paving; sidewalk,,False,,https://data.cityofnewyork.us/City-Government/Privately-Owned-Public-Spaces-POPS-/rvih-nhyn,https://data.cityofnewyork.us/resource/rvih-nhyn.json?pops_number=M080036,2025-10-14,2026-09-20T19:28:47+00:00,e2a280e21f4fe509dc14d65f2ab6e6b93bab0d41278ad258e7ea01758a870f3f
M080037,Manhattan,178 EAST 80 STREET,Kenilworth,1015080038,1047479,40.77489,-73.95736,M080037,Manhattan,1,8,178,EAST 80 STREET,10075,"178 EAST 80 STREET, New York, NY 10075",1508,38,South side of East 80th Street between Third and Lexington Avenues,1972,Completed,Plaza,Kalikow Construction Corp.,Philip Birnbaum,Philip Birnbaum,Plaza 3655.00 sf,24 Hours,None,,,Full/Partial,996060,221593,4,140,,POINT (-73.95736 40.77489),False,EAST 80 STREET,178,178,Manhattan|178|EAST 80 STREET,1972,Plaza,24 Hours,Plaza 3655.00 sf,None,,,False,,https://data.cityofnewyork.us/City-Government/Privately-Owned-Public-Spaces-POPS-/rvih-nhyn,https://data.cityofnewyork.us/resource/rvih-nhyn.json?pops_number=M080037,2025-10-14,2026-09-20T19:28:47+00:00,e2a280e21f4fe509dc14d65f2ab6e6b93bab0d41278ad258e7ea01758a870f3f
M080039,Manhattan,171 EAST 84 STREET,Evans Tower,1015137501,1047704,40.777876,-73.955231,M080039,Manhattan,1,8,171,EAST 84 STREET,10028,"171 EAST 84 STREET, New York, NY 10028",1513,7501,Northwest corner of Third Avenue and East 84th Street,1986,Completed,Residential Plaza,Legent Realty Co.,Philip Birnbaum,Philip Birnbaum; Thomas Balsley Associates,Residential Plaza 4249.74 sf,24 Hours,Bicycle Parking; Drinking Fountain; Lighting; Litter Receptacles; Planting; Plaque/Sign; Seating; Trees within Space; Water Feature,,,Full/Partial,996649,222681,4,148.01,,POINT (-73.955231 40.777876),False,EAST 84 STREET,171,171,Manhattan|171|EAST 84 STREET,1986,Residential Plaza,24 Hours,Residential Plaza 4249.74 sf,Bicycle Parking; Drinking Fountain; Lighting; Litter Receptacles; Planting; Plaque/Sign; Seating; Trees within Space; Water Feature,,,False,,https://data.cityofnewyork.us/City-Government/Privately-Owned-Public-Spaces-POPS-/rvih-nhyn,https://data.cityofnewyork.us/resource/rvih-nhyn.json?pops_number=M080039,2025-10-14,2026-09-20T19:28:47+00:00,e2a280e21f4fe509dc14d65f2ab6e6b93bab0d41278ad258e7ea01758a870f3f
M080040,Manhattan,185 EAST 85 STREET,Park Lane Towers,1015140039,1047938,40.778669,-73.954732,M080040,Manhattan,1,8,185,EAST 85 STREET,10028,"185 EAST 85 STREET, New York, NY 10028",1514,39,Full blockfront on west side of Third Avenue between East 85th and 86th Streets,1966,Completed,Plaza; Plaza- Connected Open Area,,H.I. Feldman,Arthur J. Klonsky,Plaza 13655.00 sf; Plaza- Connected Open Area 2936.00 sf,24 Hours,None,,,Full/Partial,996787,222970,4,148.01,,POINT (-73.954732 40.778669),False,EAST 85 STREET,185,185,Manhattan|185|EAST 85 STREET,1966,Plaza; Plaza- Connected Open Area,24 Hours,Plaza 13655.00 sf; Plaza- Connected Open Area 2936.00 sf,None,,,False,,https://data.cityofnewyork.us/City-Government/Privately-Owned-Public-Spaces-POPS-/rvih-nhyn,https://data.cityofnewyork.us/resource/rvih-nhyn.json?pops_number=M080040,2025-10-14,2026-09-20T19:28:47+00:00,e2a280e21f4fe509dc14d65f2ab6e6b93bab0d41278ad258e7ea01758a870f3f
M080041,Manhattan,111 EAST 85 STREET,,1015140008,1047928,40.779485,-73.956624,M080041,Manhattan,1,8,111,EAST 85 STREET,10028,"111 EAST 85 STREET, New York, NY 10028",1514,8,North side of East 85th Street between Lexington and Park Avenues,1971,Completed,Arcade; Plaza,,Philip Birnbaum,Philip Birnbaum,Arcade 566.70 sf; Plaza 5581.19 sf,24 Hours,Lighting; Planting; Seating; Trees on Street; Trees within Space,,,None,996263,223267,4,148.01,,POINT (-73.956624 40.779485),False,EAST 85 STREET,111,111,Manhattan|111|EAST 85 STREET,1971,Arcade; Plaza,24 Hours,Arcade 566.70 sf; Plaza 5581.19 sf,Lighting; Planting; Seating; Trees on Street; Trees within Space,,,False,,https://data.cityofnewyork.us/City-Government/Privately-Owned-Public-Spaces-POPS-/rvih-nhyn,https://data.cityofnewyork.us/resource/rvih-nhyn.json?pops_number=M080041,2025-10-14,2026-09-20T19:28:47+00:00,e2a280e21f4fe509dc14d65f2ab6e6b93bab0d41278ad258e7ea01758a870f3f
M080042,Manhattan,1065 PARK AVENUE,Carlton Park,1015160001,1048040,40.780871,-73.956255,M080042,Manhattan,1,8,1065,PARK AVENUE,10128,"1065 PARK AVENUE, New York, NY 10128",1516,1,Northeast corner of Park Avenue and East 87th Street,1974,Completed,Arcade; Plaza,,Harry F. Green/Stephen C. Lyras,Harry F. Green/Stephen C. Lyras,Arcade 1812.00 sf; Plaza 2320.00 sf,24 Hours,Lighting; Litter Receptacles; None; Planting; Plaque/Sign; Seating; Trees on Street; Trees within Space,,,Full/Partial,996365,223772,4,148.02,,POINT (-73.956255 40.780871),False,PARK AVENUE,1065,1065,Manhattan|1065|PARK AVENUE,1974,Arcade; Plaza,24 Hours,Arcade 1812.00 sf; Plaza 2320.00 sf,Lighting; Litter Receptacles; None; Planting; Plaque/Sign; Seating; Trees on Street; Trees within Space,,,False,,https://data.cityofnewyork.us/City-Government/Privately-Owned-Public-Spaces-POPS-/rvih-nhyn,https://data.cityofnewyork.us/resource/rvih-nhyn.json?pops_number=M080042,2025-10-14,2026-09-20T19:28:47+00:00,e2a280e21f4fe509dc14d65f2ab6e6b93bab0d41278ad258e7ea01758a870f3f
M080043,Manhattan,115 EAST 87 STREET,Carnegie Towers,1015167502,1048043,40.780796,-73.955598,M080043,Manhattan,1,8,115,EAST 87 STREET,10128,"115 EAST 87 STREET, New York, NY 10128",1516,7502,North side of East 87th Street between Lexington and Park Avenues,1972,Completed,Plaza,,Jay Sam Unger & Associates,Jay Sam Unger & Associates,Plaza 2633.40 sf,24 Hours,None,,,Full/Partial,996547,223745,4,148.02,,POINT (-73.955598 40.780796),False,EAST 87 STREET,115,115,Manhattan|115|EAST 87 STREET,1972,Plaza,24 Hours,Plaza 2633.40 sf,None,,,False,,https://data.cityofnewyork.us/City-Government/Privately-Owned-Public-Spaces-POPS-/rvih-nhyn,https://data.cityofnewyork.us/resource/rvih-nhyn.json?pops_number=M080043,2025-10-14,2026-09-20T19:28:47+00:00,e2a280e21f4fe509dc14d65f2ab6e6b93bab0d41278ad258e7ea01758a870f3f
M080044,Manhattan,182 EAST 95 STREET,Highgate,1015230034,1087328,40.784371,-73.950341,M080044,Manhattan,1,8,182,EAST 95 STREET,10128,"182 EAST 95 STREET, New York, NY 10128",1523,34,Southwest corner of Third Avenue and East 95th Street. Additional lot: 1523/34-40.,1980,Completed,Residential Plaza,,"Jarmul, Brizee & Levitt","Jarmul, Brizee & Levitt",Residential Plaza 5220.00 sf,24 Hours,Bicycle Parking; Drinking Fountain; Lighting; Litter Receptacles; Planting; Plaque/Sign; Seating; Trees on Street; Trees within Space,,,Full/Partial,998002,225048,5,158.01,,POINT (-73.950341 40.784371),False,EAST 95 STREET,182,182,Manhattan|182|EAST 95 STREET,1980,Residential Plaza,24 Hours,Residential Plaza 5220.00 sf,Bicycle Parking; Drinking Fountain; Lighting; Litter Receptacles; Planting; Plaque/Sign; Seating; Trees on Street; Trees within Space,,,False,,https://data.cityofnewyork.us/City-Government/Privately-Owned-Public-Spaces-POPS-/rvih-nhyn,https://data.cityofnewyork.us/resource/rvih-nhyn.json?pops_number=M080044,2025-10-14,2026-09-20T19:28:47+00:00,e2a280e21f4fe509dc14d65f2ab6e6b93bab0d41278ad258e7ea01758a870f3f
M080046,Manhattan,200 EAST 82 STREET,Wimbledon,1015270045,1048579,40.775905,-73.955688,M080046,Manhattan,1,8,200,EAST 82 STREET,10028,"200 EAST 82 STREET, New York, NY 10028",1527,45,"Southeast corner of Third Avenue and East 82nd Street. Additional lots: 1527/41,43-45,47,48,146",1980,Completed,Plaza,,Schuman Lichtenstein Claman,Schuman Lichtenstein Claman,Plaza 2536.00 sf,24 Hours,None,,,Full/Partial,996523,221963,5,138,,POINT (-73.955688 40.775905),False,EAST 82 STREET,200,200,Manhattan|200|EAST 82 STREET,1980,Plaza,24 Hours,Plaza 2536.00 sf,None,,,False,,https://data.cityofnewyork.us/City-Government/Privately-Owned-Public-Spaces-POPS-/rvih-nhyn,https://data.cityofnewyork.us/resource/rvih-nhyn.json?pops_number=M080046,2025-10-14,2026-09-20T19:28:47+00:00,e2a280e21f4fe509dc14d65f2ab6e6b93bab0d41278ad258e7ea01758a870f3f
M080048,Manhattan,250 EAST 87 STREET,Newbury,1015320022,1048799,40.778385,-73.951833,M080048,Manhattan,1,8,250,EAST 87 STREET,10128,"250 EAST 87 STREET, New York, NY 10128",1532,22,Full blockfront on west side of Second Avenue between East 86th and 87th Streets. Original BBL: 1532/30.,1970,Completed,Plaza,,Philip Birnbaum,Philip Birnbaum,Plaza 6667.67 sf,24 Hours,None,,,Full/Partial,997590,222867,5,146.02,,POINT (-73.951833 40.778385),False,EAST 87 STREET,250,250,Manhattan|250|EAST 87 STREET,1970,Plaza,24 Hours,Plaza 6667.67 sf,None,,,False,,https://data.cityofnewyork.us/City-Government/Privately-Owned-Public-Spaces-POPS-/rvih-nhyn,https://data.cityofnewyork.us/resource/rvih-nhyn.json?pops_number=M080048,2025-10-14,2026-09-20T19:28:47+00:00,e2a280e21f4fe509dc14d65f2ab6e6b93bab0d41278ad258e7ea01758a870f3f
M080049,Manhattan,201 EAST 87 STREET,Claridge House,1015330001,1048809,40.779615,-73.95284,M080049,Manhattan,1,8,201,EAST 87 STREET,10128,"201 EAST 87 STREET, New York, NY 10128",1533,1,Full blockfront on east side of Third Avenue between East 87th and 88th Streets,1975,Completed,Park; Plaza,,Philip Birnbaum,Beyer-Blinder-Belle,Park 2698.90 sf; Plaza 0.00 sf,24 Hours,Artwork; Lighting; Planting; Seating; Trees within Space; Water Feature,,,Full/Partial,997311,223315,5,146.02,,POINT (-73.95284 40.779615),False,EAST 87 STREET,201,201,Manhattan|201|EAST 87 STREET,1975,Park; Plaza,24 Hours,Park 2698.90 sf; Plaza 0.00 sf,Artwork; Lighting; Planting; Seating; Trees within Space; Water Feature,,,False,,https://data.cityofnewyork.us/City-Government/Privately-Owned-Public-Spaces-POPS-/rvih-nhyn,https://data.cityofnewyork.us/resource/rvih-nhyn.json?pops_number=M080049,2025-10-14,2026-09-20T19:28:47+00:00,e2a280e21f4fe509dc14d65f2ab6e6b93bab0d41278ad258e7ea01758a870f3f
M080050,Manhattan,200 EAST 89 STREET,Monarch,1015347501,1073221,40.78051,-73.952402,M080050,Manhattan,1,8,200,EAST 89 STREET,10128,"200 EAST 89 STREET, New York, NY 10128",1534,7501,Southeast corner of Thrid Avenue and East 89th Street. Original BBL: 1534/1001-1262.,1988,Completed,Residential Plaza,Third Eighty-Ninth Associates,Schuman Lichtenstein Claman Efron,Schuman Lichtenstein Claman Efron,Residential Plaza 4868.40 sf,Restricted Hours,Bicycle Parking; Drinking Fountain; Lighting; Litter Receptacles; Planting; Plaque/Sign; Seating; Trees on Street; Trees within Space,,,Full/Partial,997432,223641,5,146.02,,POINT (-73.952402 40.78051),False,EAST 89 STREET,200,200,Manhattan|200|EAST 89 STREET,1988,Residential Plaza,Restricted Hours,Residential Plaza 4868.40 sf,Bicycle Parking; Drinking Fountain; Lighting; Litter Receptacles; Planting; Plaque/Sign; Seating; Trees on Street; Trees within Space,,,False,,https://data.cityofnewyork.us/City-Government/Privately-Owned-Public-Spaces-POPS-/rvih-nhyn,https://data.cityofnewyork.us/resource/rvih-nhyn.json?pops_number=M080050,2025-10-14,2026-09-20T19:28:47+00:00,e2a280e21f4fe509dc14d65f2ab6e6b93bab0d41278ad258e7ea01758a870f3f
M080051,Manhattan,200 EAST 90 STREET,,1015350003,1048876,40.78099,-73.951976,M080051,Manhattan,1,8,200,EAST 90 STREET,10128,"200 EAST 90 STREET, New York, NY 10128",1535,3,Southeast corner of Third Avenue and East 90th Street,1974,Completed,Plaza,,"Schuman, Lichtenstein, Claman & Efron","Schuman, Lichtenstein, Claman & Efron",Plaza 5937.71 sf,24 Hours,None,,,Full/Partial,997550,223816,5,154,,POINT (-73.951976 40.78099),False,EAST 90 STREET,200,200,Manhattan|200|EAST 90 STREET,1974,Plaza,24 Hours,Plaza 5937.71 sf,None,,,False,,https://data.cityofnewyork.us/City-Government/Privately-Owned-Public-Spaces-POPS-/rvih-nhyn,https://data.cityofnewyork.us/resource/rvih-nhyn.json?pops_number=M080051,2025-10-14,2026-09-20T19:28:47+00:00,e2a280e21f4fe509dc14d65f2ab6e6b93bab0d41278ad258e7ea01758a870f3f
M080053,Manhattan,301 EAST 79 STREET,Continental Towers,1015427501,1049261,40.773327,-73.954245,M080053,Manhattan,1,8,301,EAST 79 STREET,10075,"301 EAST 79 STREET, New York, NY 10075",1542,7501,"Northeast corner of Second Avenue and East 79th Street. Original BBL: 1542/1101-1545,12,49.",1977,Completed,Plaza,79th Associates,Philip Birnbaum and Mathews Nielsen,M. Paul Friedberg; Bill Bott and Mathews Nielsen (for alteration in 2003),Plaza 8810.20 sf,24 Hours,Lighting; Litter Receptacles; Planting; Plaque/Sign; Seating; Tables; Trees within Space,,,Full/Partial,996923,221024,5,138,,POINT (-73.954245 40.773327),False,EAST 79 STREET,301,301,Manhattan|301|EAST 79 STREET,1977,Plaza,24 Hours,Plaza 8810.20 sf,Lighting; Litter Receptacles; Planting; Plaque/Sign; Seating; Tables; Trees within Space,,,False,,https://data.cityofnewyork.us/City-Government/Privately-Owned-Public-Spaces-POPS-/rvih-nhyn,https://data.cityofnewyork.us/resource/rvih-nhyn.json?pops_number=M080053,2025-10-14,2026-09-20T19:28:47+00:00,e2a280e21f4fe509dc14d65f2ab6e6b93bab0d41278ad258e7ea01758a870f3f
M080054,Manhattan,345 EAST 80 STREET,East Winds,1015437501,1076841,40.773469,-73.952306,M080054,Manhattan,1,8,345,EAST 80 STREET,10075,"345 EAST 80 STREET, New York, NY 10075",1543,7501,Full blockfront on west side of First Avenue between East 80th and 81st Streets. Original BBL: 1543/1001-1335.,1973,Completed,Plaza,,Philip Birnbaum,Philip Birnbaum,Plaza 7070.00 sf,24 Hours,None,,,Full/Partial,997460,221076,5,138,,POINT (-73.952306 40.773469),False,EAST 80 STREET,345,345,Manhattan|345|EAST 80 STREET,1973,Plaza,24 Hours,Plaza 7070.00 sf,None,,,False,,https://data.cityofnewyork.us/City-Government/Privately-Owned-Public-Spaces-POPS-/rvih-nhyn,https://data.cityofnewyork.us/resource/rvih-nhyn.json?pops_number=M080054,2025-10-14,2026-09-20T19:28:47+00:00,e2a280e21f4fe509dc14d65f2ab6e6b93bab0d41278ad258e7ea01758a870f3f
M080055,Manhattan,303 EAST 83 STREET,Camargue,1015460001,1049916,40.776028,-73.952651,M080055,Manhattan,1,8,303,EAST 83 STREET,10028,"303 EAST 83 STREET, New York, NY 10028",1546,1,"Northeast corner of Second Avenue and East 83rd Street. Additional lot: 1546/1, 50",1977,Completed,Plaza,Romford Realty Corporation,Philip Birnbaum,Philip Birnbaum,Plaza 6518.10 sf,24 Hours,None,,,Full/Partial,997364,222008,5,138,,POINT (-73.952651 40.776028),False,EAST 83 STREET,303,303,Manhattan|303|EAST 83 STREET,1977,Plaza,24 Hours,Plaza 6518.10 sf,None,,,False,,https://data.cityofnewyork.us/City-Government/Privately-Owned-Public-Spaces-POPS-/rvih-nhyn,https://data.cityofnewyork.us/resource/rvih-nhyn.json?pops_number=M080055,2025-10-14,2026-09-20T19:28:47+00:00,e2a280e21f4fe509dc14d65f2ab6e6b93bab0d41278ad258e7ea01758a870f3f
M080056,Manhattan,353 EAST 83 STREET,,1015460023,1049931,40.775349,-73.9509,M080056,Manhattan,1,8,353,EAST 83 STREET,10028,"353 EAST 83 STREET, New York, NY 10028",1546,23,Northwest corner of First Avenue and East 83rd Street,1968,Completed,Plaza,,Philip Birnbaum,Philip Birnbaum,Plaza 5640.62 sf,24 Hours,None,,,Full/Partial,997849,221761,5,138,,POINT (-73.9509 40.775349),False,EAST 83 STREET,353,353,Manhattan|353|EAST 83 STREET,1968,Plaza,24 Hours,Plaza 5640.62 sf,None,,,False,,https://data.cityofnewyork.us/City-Government/Privately-Owned-Public-Spaces-POPS-/rvih-nhyn,https://data.cityofnewyork.us/resource/rvih-nhyn.json?pops_number=M080056,2025-10-14,2026-09-20T19:28:47+00:00,e2a280e21f4fe509dc14d65f2ab6e6b93bab0d41278ad258e7ea01758a870f3f
M080057,Manhattan,351 EAST 84 STREET,Adams Tower,1015470023,1049968,40.775988,-73.950441,M080057,Manhattan,1,8,351,EAST 84 STREET,10028,"351 EAST 84 STREET, New York, NY 10028",1547,23,Full blockfront on west side of First Avenue between East 84th and 85th Streets,1969,Completed,Plaza,,Wechsler & Schimenti,Wechsler & Schimenti,Plaza 6694.95 sf,24 Hours,None,,,Full/Partial,997976,221994,5,146.01,,POINT (-73.950441 40.775988),False,EAST 84 STREET,351,351,Manhattan|351|EAST 84 STREET,1969,Plaza,24 Hours,Plaza 6694.95 sf,None,,,False,,https://data.cityofnewyork.us/City-Government/Privately-Owned-Public-Spaces-POPS-/rvih-nhyn,https://data.cityofnewyork.us/resource/rvih-nhyn.json?pops_number=M080057,2025-10-14,2026-09-20T19:28:47+00:00,e2a280e21f4fe509dc14d65f2ab6e6b93bab0d41278ad258e7ea01758a870f3f
M080058,Manhattan,300 EAST 85 STREET,America,1015470049,1078565,40.776864,-73.952051,M080058,Manhattan,1,8,300,EAST 85 STREET,10028,"300 EAST 85 STREET, New York, NY 10028",1547,49,"Southeast corner of Second Avenue and East 85th Street. Additional lots: 1547/ 2, 3, 49, 104.",1987,Completed,Residential Plaza,Ian Bruce Eichner,Murphy/Jahn,Murphy/Jahn,Residential Plaza 5300.00 sf,24 Hours,Artwork; Bicycle Parking; Drinking Fountain; Lighting; Litter Receptacles; Planting; Plaque/Sign; Retail Frontage; Seating; Trees on Street; Trees within Space,,,Full/Partial,997530,222313,5,146.01,,POINT (-73.952051 40.776864),False,EAST 85 STREET,300,300,Manhattan|300|EAST 85 STREET,1987,Residential Plaza,24 Hours,Residential Plaza 5300.00 sf,Artwork; Bicycle Parking; Drinking Fountain; Lighting; Litter Receptacles; Planting; Plaque/Sign; Retail Frontage; Seating; Trees on Street; Trees within Space,,,False,,https://data.cityofnewyork.us/City-Government/Privately-Owned-Public-Spaces-POPS-/rvih-nhyn,https://data.cityofnewyork.us/resource/rvih-nhyn.json?pops_number=M080058,2025-10-14,2026-09-20T19:28:47+00:00,e2a280e21f4fe509dc14d65f2ab6e6b93bab0d41278ad258e7ea01758a870f3f
M080059,Manhattan,301 EAST 87 STREET,Corniche,1015500001,1050044,40.77861,-73.950797,M080059,Manhattan,1,8,301,EAST 87 STREET,10128,"301 EAST 87 STREET, New York, NY 10128",1550,1,Northeast corner of Second Avenue and East 87th Street,1974,Completed,Plaza,,Philip Birnbaum,Philip Birnbaum,Plaza 3357.00 sf,24 Hours,Bicycle Parking; Litter Receptacles; Planting; Plaque/Sign; Seating,,,Full/Partial,997877,222949,5,146.02,,POINT (-73.950797 40.77861),False,EAST 87 STREET,301,301,Manhattan|301|EAST 87 STREET,1974,Plaza,24 Hours,Plaza 3357.00 sf,Bicycle Parking; Litter Receptacles; Planting; Plaque/Sign; Seating,,,False,,https://data.cityofnewyork.us/City-Government/Privately-Owned-Public-Spaces-POPS-/rvih-nhyn,https://data.cityofnewyork.us/resource/rvih-nhyn.json?pops_number=M080059,2025-10-14,2026-09-20T19:28:47+00:00,e2a280e21f4fe509dc14d65f2ab6e6b93bab0d41278ad258e7ea01758a870f3f
M080060,Manhattan,340 EAST 93 STREET,Plymouth Tower,1015550023,1078668,40.781182,-73.946704,M080060,Manhattan,1,8,340,EAST 93 STREET,10128,"340 EAST 93 STREET, New York, NY 10128",1555,23,Full blockfront on west side of First Avenue between East 92nd and 93rd Streets,1977,Completed,Residential Plaza,,"Schuman, Lichtenstein, Claman",Weintraub & di Domenico; William Q. Brothers III Architect (for alteration in 2010),Residential Plaza 7323.83 sf,24 Hours,Bicycle Parking; Drinking Fountain; Lighting; Litter Receptacles; Other Required; Planting; Plaque/Sign; Seating; Trees on Street; Trees within Space,"treatment of building walls with decorative lattice screen and stucco wall surfacing on East 92nd Street and East 93rd Street, gazebo in area adjacent to garage entrance on East 93rd Street",,Full/Partial,999010,223887,5,154,,POINT (-73.946704 40.781182),False,EAST 93 STREET,340,340,Manhattan|340|EAST 93 STREET,1977,Residential Plaza,24 Hours,Residential Plaza 7323.83 sf,Bicycle Parking; Drinking Fountain; Lighting; Litter Receptacles; Other Required; Planting; Plaque/Sign; Seating; Trees on Street; Trees within Space,"treatment of building walls with decorative lattice screen and stucco wall surfacing on East 92nd Street and East 93rd Street, gazebo in area adjacent to garage entrance on East 93rd Street",,False,,https://data.cityofnewyork.us/City-Government/Privately-Owned-Public-Spaces-POPS-/rvih-nhyn,https://data.cityofnewyork.us/resource/rvih-nhyn.json?pops_number=M080060,2025-10-14,2026-09-20T19:28:47+00:00,e2a280e21f4fe509dc14d65f2ab6e6b93bab0d41278ad258e7ea01758a870f3f
M080061,Manhattan,345 EAST 93 STREET,Mill Rock Plaza,1015560023,1050288,40.78178,-73.946256,M080061,Manhattan,1,8,345,EAST 93 STREET,10128,"345 EAST 93 STREET, New York, NY 10128",1556,23,Full blockfront on west side of First Avenue between East 93rd and 94th Streets,1975,Completed,Plaza; Special Permit Arcade,,Kavy & Kavovitt,M. Paul Friedberg & Associates,Plaza 10507.00 sf; Special Permit Arcade 1900.00 sf,24 Hours,Planting; Seating; Tables; Trees on Street; Trees within Space; Water Feature,,,Full/Partial,999134,224105,5,154,,POINT (-73.946256 40.78178),False,EAST 93 STREET,345,345,Manhattan|345|EAST 93 STREET,1975,Plaza; Special Permit Arcade,24 Hours,Plaza 10507.00 sf; Special Permit Arcade 1900.00 sf,Planting; Seating; Tables; Trees on Street; Trees within Space; Water Feature,,,False,,https://data.cityofnewyork.us/City-Government/Privately-Owned-Public-Spaces-POPS-/rvih-nhyn,https://data.cityofnewyork.us/resource/rvih-nhyn.json?pops_number=M080061,2025-10-14,2026-09-20T19:28:47+00:00,e2a280e21f4fe509dc14d65f2ab6e6b93bab0d41278ad258e7ea01758a870f3f
M080062,Manhattan,300 EAST 93 STREET,Waterford,1015557501,1073539,40.781993,-73.948325,M080062,Manhattan,1,8,300,EAST 93 STREET,10128,"300 EAST 93 STREET, New York, NY 10128",1555,7501,"Southeast corner of Second Avenue and East 93rd Street. Original BBL: 1555/3 ,4, 5, 1101-1323.",1987,Completed,Residential Plaza,,Beyer Blinder Belle,Thomas Balsley Associates,Residential Plaza 4962.00 sf,Restricted Hours,Bicycle Parking; Drinking Fountain; Lighting; Litter Receptacles; Planting; Plaque/Sign; Seating; Trees on Street; Trees within Space; Water Feature,,,Full/Partial,998561,224182,5,154,,POINT (-73.948325 40.781993),False,EAST 93 STREET,300,300,Manhattan|300|EAST 93 STREET,1987,Residential Plaza,Restricted Hours,Residential Plaza 4962.00 sf,Bicycle Parking; Drinking Fountain; Lighting; Litter Receptacles; Planting; Plaque/Sign; Seating; Trees on Street; Trees within Space; Water Feature,,,False,,https://data.cityofnewyork.us/City-Government/Privately-Owned-Public-Spaces-POPS-/rvih-nhyn,https://data.cityofnewyork.us/resource/rvih-nhyn.json?pops_number=M080062,2025-10-14,2026-09-20T19:28:47+00:00,e2a280e21f4fe509dc14d65f2ab6e6b93bab0d41278ad258e7ea01758a870f3f
M080064,Manhattan,401 EAST 80 STREET,,1015600001,1050360,40.773206,-73.951638,M080064,Manhattan,1,8,401,EAST 80 STREET,10075,"401 EAST 80 STREET, New York, NY 10075",1560,1,"Full blockfront on east side of First Avenue between East 80th and 81st Streets. Additional lot: 1560/1,44.",1980,Completed,Residential Plaza,80-81 and First Associates,Philip Birnbaum,Philip Birnbaum; Thomas Balsley Associates (for alteration),Residential Plaza 5689.91 sf,Restricted Hours,Artwork; Bicycle Parking; Drinking Fountain; Lighting; Litter Receptacles; Other Required; Planting; Plaque/Sign; Seating; Trees on Street; Trees within Space,Primary Space: 120 sf trellis,,Full/Partial,997645,220980,5,136,,POINT (-73.951638 40.773206),False,EAST 80 STREET,401,401,Manhattan|401|EAST 80 STREET,1980,Residential Plaza,Restricted Hours,Residential Plaza 5689.91 sf,Artwork; Bicycle Parking; Drinking Fountain; Lighting; Litter Receptacles; Other Required; Planting; Plaque/Sign; Seating; Trees on Street; Trees within Space,Primary Space: 120 sf trellis,,False,,https://data.cityofnewyork.us/City-Government/Privately-Owned-Public-Spaces-POPS-/rvih-nhyn,https://data.cityofnewyork.us/resource/rvih-nhyn.json?pops_number=M080064,2025-10-14,2026-09-20T19:28:47+00:00,e2a280e21f4fe509dc14d65f2ab6e6b93bab0d41278ad258e7ea01758a870f3f
M080066,Manhattan,401 EAST 84 STREET,Dunhill,1015647502,1073786,40.775565,-73.949915,M080066,Manhattan,1,8,401,EAST 84 STREET,10028,"401 EAST 84 STREET, New York, NY 10028",1564,7502,"Northeast corner of First Avenue and East 84th Street. Original BLL: 1564/5, 1101-1189.",1987,Completed,Open Plaza,Ganbir Construction Corp.,Liebman Liebman Associates,Liebman Liebman Associates,Open Plaza 846.00 sf,24 Hours,Other Required; Planting; Trees on Street; Trees within Space,12 lamp posts of the kind used throughout the City's public park system,,Full/Partial,998122,221840,5,144.01,,POINT (-73.949915 40.775565),False,EAST 84 STREET,401,401,Manhattan|401|EAST 84 STREET,1987,Open Plaza,24 Hours,Open Plaza 846.00 sf,Other Required; Planting; Trees on Street; Trees within Space,12 lamp posts of the kind used throughout the City's public park system,,False,,https://data.cityofnewyork.us/City-Government/Privately-Owned-Public-Spaces-POPS-/rvih-nhyn,https://data.cityofnewyork.us/resource/rvih-nhyn.json?pops_number=M080066,2025-10-14,2026-09-20T19:28:47+00:00,e2a280e21f4fe509dc14d65f2ab6e6b93bab0d41278ad258e7ea01758a870f3f
M080068,Manhattan,444 EAST 86 STREET,,1015650029,1050543,40.77588,-73.947885,M080068,Manhattan,1,8,444,EAST 86 STREET,10028,"444 EAST 86 STREET, New York, NY 10028",1565,29,"South side of East 86th Street between York and First Avenues. Additional lot: 1565/17,29.",1974,Completed,Plaza,Kal Associates,Philip Birnbaum,Philip Birnbaum,Plaza 7610.00 sf,24 Hours,Lighting; Planting; Seating; Trees within Space,,,Full/Partial,998684,221955,5,144.01,,POINT (-73.947885 40.77588),False,EAST 86 STREET,444,444,Manhattan|444|EAST 86 STREET,1974,Plaza,24 Hours,Plaza 7610.00 sf,Lighting; Planting; Seating; Trees within Space,,,False,,https://data.cityofnewyork.us/City-Government/Privately-Owned-Public-Spaces-POPS-/rvih-nhyn,https://data.cityofnewyork.us/resource/rvih-nhyn.json?pops_number=M080068,2025-10-14,2026-09-20T19:28:47+00:00,e2a280e21f4fe509dc14d65f2ab6e6b93bab0d41278ad258e7ea01758a870f3f
M080069,Manhattan,1675 YORK AVENUE,Andover,1015680021,1050621,40.77771,-73.946331,M080069,Manhattan,1,8,1675,YORK AVENUE,10128,"1675 YORK AVENUE, New York, NY 10128",1568,21,Full blockfront on west side of York Avenue between East 88th and 89th Streets,1974,Completed,Plaza,Madison Holding Corp. and Arwin East 88th St. Co.,Philip Birnbaum,Philip Birnbaum,Plaza 11754.00 sf,24 Hours,None,,,Full/Partial,999114,222622,5,144.02,,POINT (-73.946331 40.77771),False,YORK AVENUE,1675,1675,Manhattan|1675|YORK AVENUE,1974,Plaza,24 Hours,Plaza 11754.00 sf,None,,,False,,https://data.cityofnewyork.us/City-Government/Privately-Owned-Public-Spaces-POPS-/rvih-nhyn,https://data.cityofnewyork.us/resource/rvih-nhyn.json?pops_number=M080069,2025-10-14,2026-09-20T19:28:47+00:00,e2a280e21f4fe509dc14d65f2ab6e6b93bab0d41278ad258e7ea01758a870f3f
M080070,Manhattan,1725 YORK AVENUE,East River Towers,1015690016,1050634,40.778319,-73.94598,M080070,Manhattan,1,8,1725,YORK AVENUE,10128,"1725 YORK AVENUE, New York, NY 10128",1569,16,Full blockfront on west side of York Avenue between East 89th and 90th Streets,1970,Completed,Plaza,,Horace Ginsbern and Associates,Horace Ginsbern and Associates,Plaza 7862.85 sf,24 Hours,None,,,Full/Partial,999211,222844,5,152,,POINT (-73.94598 40.778319),False,YORK AVENUE,1725,1725,Manhattan|1725|YORK AVENUE,1970,Plaza,24 Hours,Plaza 7862.85 sf,None,,,False,,https://data.cityofnewyork.us/City-Government/Privately-Owned-Public-Spaces-POPS-/rvih-nhyn,https://data.cityofnewyork.us/resource/rvih-nhyn.json?pops_number=M080070,2025-10-14,2026-09-20T19:28:47+00:00,e2a280e21f4fe509dc14d65f2ab6e6b93bab0d41278ad258e7ea01758a870f3f
M080071,Manhattan,515 EAST 79 STREET,Austen House,1015760014,1050766,40.771028,-73.948828,M080071,Manhattan,1,8,515,EAST 79 STREET,10075,"515 EAST 79 STREET, New York, NY 10075",1576,14,North side of East 79th Street between East End and York Avenues,1982,Completed,Residential Plaza,,Philip Birnbaum,Philip Birnbaum,Residential Plaza 5965.62 sf,24 Hours,Bicycle Parking; Drinking Fountain; Lighting; Litter Receptacles; Planting; Plaque/Sign; Seating; Trees on Street; Trees within Space,,,Full/Partial,998424,220187,5,136,,POINT (-73.948828 40.771028),False,EAST 79 STREET,515,515,Manhattan|515|EAST 79 STREET,1982,Residential Plaza,24 Hours,Residential Plaza 5965.62 sf,Bicycle Parking; Drinking Fountain; Lighting; Litter Receptacles; Planting; Plaque/Sign; Seating; Trees on Street; Trees within Space,,,False,,https://data.cityofnewyork.us/City-Government/Privately-Owned-Public-Spaces-POPS-/rvih-nhyn,https://data.cityofnewyork.us/resource/rvih-nhyn.json?pops_number=M080071,2025-10-14,2026-09-20T19:28:47+00:00,e2a280e21f4fe509dc14d65f2ab6e6b93bab0d41278ad258e7ea01758a870f3f
M080072,Manhattan,1520 YORK AVENUE,Caldwell,1015770001,1050869,40.772184,-73.949394,M080072,Manhattan,1,8,1520,YORK AVENUE,10028,"1520 YORK AVENUE, New York, NY 10028",1577,1,Northeast corner of York Avenue and East 80th Street,1972,Completed,Plaza,,Philip Birnbaum,Philip Birnbaum,Plaza 7385.52 sf,24 Hours,None,,,Full/Partial,998267,220608,5,136,,POINT (-73.949394 40.772184),False,YORK AVENUE,1520,1520,Manhattan|1520|YORK AVENUE,1972,Plaza,24 Hours,Plaza 7385.52 sf,None,,,False,,https://data.cityofnewyork.us/City-Government/Privately-Owned-Public-Spaces-POPS-/rvih-nhyn,https://data.cityofnewyork.us/resource/rvih-nhyn.json?pops_number=M080072,2025-10-14,2026-09-20T19:28:47+00:00,e2a280e21f4fe509dc14d65f2ab6e6b93bab0d41278ad258e7ea01758a870f3f
M080073,Manhattan,60 EAST END AVENUE,,1015790023,1051164,40.772792,-73.946952,M080073,Manhattan,1,8,60,EAST END AVENUE,10028,"60 EAST END AVENUE, New York, NY 10028",1579,23,"Northwest corner of East End Avenue and East 82nd Street. Additional lots: 1579/19, 21, 22-26, 32, 34.",1972,Completed,Plaza,,Russell M. Boak Associates; Philip Birnbaum,Russell M. Boak Associates; Philip Birnbaum,Plaza 7273.67 sf,24 Hours,None,,,Full/Partial,998943,220830,5,136,,POINT (-73.946952 40.772792),False,EAST END AVENUE,60,60,Manhattan|60|EAST END AVENUE,1972,Plaza,24 Hours,Plaza 7273.67 sf,None,,,False,,https://data.cityofnewyork.us/City-Government/Privately-Owned-Public-Spaces-POPS-/rvih-nhyn,https://data.cityofnewyork.us/resource/rvih-nhyn.json?pops_number=M080073,2025-10-14,2026-09-20T19:28:47+00:00,e2a280e21f4fe509dc14d65f2ab6e6b93bab0d41278ad258e7ea01758a870f3f
M080075,Manhattan,303 EAST 60 STREET,Evansview,1014357501,1072231,40.761347,-73.963184,M080075,Manhattan,1,8,303,EAST 60 STREET,10022,"303 EAST 60 STREET, New York, NY 10022",1435,7501,"North side of East 60th Street between First and Second Avenues. Original BBL: 1435/51,52, 1001-1058.",1987,Completed,Residential Plaza,,The Gruzen Partnership,The Gruzen Partnership,Residential Plaza 4316.00 sf,Restricted Hours,Bicycle Parking; Drinking Fountain; Lighting; Litter Receptacles; Planting; Plaque/Sign; Trees on Street; Trees within Space,,,Full/Partial,994449,216658,5,110,,POINT (-73.963184 40.761347),False,EAST 60 STREET,303,303,Manhattan|303|EAST 60 STREET,1987,Residential Plaza,Restricted Hours,Residential Plaza 4316.00 sf,Bicycle Parking; Drinking Fountain; Lighting; Litter Receptacles; Planting; Plaque/Sign; Trees on Street; Trees within Space,,,False,,https://data.cityofnewyork.us/City-Government/Privately-Owned-Public-Spaces-POPS-/rvih-nhyn,https://data.cityofnewyork.us/resource/rvih-nhyn.json?pops_number=M080075,2025-10-14,2026-09-20T19:28:47+00:00,e2a280e21f4fe509dc14d65f2ab6e6b93bab0d41278ad258e7ea01758a870f3f
M080076,Manhattan,524 EAST 72 STREET,Belaire,1014837501,1072695,40.765855,-73.952478,M080076,Manhattan,1,8,524,EAST 72 STREET,10021,"524 EAST 72 STREET, New York, NY 10021",1483,7501,South side of East 72nd Street between FDR Drive and York Avenue. Original BBL: 1483/1001-1147.,1988,Completed,Residential Plaza,,Frank Williams & Associates,Frank Williams & Associates,Residential Plaza 8412.66 sf,Restricted Hours,Bicycle Parking; Drinking Fountain; Lighting; Litter Receptacles; Plaque/Sign; Seating; Trees on Street; Trees within Space,,,Full/Partial,997414,218302,5,124,,POINT (-73.952478 40.765855),False,EAST 72 STREET,524,524,Manhattan|524|EAST 72 STREET,1988,Residential Plaza,Restricted Hours,Residential Plaza 8412.66 sf,Bicycle Parking; Drinking Fountain; Lighting; Litter Receptacles; Plaque/Sign; Seating; Trees on Street; Trees within Space,,,False,,https://data.cityofnewyork.us/City-Government/Privately-Owned-Public-Spaces-POPS-/rvih-nhyn,https://data.cityofnewyork.us/resource/rvih-nhyn.json?pops_number=M080076,2025-10-14,2026-09-20T19:28:47+00:00,e2a280e21f4fe509dc14d65f2ab6e6b93bab0d41278ad258e7ea01758a870f3f
M080078,Manhattan,455 EAST 86 STREET,Channel Club,1015667501,1073878,40.776355,-73.947177,M080078,Manhattan,1,8,455,EAST 86 STREET,10028,"455 EAST 86 STREET, New York, NY 10028",1566,7501,"Northwest corner of York Avenue and East 86th Street. Original BBL: 1566/22, 27, 28, 29, 126, 128, 1001-1150.",1986,Completed,Residential Plaza,Sutton East Associates,"Wechsler, Grasso, Menziuso","Wechsler, Grasso, Menziuso",Residential Plaza 1982.50 sf,24 Hours,Bicycle Parking; Drinking Fountain; Lighting; Litter Receptacles; Planting; Plaque/Sign; Seating; Trees on Street; Trees within Space,,,Full/Partial,998880,222128,5,144.02,,POINT (-73.947177 40.776355),False,EAST 86 STREET,455,455,Manhattan|455|EAST 86 STREET,1986,Residential Plaza,24 Hours,Residential Plaza 1982.50 sf,Bicycle Parking; Drinking Fountain; Lighting; Litter Receptacles; Planting; Plaque/Sign; Seating; Trees on Street; Trees within Space,,,False,,https://data.cityofnewyork.us/City-Government/Privately-Owned-Public-Spaces-POPS-/rvih-nhyn,https://data.cityofnewyork.us/resource/rvih-nhyn.json?pops_number=M080078,2025-10-14,2026-09-20T19:28:47+00:00,e2a280e21f4fe509dc14d65f2ab6e6b93bab0d41278ad258e7ea01758a870f3f
M080080,Manhattan,525 EAST 72 STREET,One East River Place,1014840016,1000000,40.766492,-73.952113,M080080,Manhattan,1,8,525,EAST 72 STREET,10021,"525 EAST 72 STREET, New York, NY 10021",1484,16,North side of East 72nd Street between FDR Drive and York Avenue,1988,Completed,Public Park,Solow Building Co.,"Davis, Brody & Associates","Davis, Brody & Associates",Public Park 4904.00 sf,Restricted Hours,Lighting; Litter Receptacles; Other Required; Planting; Plaque/Sign; Seating; Tables; Trees within Space; Water Feature,"gate house at southeast corner; construction of ""Park/Overlook"" at termination of East 72nd Street",,Full/Partial,997515,218534,5,124,,POINT (-73.952113 40.766492),True,EAST 72 STREET,525,525,Manhattan|525|EAST 72 STREET,1988,Public Park,Restricted Hours,Public Park 4904.00 sf,Lighting; Litter Receptacles; Other Required; Planting; Plaque/Sign; Seating; Tables; Trees within Space; Water Feature,"gate house at southeast corner; construction of ""Park/Overlook"" at termination of East 72nd Street",,False,bin_placeholder_not_matchable,https://data.cityofnewyork.us/City-Government/Privately-Owned-Public-Spaces-POPS-/rvih-nhyn,https://data.cityofnewyork.us/resource/rvih-nhyn.json?pops_number=M080080,2025-10-14,2026-09-20T19:28:47+00:00,e2a280e21f4fe509dc14d65f2ab6e6b93bab0d41278ad258e7ea01758a870f3f
M080082,Manhattan,211 EAST 70 STREET,,1014250005,1043921,40.768406,-73.960545,M080082,Manhattan,1,8,211,EAST 70 STREET,10021,"211 EAST 70 STREET, New York, NY 10021",1425,5,North side of East 70th Street between Second and Third Avenues,1975,Completed,Park-Like Open Space; Plaza; Variance Arcade,211 East 70th Street Company,Emery Roth & Sons,Emery Roth & Sons,Park-Like Open Space 31196.00 sf; Plaza 2010.00 sf; Variance Arcade 4664.00 sf,24 Hours; Restricted Hours,Planting; Trees within Space; Water Feature,,,Full/Partial,995179,219230,5,126,,POINT (-73.960545 40.768406),False,EAST 70 STREET,211,211,Manhattan|211|EAST 70 STREET,1975,Park-Like Open Space; Plaza; Variance Arcade,24 Hours; Restricted Hours,Park-Like Open Space 31196.00 sf; Plaza 2010.00 sf; Variance Arcade 4664.00 sf,Planting; Trees within Space; Water Feature,,,False,,https://data.cityofnewyork.us/City-Government/Privately-Owned-Public-Spaces-POPS-/rvih-nhyn,https://data.cityofnewyork.us/resource/rvih-nhyn.json?pops_number=M080082,2025-10-14,2026-09-20T19:28:47+00:00,e2a280e21f4fe509dc14d65f2ab6e6b93bab0d41278ad258e7ea01758a870f3f
M080085,Manhattan,301 EAST 94 STREET,Marmara Manhattan,1015577502,1050324,40.782975,-73.947598,M080085,Manhattan,1,8,301,EAST 94 STREET,10128,"301 EAST 94 STREET, New York, NY 10128",1557,7502,"Northeast corner of Second Avenue and East 94th Street. Original BBL: 1557/1,4,104.",1989,Completed,Residential Plaza,,Liebman Liebman Associates,Liebman Liebman Associates,Residential Plaza 3310.54 sf,24 Hours,Drinking Fountain; Lighting; Litter Receptacles; Planting; Plaque/Sign; Seating; Trees on Street; Trees within Space,,,Full/Partial,998762,224540,5,156.01,,POINT (-73.947598 40.782975),False,EAST 94 STREET,301,301,Manhattan|301|EAST 94 STREET,1989,Residential Plaza,24 Hours,Residential Plaza 3310.54 sf,Drinking Fountain; Lighting; Litter Receptacles; Planting; Plaque/Sign; Seating; Trees on Street; Trees within Space,,,False,,https://data.cityofnewyork.us/City-Government/Privately-Owned-Public-Spaces-POPS-/rvih-nhyn,https://data.cityofnewyork.us/resource/rvih-nhyn.json?pops_number=M080085,2025-10-14,2026-09-20T19:28:47+00:00,e2a280e21f4fe509dc14d65f2ab6e6b93bab0d41278ad258e7ea01758a870f3f
M080086,Manhattan,200 EAST 69 STREET,Trump Palace,1014237501,1043902,40.767289,-73.961762,M080086,Manhattan,1,8,200,EAST 69 STREET,10021,"200 EAST 69 STREET, New York, NY 10021",1423,7501,Full blockfront on east side of Third Avenue between East 68th and 69th Streets. Original BBL: 1423/1001-1416.,1991,Completed,Residential Plaza,The Trump Organization,Frank Williams & Associates,Frank Williams & Associates,Residential Plaza 8424.85 sf,Restricted Hours,Bicycle Parking; Drinking Fountain; Lighting; Litter Receptacles; Planting; Plaque/Sign; Retail Frontage; Seating; Trees on Street; Trees within Space,,,Full/Partial,994842,218823,5,118,,POINT (-73.961762 40.767289),False,EAST 69 STREET,200,200,Manhattan|200|EAST 69 STREET,1991,Residential Plaza,Restricted Hours,Residential Plaza 8424.85 sf,Bicycle Parking; Drinking Fountain; Lighting; Litter Receptacles; Planting; Plaque/Sign; Retail Frontage; Seating; Trees on Street; Trees within Space,,,False,,https://data.cityofnewyork.us/City-Government/Privately-Owned-Public-Spaces-POPS-/rvih-nhyn,https://data.cityofnewyork.us/resource/rvih-nhyn.json?pops_number=M080086,2025-10-14,2026-09-20T19:28:47+00:00,e2a280e21f4fe509dc14d65f2ab6e6b93bab0d41278ad258e7ea01758a870f3f
M080089,Manhattan,235 EAST 95 STREET,Normandie Court,1015410021,1083228,40.78426,-73.948251,M080089,Manhattan,1,8,235,EAST 95 STREET,10128,"235 EAST 95 STREET, New York, NY 10128",1541,21,North side of East 95th Street between First and Second Avenues,1986,Completed,Residential Plaza,Milstein Properties,Abraham D. Levitt Associates/The Vilkas Group,Abraham D. Levitt Associates/The Vilkas Group; Thomas Balsley Associates,Residential Plaza 19863.00 sf,24 Hours,Bicycle Parking; Drinking Fountain; Litter Receptacles; Planting; Plaque/Sign; Retail Frontage; Seating; Trees on Street; Trees within Space,,,Full/Partial,998581,225008,8,156.01,,POINT (-73.948251 40.78426),False,EAST 95 STREET,235,235,Manhattan|235|EAST 95 STREET,1986,Residential Plaza,24 Hours,Residential Plaza 19863.00 sf,Bicycle Parking; Drinking Fountain; Litter Receptacles; Planting; Plaque/Sign; Retail Frontage; Seating; Trees on Street; Trees within Space,,,False,,https://data.cityofnewyork.us/City-Government/Privately-Owned-Public-Spaces-POPS-/rvih-nhyn,https://data.cityofnewyork.us/resource/rvih-nhyn.json?pops_number=M080089,2025-10-14,2026-09-20T19:28:47+00:00,e2a280e21f4fe509dc14d65f2ab6e6b93bab0d41278ad258e7ea01758a870f3f
M080093,Manhattan,1850 2 AVENUE,,1015580050,1050342,40.783875,-73.946954,M080093,Manhattan,1,8,1850,SECOND AVENUE,10128,"1850 SECOND AVENUE, New York, NY 10128",1558,50,East side of Second Avenue between East 95th and 96th Streets. Original BBL: 1558/85.,1987,Completed,Arcade,,"Weisberg, Castro Associates","Weisberg, Castro Associates",Arcade 1500.00 sf,24 Hours,None,,,Full/Partial,998940,224868,8,156.01,,POINT (-73.946954 40.783875),False,2 AVENUE,1850,1850,Manhattan|1850|2 AVENUE,1987,Arcade,24 Hours,Arcade 1500.00 sf,None,,,False,,https://data.cityofnewyork.us/City-Government/Privately-Owned-Public-Spaces-POPS-/rvih-nhyn,https://data.cityofnewyork.us/resource/rvih-nhyn.json?pops_number=M080093,2025-10-14,2026-09-20T19:28:47+00:00,e2a280e21f4fe509dc14d65f2ab6e6b93bab0d41278ad258e7ea01758a870f3f
M080094,Manhattan,400 EAST 84 STREET,Strathmore,1015630004,1085139,40.775165,-73.950164,M080094,Manhattan,1,8,400,EAST 84 STREET,10028,"400 EAST 84 STREET, New York, NY 10028",1563,4,"Southeast corner of First Avenue and East 84th Street. Additional lots: 1563/1-4, 104, 147.",1989,Completed,Residential Plaza,,C K Architect,C K Architect,Residential Plaza 7836.95 sf,24 Hours,Bicycle Parking; Drinking Fountain; Lighting; Planting; Plaque/Sign; Seating; Trees on Street; Trees within Space,,,Full/Partial,998053,221694,5,136,,POINT (-73.950164 40.775165),False,EAST 84 STREET,400,400,Manhattan|400|EAST 84 STREET,1989,Residential Plaza,24 Hours,Residential Plaza 7836.95 sf,Bicycle Parking; Drinking Fountain; Lighting; Planting; Plaque/Sign; Seating; Trees on Street; Trees within Space,,,False,,https://data.cityofnewyork.us/City-Government/Privately-Owned-Public-Spaces-POPS-/rvih-nhyn,https://data.cityofnewyork.us/resource/rvih-nhyn.json?pops_number=M080094,2025-10-14,2026-09-20T19:28:47+00:00,e2a280e21f4fe509dc14d65f2ab6e6b93bab0d41278ad258e7ea01758a870f3f
M080097,Manhattan,330 EAST 75 STREET,Saratoga,1014497501,1044935,40.769798,-73.955251,M080097,Manhattan,1,8,330,EAST 75 STREET,10021,"330 EAST 75 STREET, New York, NY 10021",1449,7501,"Southwest corner of First Avenue and East 75th Street. Original BBL: 1449/26, 1001-2000.",1985,Completed,Residential Plaza,Sherwood Equities,Schuman Lichtenstein Claman Efron,Quennell Rothschild Associates,Residential Plaza 4862.75 sf,24 Hours,Bicycle Parking; Drinking Fountain; Lighting; Litter Receptacles; Planting; Plaque/Sign; Seating; Trees on Street; Trees within Space,,,Full/Partial,996645,219738,5,134,,POINT (-73.955251 40.769798),False,EAST 75 STREET,330,330,Manhattan|330|EAST 75 STREET,1985,Residential Plaza,24 Hours,Residential Plaza 4862.75 sf,Bicycle Parking; Drinking Fountain; Lighting; Litter Receptacles; Planting; Plaque/Sign; Seating; Trees on Street; Trees within Space,,,False,,https://data.cityofnewyork.us/City-Government/Privately-Owned-Public-Spaces-POPS-/rvih-nhyn,https://data.cityofnewyork.us/resource/rvih-nhyn.json?pops_number=M080097,2025-10-14,2026-09-20T19:28:47+00:00,e2a280e21f4fe509dc14d65f2ab6e6b93bab0d41278ad258e7ea01758a870f3f
M080098,Manhattan,422 EAST 72 STREET,Oxford,1014667501,1045832,40.766853,-73.955026,M080098,Manhattan,1,8,422,EAST 72 STREET,10021,"422 EAST 72 STREET, New York, NY 10021",1466,7501,"South side of East 72nd Street between First and York Avenues. Original BBL: 1466/29, 31, 1001-1208.",1990,Completed,Residential Plaza,,Emery Roth & Sons,Thomas Balsley Associates,Residential Plaza 4757.64 sf,24 Hours,Bicycle Parking; Drinking Fountain; Lighting; Litter Receptacles; Plaque/Sign; Seating; Trees on Street; Trees within Space,,,Full/Partial,996708,218665,5,124,,POINT (-73.955026 40.766853),False,EAST 72 STREET,422,422,Manhattan|422|EAST 72 STREET,1990,Residential Plaza,24 Hours,Residential Plaza 4757.64 sf,Bicycle Parking; Drinking Fountain; Lighting; Litter Receptacles; Plaque/Sign; Seating; Trees on Street; Trees within Space,,,False,,https://data.cityofnewyork.us/City-Government/Privately-Owned-Public-Spaces-POPS-/rvih-nhyn,https://data.cityofnewyork.us/resource/rvih-nhyn.json?pops_number=M080098,2025-10-14,2026-09-20T19:28:47+00:00,e2a280e21f4fe509dc14d65f2ab6e6b93bab0d41278ad258e7ea01758a870f3f
M080099,Manhattan,750 LEXINGTON AVENUE,International Plaza,1013940013,1075639,40.762669,-73.968262,M080099,Manhattan,1,8,750,LEXINGTON AVENUE,10022,"750 LEXINGTON AVENUE, New York, NY 10022",1394,13,Full blockfront on west side of Lexington Avenue between East 59th and 60th Streets,1986,Completed,Plaza,750 Lexington Avenue Associates,Murphy/Jahn,Murphy/Jahn,Plaza 7597.99 sf,24 Hours,None,,,Full/Partial,993042,217139,4,114.02,,POINT (-73.968262 40.762669),False,LEXINGTON AVENUE,750,750,Manhattan|750|LEXINGTON AVENUE,1986,Plaza,24 Hours,Plaza 7597.99 sf,None,,,False,,https://data.cityofnewyork.us/City-Government/Privately-Owned-Public-Spaces-POPS-/rvih-nhyn,https://data.cityofnewyork.us/resource/rvih-nhyn.json?pops_number=M080099,2025-10-14,2026-09-20T19:28:47+00:00,e2a280e21f4fe509dc14d65f2ab6e6b93bab0d41278ad258e7ea01758a870f3f
M080100,Manhattan,401 EAST 60 STREET,Bridge Tower Place,1014557501,1045271,40.760375,-73.960679,M080100,Manhattan,1,8,401,EAST 60 STREET,10022,"401 EAST 60 STREET, New York, NY 10022",1455,7501,"Full blockfront on east side of First Avenue between East 60th and 61st Streets. Original BBL: 1455/1, 4, 6.",1999,Completed,Residential Plaza,,Costas Kondylis & Associates,Thomas Balsley Associates,Residential Plaza 6736.00 sf,24 Hours,Bicycle Parking; Drinking Fountain; Lighting; Litter Receptacles; Other Required; Planting; Plaque/Sign; Seating; Trees on Street; Trees within Space,stucco treated wall,,Full/Partial,995143,216304,5,106.02,,POINT (-73.960679 40.760375),False,EAST 60 STREET,401,401,Manhattan|401|EAST 60 STREET,1999,Residential Plaza,24 Hours,Residential Plaza 6736.00 sf,Bicycle Parking; Drinking Fountain; Lighting; Litter Receptacles; Other Required; Planting; Plaque/Sign; Seating; Trees on Street; Trees within Space,stucco treated wall,,False,,https://data.cityofnewyork.us/City-Government/Privately-Owned-Public-Spaces-POPS-/rvih-nhyn,https://data.cityofnewyork.us/resource/rvih-nhyn.json?pops_number=M080100,2025-10-14,2026-09-20T19:28:47+00:00,e2a280e21f4fe509dc14d65f2ab6e6b93bab0d41278ad258e7ea01758a870f3f
M080101,Manhattan,205 EAST 92 STREET,The Easton,1015387501,1090174,40.782666,-73.95031,M080101,Manhattan,1,8,205,EAST 92 STREET,10128,"205 EAST 92 STREET, New York, NY 10128",1538,7501,South of East 93rd Street between Second Avenue and Third Avenue,2016,Completed,Non-Bonused Open Area; Public Plaza,Related Companies,Handel Architects,Starr Whitehouse Landcape,Non-Bonused Open Area 0.00 sf; Public Plaza 10678.00 sf,24 Hours,Artwork; Bicycle Parking; Drinking Fountain; Lighting; Litter Receptacles; Other Required; Planting; Plaque/Sign; Retail Frontage; Seating; Tables; Trees on Street; Trees within Space; Water Feature,skylight,,Unknown,998011,224427,5,154,,POINT (-73.95031 40.782666),False,EAST 92 STREET,205,205,Manhattan|205|EAST 92 STREET,2016,Non-Bonused Open Area; Public Plaza,24 Hours,Non-Bonused Open Area 0.00 sf; Public Plaza 10678.00 sf,Artwork; Bicycle Parking; Drinking Fountain; Lighting; Litter Receptacles; Other Required; Planting; Plaque/Sign; Retail Frontage; Seating; Tables; Trees on Street; Trees within Space; Water Feature,skylight,,False,,https://data.cityofnewyork.us/City-Government/Privately-Owned-Public-Spaces-POPS-/rvih-nhyn,https://data.cityofnewyork.us/resource/rvih-nhyn.json?pops_number=M080101,2025-10-14,2026-09-20T19:28:47+00:00,e2a280e21f4fe509dc14d65f2ab6e6b93bab0d41278ad258e7ea01758a870f3f
M080102,Manhattan,2 WEST LOOP ROAD,Cornell Tech,1013730035,1090299,40.755487,-73.956228,M080102,Manhattan,1,8,2,WEST LOOP ROAD,10044,"2 WEST LOOP ROAD, New York, NY 10044",1373,35,,,,Public Access Area,,SOM,James Corner Field Operations,,,,,,,996377,214524,5,238.01,,POINT (-73.956228 40.755487),False,WEST LOOP ROAD,2,2,Manhattan|2|WEST LOOP ROAD,,Public Access Area,,,,,,False,missing_year;missing_required_hours;missing_required_amenities,https://data.cityofnewyork.us/City-Government/Privately-Owned-Public-Spaces-POPS-/rvih-nhyn,https://data.cityofnewyork.us/resource/rvih-nhyn.json?pops_number=M080102,2025-10-14,2026-09-20T19:28:47+00:00,e2a280e21f4fe509dc14d65f2ab6e6b93bab0d41278ad258e7ea01758a870f3f
M090001,Manhattan,614 WEST 131 STREET,Manhattanville,1019970001,1090647,40.817859,-73.958615,M090001,Manhattan,1,9,614,WEST 131 STREET,10027,"614 WEST 131 STREET, New York, NY 10027",1997,1,,,,Grove; Large Square; Midblock Open Area; Small Square,,,,,,Plaque/Sign,,,,995705,237248,7,219,,POINT (-73.958615 40.817859),False,WEST 131 STREET,614,614,Manhattan|614|WEST 131 STREET,,Grove; Large Square; Midblock Open Area; Small Square,,,Plaque/Sign,,,False,missing_year;missing_required_hours,https://data.cityofnewyork.us/City-Government/Privately-Owned-Public-Spaces-POPS-/rvih-nhyn,https://data.cityofnewyork.us/resource/rvih-nhyn.json?pops_number=M090001,2025-10-14,2026-09-20T19:28:47+00:00,e2a280e21f4fe509dc14d65f2ab6e6b93bab0d41278ad258e7ea01758a870f3f
M110001,Manhattan,175 EAST 96 STREET,Monterey,1016240033,1082901,40.785712,-73.949629,M110001,Manhattan,1,11,175,EAST 96 STREET,10128,"175 EAST 96 STREET, New York, NY 10128",1624,33,Northwest corner of Third Avenue and East 96th Street,1992,Completed,Residential Plaza,,Costas Kondylis Architects,Costas Kondylis Architects,Residential Plaza 12720.00 sf,24 Hours,Bicycle Parking; Drinking Fountain; Lighting; Litter Receptacles; Planting; Plaque/Sign; Seating; Trees on Street; Trees within Space,,,Full/Partial,998199,225537,8,158.02,,POINT (-73.949629 40.785712),False,EAST 96 STREET,175,175,Manhattan|175|EAST 96 STREET,1992,Residential Plaza,24 Hours,Residential Plaza 12720.00 sf,Bicycle Parking; Drinking Fountain; Lighting; Litter Receptacles; Planting; Plaque/Sign; Seating; Trees on Street; Trees within Space,,,False,,https://data.cityofnewyork.us/City-Government/Privately-Owned-Public-Spaces-POPS-/rvih-nhyn,https://data.cityofnewyork.us/resource/rvih-nhyn.json?pops_number=M110001,2025-10-14,2026-09-20T19:28:47+00:00,e2a280e21f4fe509dc14d65f2ab6e6b93bab0d41278ad258e7ea01758a870f3f
M110003,Manhattan,60 EAST 112 STREET,Sendero Verde,1016177502,1091648,40.796772,-73.946059,M110003,Manhattan,1,11,60,EAST 112 STREET,10029,"60 EAST 112 STREET, New York, NY 10029",1617,7502,,,Completed,Public Access Area,,"Handel Architects, LLP",DLAND studio,,,,,,,999185,229567,8,174.02,,POINT (-73.946059 40.796772),False,EAST 112 STREET,60,60,Manhattan|60|EAST 112 STREET,,Public Access Area,,,,,,False,missing_year;missing_required_hours;missing_required_amenities,https://data.cityofnewyork.us/City-Government/Privately-Owned-Public-Spaces-POPS-/rvih-nhyn,https://data.cityofnewyork.us/resource/rvih-nhyn.json?pops_number=M110003,2025-10-14,2026-09-20T19:28:47+00:00,e2a280e21f4fe509dc14d65f2ab6e6b93bab0d41278ad258e7ea01758a870f3f
M110004,Manhattan,225 EAST 126 STREET,East Harlem MECC,1017910001,1090333,40.804311,-73.93422,M110004,Manhattan,1,11,225,EAST 126 STREET,10035,"225 EAST 126 STREET, New York, NY 10035",1791,1,,,,'Public Plaza',,,,,,,,,,1002461,232316,8,242,,POINT (-73.93422 40.804311),False,EAST 126 STREET,225,225,Manhattan|225|EAST 126 STREET,,'Public Plaza',,,,,,False,missing_year;missing_required_hours;missing_required_amenities,https://data.cityofnewyork.us/City-Government/Privately-Owned-Public-Spaces-POPS-/rvih-nhyn,https://data.cityofnewyork.us/resource/rvih-nhyn.json?pops_number=M110004,2025-10-14,2026-09-20T19:28:47+00:00,e2a280e21f4fe509dc14d65f2ab6e6b93bab0d41278ad258e7ea01758a870f3f
Q020001,Queens,1 COURT SQUARE,Citicorp at Court Square,4000790030,4307108,40.747058,-73.944064,Q020001,Queens,4,2,1,COURT SQUARE,11101,"1 COURT SQUARE, Queens, NY 11101",79,30,"Block bounded by Jackson Avenue, 45th Avenue, 23rd Street, and 44th Drive",1989,Completed,Landscaped Public Open Space; Pedestrian Circulation Space,,"Skidmore, Owings & Merrill","Skidmore, Owings & Merrill",Landscaped Public Open Space 0.00 sf; Pedestrian Circulation Space 0.00 sf,24 Hours,Escalator; Subway; Trees on Street; Trees within Space,,,Full/Partial,999749,211455,26,19,,POINT (-73.944064 40.747058),False,COURT SQUARE,1,1,Queens|1|COURT SQUARE,1989,Landscaped Public Open Space; Pedestrian Circulation Space,24 Hours,Landscaped Public Open Space 0.00 sf; Pedestrian Circulation Space 0.00 sf,Escalator; Subway; Trees on Street; Trees within Space,,,False,,https://data.cityofnewyork.us/City-Government/Privately-Owned-Public-Spaces-POPS-/rvih-nhyn,https://data.cityofnewyork.us/resource/rvih-nhyn.json?pops_number=Q020001,2025-10-14,2026-09-20T19:28:47+00:00,e2a280e21f4fe509dc14d65f2ab6e6b93bab0d41278ad258e7ea01758a870f3f
Q020002,Queens,69-02 QUEENS BOULEVARD,,4024320009,4000000,40.739699,-73.89534,Q020002,Queens,4,2,69-02,QUEENS BOULEVARD,11377,"69-02 QUEENS BOULEVARD, Queens, NY 11377",2432,9,,,,Pedestrian Walkway,,,RGR Landscape,,,,,,Full/Partial,1013253,208786,26,489,,POINT (-73.89534 40.739699),True,QUEENS BOULEVARD,69002,69002,Queens|69-02|QUEENS BOULEVARD,,Pedestrian Walkway,,,,,,False,bin_placeholder_not_matchable;missing_year;missing_required_hours;missing_required_amenities,https://data.cityofnewyork.us/City-Government/Privately-Owned-Public-Spaces-POPS-/rvih-nhyn,https://data.cityofnewyork.us/resource/rvih-nhyn.json?pops_number=Q020002,2025-10-14,2026-09-20T19:28:47+00:00,e2a280e21f4fe509dc14d65f2ab6e6b93bab0d41278ad258e7ea01758a870f3f
Q060001,Queens,61-01 JUNCTION BOULEVARD,Rego Park Mall,4020807501,4615634,40.733127,-73.863031,Q060001,Queens,4,6,61-01,JUNCTION BOULEVARD,11374,"61-01 JUNCTION BOULEVARD, Queens, NY 11374",2080,7501,"Full block bounded by Horace Harding Expressway, 97th Street, 62nd Drive, and Junction Boulevard",2010,Completed,Publicly Accessible Pedestrian Area,Vornado Realty Trust,Greenberg Farrow,Greenberg Farrow,Publicly Accessible Pedestrian Area 0.00 sf,Restricted Hours,Elevator; Escalator; Lighting; Other Required; Planting; Plaque/Sign; Seating; Tables,"security, kiosk",,Unknown,1022210,206404,24,717.02,,POINT (-73.863031 40.733127),False,JUNCTION BOULEVARD,61001,61001,Queens|61-01|JUNCTION BOULEVARD,2010,Publicly Accessible Pedestrian Area,Restricted Hours,Publicly Accessible Pedestrian Area 0.00 sf,Elevator; Escalator; Lighting; Other Required; Planting; Plaque/Sign; Seating; Tables,"security, kiosk",,False,,https://data.cityofnewyork.us/City-Government/Privately-Owned-Public-Spaces-POPS-/rvih-nhyn,https://data.cityofnewyork.us/resource/rvih-nhyn.json?pops_number=Q060001,2025-10-14,2026-09-20T19:28:47+00:00,e2a280e21f4fe509dc14d65f2ab6e6b93bab0d41278ad258e7ea01758a870f3f
Q070001,Queens,138-35 39 AVENUE,Flushing Commons,4049787502,4607310,40.761235,-73.827713,Q070001,Queens,4,7,138-35,39 AVENUE,11354,"138-35 39 AVENUE, Queens, NY 11354",4978,7502,,,Completed,Publicly Accessible Open Space,,,,,,,,,,1031978,216662,20,871,,POINT (-73.827713 40.761235),False,39 AVENUE,138035,138035,Queens|138-35|39 AVENUE,,Publicly Accessible Open Space,,,,,,False,missing_year;missing_required_hours;missing_required_amenities,https://data.cityofnewyork.us/City-Government/Privately-Owned-Public-Spaces-POPS-/rvih-nhyn,https://data.cityofnewyork.us/resource/rvih-nhyn.json?pops_number=Q070001,2025-10-14,2026-09-20T19:28:47+00:00,e2a280e21f4fe509dc14d65f2ab6e6b93bab0d41278ad258e7ea01758a870f3f
Q140001,Queens,20-52 MOTT AVENUE,Rockaway Village,4155377501,4000000,40.6053,-73.753265,Q140001,Queens,4,14,20-52,MOTT AVENUE,11691,"20-52 MOTT AVENUE, Queens, NY 11691",15537,7501,,,Under Construction,,,Marvel Architects,"W Architecture + Landscape Architecture, LLC",,,,,,Full/Partial,1052762,159900,31,1032.02,,POINT (-73.753265 40.6053),True,MOTT AVENUE,20052,20052,Queens|20-52|MOTT AVENUE,,,,,,,,True,bin_placeholder_not_matchable;missing_year;under_construction;missing_required_hours;missing_required_amenities,https://data.cityofnewyork.us/City-Government/Privately-Owned-Public-Spaces-POPS-/rvih-nhyn,https://data.cityofnewyork.us/resource/rvih-nhyn.json?pops_number=Q140001,2025-10-14,2026-09-20T19:28:47+00:00,e2a280e21f4fe509dc14d65f2ab6e6b93bab0d41278ad258e7ea01758a870f3f
R010001,Staten Island,155 RICHMOND TERRACE,NY Wheel,5000020022,5164632,40.647158,-74.078641,R010001,Staten Island,5,1,155,RICHMOND TERRACE,10301,"155 RICHMOND TERRACE, Staten Island, NY 10301",2,22,Observation wheel and parking garage on northern commuter lot at the St. George ferry terminal.,,,,,Perkins Eastman,MPFP,,,,,,None,962427,175063,49,7,,POINT (-74.078641 40.647158),False,RICHMOND TERRACE,155,155,Staten Island|155|RICHMOND TERRACE,,,,,,,,False,missing_year;missing_required_hours;missing_required_amenities,https://data.cityofnewyork.us/City-Government/Privately-Owned-Public-Spaces-POPS-/rvih-nhyn,https://data.cityofnewyork.us/resource/rvih-nhyn.json?pops_number=R010001,2025-10-14,2026-09-20T19:28:47+00:00,e2a280e21f4fe509dc14d65f2ab6e6b93bab0d41278ad258e7ea01758a870f3f
R020001,Staten Island,475 BRIELLE AVENUE,Landmark Colony,5019550001,5134761,40.59183,-74.13974,R020001,Staten Island,5,2,475,BRIELLE AVENUE,10314,"475 BRIELLE AVENUE, Staten Island, NY 10314",1955,1,,,,Publicly Accessible Open Space,,,,,,,,,None,945440,154927,50,273.02,,POINT (-74.13974 40.59183),False,BRIELLE AVENUE,475,475,Staten Island|475|BRIELLE AVENUE,,Publicly Accessible Open Space,,,,,,False,missing_year;missing_required_hours;missing_required_amenities,https://data.cityofnewyork.us/City-Government/Privately-Owned-Public-Spaces-POPS-/rvih-nhyn,https://data.cityofnewyork.us/resource/rvih-nhyn.json?pops_number=R020001,2025-10-14,2026-09-20T19:28:47+00:00,e2a280e21f4fe509dc14d65f2ab6e6b93bab0d41278ad258e7ea01758a870f3f
X010001,Bronx,671 BROOK AVENUE,La Central,2023610050,2127324,40.817686,-73.913747,X010001,Bronx,2,1,671,BROOK AVENUE,10455,"671 BROOK AVENUE, Bronx, NY 10455",2361,50,,,Completed,Skate Park,,,,,,,,,,1008124,237194,17,71,,POINT (-73.913747 40.817686),False,BROOK AVENUE,671,671,Bronx|671|BROOK AVENUE,,Skate Park,,,,,,False,missing_year;missing_required_hours;missing_required_amenities,https://data.cityofnewyork.us/City-Government/Privately-Owned-Public-Spaces-POPS-/rvih-nhyn,https://data.cityofnewyork.us/resource/rvih-nhyn.json?pops_number=X010001,2025-10-14,2026-09-20T19:28:47+00:00,e2a280e21f4fe509dc14d65f2ab6e6b93bab0d41278ad258e7ea01758a870f3f
X020001,Bronx,1201 SPOFFORD AVENUE,Spofford Campus,2027380035,2000000,40.814348,-73.890006,X020001,Bronx,2,2,1201,SPOFFORD AVENUE,10474,"1201 SPOFFORD AVENUE, Bronx, NY 10474",2738,35,,,,Publicly Accessible Open Space,,,,,,,,,,1014697,235985,17,93,,POINT (-73.890006 40.814348),True,SPOFFORD AVENUE,1201,1201,Bronx|1201|SPOFFORD AVENUE,,Publicly Accessible Open Space,,,,,,False,bin_placeholder_not_matchable;missing_year;missing_required_hours;missing_required_amenities,https://data.cityofnewyork.us/City-Government/Privately-Owned-Public-Spaces-POPS-/rvih-nhyn,https://data.cityofnewyork.us/resource/rvih-nhyn.json?pops_number=X020001,2025-10-14,2026-09-20T19:28:47+00:00,e2a280e21f4fe509dc14d65f2ab6e6b93bab0d41278ad258e7ea01758a870f3f
X030001,Bronx,1560 BOONE AVENUE,,2030147502,2129027,40.833607,-73.884159,X030001,Bronx,2,3,1560,BOONE AVENUE,10460,"1560 BOONE AVENUE, Bronx, NY 10460",3014,7502,,,Completed,Publicly Accessible Open Areas,,,,,,,,,,1016306,243004,17,157,,POINT (-73.884159 40.833607),False,BOONE AVENUE,1560,1560,Bronx|1560|BOONE AVENUE,,Publicly Accessible Open Areas,,,,,,False,missing_year;missing_required_hours;missing_required_amenities,https://data.cityofnewyork.us/City-Government/Privately-Owned-Public-Spaces-POPS-/rvih-nhyn,https://data.cityofnewyork.us/resource/rvih-nhyn.json?pops_number=X030001,2025-10-14,2026-09-20T19:28:47+00:00,e2a280e21f4fe509dc14d65f2ab6e6b93bab0d41278ad258e7ea01758a870f3f
